fecha,real,arima_pred,residuo
1993-07-12,2826.39697265625,,
1993-07-13,2843.39697265625,,
1993-07-14,2851.09716796875,,
1993-07-15,2843.697021484375,,
1993-07-16,2830.4970703125,,
1993-07-19,2822.197021484375,,
1993-07-20,2839.9970703125,,
1993-07-21,2830.4970703125,,
1993-07-22,2838.89697265625,,
1993-07-23,2855.89697265625,,
1993-07-26,2872.9970703125,,
1993-07-27,2876.59716796875,,
1993-07-28,2901.89697265625,,
1993-07-29,2963.197021484375,,
1993-07-30,2981.197021484375,,
1993-08-02,3019.69677734375,,
1993-08-03,2993.9970703125,,
1993-08-04,2985.797119140625,,
1993-08-05,2981.197021484375,,
1993-08-06,2993.797119140625,,
1993-08-09,2989.297119140625,,
1993-08-10,3002.89697265625,,
1993-08-11,3032.396728515625,,
1993-08-12,3086.996826171875,,
1993-08-13,3112.69677734375,,
1993-08-16,3113.896728515625,,
1993-08-17,3166.996826171875,,
1993-08-18,3206.69677734375,,
1993-08-19,3231.19677734375,,
1993-08-20,3229.896728515625,,
1993-08-23,3219.796875,3229.896728515625,-10.099853515625
1993-08-24,3250.896728515625,3219.796875,31.099853515625
1993-08-25,3300.696533203125,3250.896728515625,49.7998046875
1993-08-26,3330.99658203125,3300.696533203125,30.300048828125
1993-08-27,3363.396484375,3330.99658203125,32.39990234375
1993-08-30,3379.0966796875,3363.396484375,15.7001953125
1993-08-31,3360.196533203125,3379.0966796875,-18.900146484375
1993-09-01,3264.396484375,3360.196533203125,-95.800048828125
1993-09-02,3288.896484375,3264.396484375,24.5
1993-09-03,3269.296630859375,3288.896484375,-19.599853515625
1993-09-06,3253.0966796875,3269.296630859375,-16.199951171875
1993-09-07,3271.896484375,3253.0966796875,18.7998046875
1993-09-08,3261.99658203125,3271.896484375,-9.89990234375
1993-09-09,3232.096923828125,3261.99658203125,-29.899658203125
1993-09-10,3183.19677734375,3232.096923828125,-48.900146484375
1993-09-13,3137.896728515625,3183.19677734375,-45.300048828125
1993-09-14,3181.496826171875,3137.896728515625,43.60009765625
1993-09-15,3117.69677734375,3181.496826171875,-63.800048828125
1993-09-16,3120.596923828125,3117.69677734375,2.900146484375
1993-09-17,3139.19677734375,3120.596923828125,18.599853515625
1993-09-20,3187.496826171875,3139.19677734375,48.300048828125
1993-09-21,3170.096923828125,3187.496826171875,-17.39990234375
1993-09-22,3130.996826171875,3170.096923828125,-39.10009765625
1993-09-23,3112.19677734375,3130.996826171875,-18.800048828125
1993-09-24,3101.796875,3112.19677734375,-10.39990234375
1993-09-27,3147.396728515625,3101.796875,45.599853515625
1993-09-28,3171.896728515625,3147.396728515625,24.5
1993-09-29,3171.496826171875,3171.896728515625,-0.39990234375
1993-09-30,3177.296875,3171.496826171875,5.800048828125
1993-10-01,3180.296875,3177.296875,3.0
1993-10-04,3167.596923828125,3180.296875,-12.699951171875
1993-10-05,3210.396728515625,3167.596923828125,42.7998046875
1993-10-06,3242.496826171875,3210.396728515625,32.10009765625
1993-10-07,3237.69677734375,3242.496826171875,-4.800048828125
1993-10-08,3259.696533203125,3237.69677734375,21.999755859375
1993-10-11,3285.196533203125,3259.696533203125,25.5
1993-10-13,3291.296630859375,3285.196533203125,6.10009765625
1993-10-14,3316.896484375,3291.296630859375,25.599853515625
1993-10-15,3339.196533203125,3316.896484375,22.300048828125
1993-10-18,3355.99658203125,3339.196533203125,16.800048828125
1993-10-19,3352.396484375,3355.99658203125,-3.60009765625
1993-10-20,3382.796630859375,3352.396484375,30.400146484375
1993-10-21,3407.796630859375,3382.796630859375,25.0
1993-10-22,3478.0966796875,3407.796630859375,70.300048828125
1993-10-25,3456.5966796875,3478.0966796875,-21.5
1993-10-26,3436.696533203125,3456.5966796875,-19.900146484375
1993-10-27,3396.5966796875,3436.696533203125,-40.099853515625
1993-10-28,3429.296630859375,3396.5966796875,32.699951171875
1993-10-29,3449.5966796875,3429.296630859375,20.300048828125
1993-11-02,3436.796630859375,3449.5966796875,-12.800048828125
1993-11-03,3450.49658203125,3436.796630859375,13.699951171875
1993-11-04,3427.99658203125,3450.49658203125,-22.5
1993-11-05,3348.196533203125,3427.99658203125,-79.800048828125
1993-11-08,3341.796630859375,3348.196533203125,-6.39990234375
1993-11-09,3364.296630859375,3341.796630859375,22.5
1993-11-10,3358.196533203125,3364.296630859375,-6.10009765625
1993-11-11,3358.396484375,3358.196533203125,0.199951171875
1993-11-12,3354.196533203125,3358.396484375,-4.199951171875
1993-11-15,3371.696533203125,3354.196533203125,17.5
1993-11-16,3405.5966796875,3371.696533203125,33.900146484375
1993-11-17,3445.49658203125,3405.5966796875,39.89990234375
1993-11-18,3435.696533203125,3445.49658203125,-9.800048828125
1993-11-19,3415.796630859375,3435.696533203125,-19.89990234375
1993-11-22,3356.5966796875,3415.796630859375,-59.199951171875
1993-11-23,3327.0966796875,3356.5966796875,-29.5
1993-11-24,3288.896484375,3327.0966796875,-38.2001953125
1993-11-25,3320.196533203125,3288.896484375,31.300048828125
1993-11-26,3334.796630859375,3320.196533203125,14.60009765625
1993-11-29,3313.0966796875,3334.796630859375,-21.699951171875
1993-11-30,3280.0966796875,3313.0966796875,-33.0
1993-12-01,3348.49658203125,3280.0966796875,68.39990234375
1993-12-02,3380.896484375,3348.49658203125,32.39990234375
1993-12-03,3417.196533203125,3380.896484375,36.300048828125
1993-12-07,3422.0966796875,3417.196533203125,4.900146484375
1993-12-09,3460.696533203125,3422.0966796875,38.599853515625
1993-12-10,3457.5966796875,3460.696533203125,-3.099853515625
1993-12-13,3460.0966796875,3457.5966796875,2.5
1993-12-14,3417.296630859375,3460.0966796875,-42.800048828125
1993-12-15,3416.99658203125,3417.296630859375,-0.300048828125
1993-12-16,3442.796630859375,3416.99658203125,25.800048828125
1993-12-17,3453.49658203125,3442.796630859375,10.699951171875
1993-12-20,3518.496337890625,3453.49658203125,64.999755859375
1993-12-21,3547.596435546875,3518.496337890625,29.10009765625
1993-12-22,3562.79638671875,3547.596435546875,15.199951171875
1993-12-23,3616.396240234375,3562.79638671875,53.599853515625
1993-12-27,3631.496337890625,3616.396240234375,15.10009765625
1993-12-28,3574.29638671875,3631.496337890625,-57.199951171875
1993-12-29,3512.496337890625,3574.29638671875,-61.800048828125
1993-12-30,3567.596435546875,3512.496337890625,55.10009765625
1993-12-31,3615.1962890625,3567.596435546875,47.599853515625
1994-01-03,3654.496337890625,3615.1962890625,39.300048828125
1994-01-04,3630.29638671875,3654.496337890625,-24.199951171875
1994-01-05,3621.1962890625,3630.29638671875,-9.10009765625
1994-01-07,3636.396240234375,3621.1962890625,15.199951171875
1994-01-10,3660.596435546875,3636.396240234375,24.2001953125
1994-01-11,3712.396240234375,3660.596435546875,51.7998046875
1994-01-12,3680.096435546875,3712.396240234375,-32.2998046875
1994-01-13,3680.79638671875,3680.096435546875,0.699951171875
1994-01-14,3736.39599609375,3680.79638671875,55.599609375
1994-01-17,3729.096435546875,3736.39599609375,-7.299560546875
1994-01-18,3756.99609375,3729.096435546875,27.899658203125
1994-01-19,3811.296142578125,3756.99609375,54.300048828125
1994-01-20,3794.39599609375,3811.296142578125,-16.900146484375
1994-01-21,3790.49609375,3794.39599609375,-3.89990234375
1994-01-24,3762.59619140625,3790.49609375,-27.89990234375
1994-01-25,3811.49609375,3762.59619140625,48.89990234375
1994-01-26,3874.59619140625,3811.49609375,63.10009765625
1994-01-27,3875.89599609375,3874.59619140625,1.2998046875
1994-01-28,3915.696044921875,3875.89599609375,39.800048828125
1994-01-31,3980.495849609375,3915.696044921875,64.7998046875
1994-02-01,3896.89599609375,3980.495849609375,-83.599853515625
1994-02-02,3946.99609375,3896.89599609375,50.10009765625
1994-02-03,3924.59619140625,3946.99609375,-22.39990234375
1994-02-04,3947.39599609375,3924.59619140625,22.7998046875
1994-02-07,3868.796142578125,3947.39599609375,-78.599853515625
1994-02-08,3918.39599609375,3868.796142578125,49.599853515625
1994-02-09,3910.49609375,3918.39599609375,-7.89990234375
1994-02-10,3887.99609375,3910.49609375,-22.5
1994-02-11,3849.296142578125,3887.99609375,-38.699951171875
1994-02-14,3828.49609375,3849.296142578125,-20.800048828125
1994-02-15,3828.49609375,3828.49609375,0.0
1994-02-16,3836.196044921875,3828.49609375,7.699951171875
1994-02-17,3850.49609375,3836.196044921875,14.300048828125
1994-02-18,3808.196044921875,3850.49609375,-42.300048828125
1994-02-21,3728.496337890625,3808.196044921875,-79.69970703125
1994-02-22,3744.296142578125,3728.496337890625,15.7998046875
1994-02-23,3776.99609375,3744.296142578125,32.699951171875
1994-02-24,3709.996337890625,3776.99609375,-66.999755859375
1994-02-25,3704.1962890625,3709.996337890625,-5.800048828125
1994-02-28,3739.696044921875,3704.1962890625,35.499755859375
1994-03-01,3656.79638671875,3739.696044921875,-82.899658203125
1994-03-02,3568.096435546875,3656.79638671875,-88.699951171875
1994-03-03,3625.496337890625,3568.096435546875,57.39990234375
1994-03-04,3688.596435546875,3625.496337890625,63.10009765625
1994-03-07,3757.39599609375,3688.596435546875,68.799560546875
1994-03-08,3726.6962890625,3757.39599609375,-30.69970703125
1994-03-09,3699.29638671875,3726.6962890625,-27.39990234375
1994-03-10,3691.1962890625,3699.29638671875,-8.10009765625
1994-03-11,3665.1962890625,3691.1962890625,-26.0
1994-03-14,3732.396240234375,3665.1962890625,67.199951171875
1994-03-15,3783.296142578125,3732.396240234375,50.89990234375
1994-03-16,3743.59619140625,3783.296142578125,-39.699951171875
1994-03-17,3739.99609375,3743.59619140625,-3.60009765625
1994-03-18,3705.096435546875,3739.99609375,-34.899658203125
1994-03-21,3666.596435546875,3705.096435546875,-38.5
1994-03-22,3669.996337890625,3666.596435546875,3.39990234375
1994-03-23,3682.1962890625,3669.996337890625,12.199951171875
1994-03-24,3624.896240234375,3682.1962890625,-57.300048828125
1994-03-25,3610.096435546875,3624.896240234375,-14.7998046875
1994-03-28,3592.79638671875,3610.096435546875,-17.300048828125
1994-03-29,3552.1962890625,3592.79638671875,-40.60009765625
1994-03-30,3489.0966796875,3552.1962890625,-63.099609375
1994-03-31,3489.0966796875,3489.0966796875,0.0
1994-04-05,3483.396484375,3489.0966796875,-5.7001953125
1994-04-06,3521.096435546875,3483.396484375,37.699951171875
1994-04-07,3525.29638671875,3521.096435546875,4.199951171875
1994-04-08,3556.396240234375,3525.29638671875,31.099853515625
1994-04-11,3587.396240234375,3556.396240234375,31.0
1994-04-12,3589.496337890625,3587.396240234375,2.10009765625
1994-04-13,3545.496337890625,3589.496337890625,-44.0
1994-04-14,3498.596435546875,3545.496337890625,-46.89990234375
1994-04-15,3460.196533203125,3498.596435546875,-38.39990234375
1994-04-18,3361.696533203125,3460.196533203125,-98.5
1994-04-19,3394.396484375,3361.696533203125,32.699951171875
1994-04-20,3344.896484375,3394.396484375,-49.5
1994-04-21,3364.396484375,3344.896484375,19.5
1994-04-22,3459.696533203125,3364.396484375,95.300048828125
1994-04-25,3459.696533203125,3459.696533203125,0.0
1994-04-26,3497.896240234375,3459.696533203125,38.19970703125
1994-04-27,3534.996337890625,3497.896240234375,37.10009765625
1994-04-28,3504.29638671875,3534.996337890625,-30.699951171875
1994-04-29,3520.6962890625,3504.29638671875,16.39990234375
1994-05-03,3431.99658203125,3520.6962890625,-88.69970703125
1994-05-04,3363.5966796875,3431.99658203125,-68.39990234375
1994-05-05,3425.796630859375,3363.5966796875,62.199951171875
1994-05-06,3447.0966796875,3425.796630859375,21.300048828125
1994-05-09,3397.49658203125,3447.0966796875,-49.60009765625
1994-05-10,3476.99658203125,3397.49658203125,79.5
1994-05-11,3481.696533203125,3476.99658203125,4.699951171875
1994-05-12,3547.496337890625,3481.696533203125,65.7998046875
1994-05-13,3569.896240234375,3547.496337890625,22.39990234375
1994-05-16,3622.596435546875,3569.896240234375,52.7001953125
1994-05-17,3626.1962890625,3622.596435546875,3.599853515625
1994-05-18,3645.996337890625,3626.1962890625,19.800048828125
1994-05-19,3626.29638671875,3645.996337890625,-19.699951171875
1994-05-20,3663.896240234375,3626.29638671875,37.599853515625
1994-05-23,3649.596435546875,3663.896240234375,-14.2998046875
1994-05-24,3631.496337890625,3649.596435546875,-18.10009765625
1994-05-25,3556.596435546875,3631.496337890625,-74.89990234375
1994-05-26,3578.096435546875,3556.596435546875,21.5
1994-05-27,3560.896240234375,3578.096435546875,-17.2001953125
1994-05-30,3561.896240234375,3560.896240234375,1.0
1994-05-31,3512.596435546875,3561.896240234375,-49.2998046875
1994-06-01,3439.696533203125,3512.596435546875,-72.89990234375
1994-06-02,3476.296630859375,3439.696533203125,36.60009765625
1994-06-03,3507.396240234375,3476.296630859375,31.099609375
1994-06-06,3509.396240234375,3507.396240234375,2.0
1994-06-07,3465.99658203125,3509.396240234375,-43.399658203125
1994-06-08,3484.196533203125,3465.99658203125,18.199951171875
1994-06-09,3465.896484375,3484.196533203125,-18.300048828125
1994-06-10,3495.6962890625,3465.896484375,29.7998046875
1994-06-13,3439.99658203125,3495.6962890625,-55.69970703125
1994-06-14,3455.296630859375,3439.99658203125,15.300048828125
1994-06-15,3399.5966796875,3455.296630859375,-55.699951171875
1994-06-16,3329.796630859375,3399.5966796875,-69.800048828125
1994-06-17,3296.196533203125,3329.796630859375,-33.60009765625
1994-06-20,3237.896728515625,3296.196533203125,-58.2998046875
1994-06-21,3166.496826171875,3237.896728515625,-71.39990234375
1994-06-22,3215.296875,3166.496826171875,48.800048828125
1994-06-23,3264.0966796875,3215.296875,48.7998046875
1994-06-24,3188.996826171875,3264.0966796875,-75.099853515625
1994-06-27,3174.296875,3188.996826171875,-14.699951171875
1994-06-28,3228.896728515625,3174.296875,54.599853515625
1994-06-29,3238.796875,3228.896728515625,9.900146484375
1994-06-30,3200.69677734375,3238.796875,-38.10009765625
1994-07-01,3182.396728515625,3200.69677734375,-18.300048828125
1994-07-04,3204.096923828125,3182.396728515625,21.7001953125
1994-07-05,3136.596923828125,3204.096923828125,-67.5
1994-07-06,3093.896728515625,3136.596923828125,-42.7001953125
1994-07-07,3093.796875,3093.896728515625,-0.099853515625
1994-07-08,3118.596923828125,3093.796875,24.800048828125
1994-07-11,3147.69677734375,3118.596923828125,29.099853515625
1994-07-12,3183.596923828125,3147.69677734375,35.900146484375
1994-07-13,3217.396728515625,3183.596923828125,33.7998046875
1994-07-14,3235.69677734375,3217.396728515625,18.300048828125
1994-07-15,3233.996826171875,3235.69677734375,-1.699951171875
1994-07-18,3263.896484375,3233.996826171875,29.899658203125
1994-07-19,3273.196533203125,3263.896484375,9.300048828125
1994-07-20,3253.5966796875,3273.196533203125,-19.599853515625
1994-07-21,3254.796630859375,3253.5966796875,1.199951171875
1994-07-22,3288.396484375,3254.796630859375,33.599853515625
1994-07-25,3304.796630859375,3288.396484375,16.400146484375
1994-07-26,3353.99658203125,3304.796630859375,49.199951171875
1994-07-27,3336.296630859375,3353.99658203125,-17.699951171875
1994-07-28,3313.896484375,3336.296630859375,-22.400146484375
1994-07-29,3364.196533203125,3313.896484375,50.300048828125
1994-08-01,3427.896484375,3364.196533203125,63.699951171875
1994-08-02,3445.896484375,3427.896484375,18.0
1994-08-03,3434.396484375,3445.896484375,-11.5
1994-08-04,3432.99658203125,3434.396484375,-1.39990234375
1994-08-05,3454.296630859375,3432.99658203125,21.300048828125
1994-08-08,3469.196533203125,3454.296630859375,14.89990234375
1994-08-09,3438.396484375,3469.196533203125,-30.800048828125
1994-08-10,3440.196533203125,3438.396484375,1.800048828125
1994-08-11,3408.196533203125,3440.196533203125,-32.0
1994-08-12,3342.896484375,3408.196533203125,-65.300048828125
1994-08-15,3342.896484375,3342.896484375,0.0
1994-08-16,3320.0966796875,3342.896484375,-22.7998046875
1994-08-17,3301.296630859375,3320.0966796875,-18.800048828125
1994-08-18,3273.0966796875,3301.296630859375,-28.199951171875
1994-08-19,3260.396484375,3273.0966796875,-12.7001953125
1994-08-22,3228.896728515625,3260.396484375,-31.499755859375
1994-08-23,3246.796875,3228.896728515625,17.900146484375
1994-08-24,3267.896484375,3246.796875,21.099609375
1994-08-25,3290.196533203125,3267.896484375,22.300048828125
1994-08-26,3322.896484375,3290.196533203125,32.699951171875
1994-08-29,3366.696533203125,3322.896484375,43.800048828125
1994-08-30,3352.196533203125,3366.696533203125,-14.5
1994-08-31,3336.99658203125,3352.196533203125,-15.199951171875
1994-09-01,3276.796630859375,3336.99658203125,-60.199951171875
1994-09-02,3239.69677734375,3276.796630859375,-37.099853515625
1994-09-05,3189.496826171875,3239.69677734375,-50.199951171875
1994-09-06,3135.19677734375,3189.496826171875,-54.300048828125
1994-09-07,3176.496826171875,3135.19677734375,41.300048828125
1994-09-08,3262.49658203125,3176.496826171875,85.999755859375
1994-09-09,3232.69677734375,3262.49658203125,-29.7998046875
1994-09-12,3184.69677734375,3232.69677734375,-48.0
1994-09-13,3227.096923828125,3184.69677734375,42.400146484375
1994-09-14,3208.496826171875,3227.096923828125,-18.60009765625
1994-09-15,3259.0966796875,3208.496826171875,50.599853515625
1994-09-16,3218.596923828125,3259.0966796875,-40.499755859375
1994-09-19,3210.096923828125,3218.596923828125,-8.5
1994-09-20,3166.096923828125,3210.096923828125,-44.0
1994-09-21,3142.69677734375,3166.096923828125,-23.400146484375
1994-09-22,3140.896728515625,3142.69677734375,-1.800048828125
1994-09-23,3193.69677734375,3140.896728515625,52.800048828125
1994-09-26,3175.596923828125,3193.69677734375,-18.099853515625
1994-09-27,3175.69677734375,3175.596923828125,0.099853515625
1994-09-28,3234.896728515625,3175.69677734375,59.199951171875
1994-09-29,3192.19677734375,3234.896728515625,-42.699951171875
1994-09-30,3176.596923828125,3192.19677734375,-15.599853515625
1994-10-03,3149.096923828125,3176.596923828125,-27.5
1994-10-04,3165.19677734375,3149.096923828125,16.099853515625
1994-10-05,3099.996826171875,3165.19677734375,-65.199951171875
1994-10-06,3105.296875,3099.996826171875,5.300048828125
1994-10-07,3122.896728515625,3105.296875,17.599853515625
1994-10-10,3159.296875,3122.896728515625,36.400146484375
1994-10-11,3173.396728515625,3159.296875,14.099853515625
1994-10-13,3277.99658203125,3173.396728515625,104.599853515625
1994-10-14,3246.996826171875,3277.99658203125,-30.999755859375
1994-10-17,3242.796875,3246.996826171875,-4.199951171875
1994-10-18,3189.396728515625,3242.796875,-53.400146484375
1994-10-19,3188.19677734375,3189.396728515625,-1.199951171875
1994-10-20,3184.19677734375,3188.19677734375,-4.0
1994-10-21,3149.19677734375,3184.19677734375,-35.0
1994-10-24,3154.996826171875,3149.19677734375,5.800048828125
1994-10-25,3107.996826171875,3154.996826171875,-47.0
1994-10-26,3101.396728515625,3107.996826171875,-6.60009765625
1994-10-27,3131.096923828125,3101.396728515625,29.7001953125
1994-10-28,3186.596923828125,3131.096923828125,55.5
1994-10-31,3194.496826171875,3186.596923828125,7.89990234375
1994-11-02,3155.69677734375,3194.496826171875,-38.800048828125
1994-11-03,3185.496826171875,3155.69677734375,29.800048828125
1994-11-04,3202.896728515625,3185.496826171875,17.39990234375
1994-11-07,3172.69677734375,3202.896728515625,-30.199951171875
1994-11-08,3166.096923828125,3172.69677734375,-6.599853515625
1994-11-10,3232.296875,3166.096923828125,66.199951171875
1994-11-11,3229.296875,3232.296875,-3.0
1994-11-14,3259.49658203125,3229.296875,30.19970703125
1994-11-15,3306.196533203125,3259.49658203125,46.699951171875
1994-11-16,3278.196533203125,3306.196533203125,-28.0
1994-11-17,3272.49658203125,3278.196533203125,-5.699951171875
1994-11-18,3286.696533203125,3272.49658203125,14.199951171875
1994-11-21,3308.796630859375,3286.696533203125,22.10009765625
1994-11-22,3286.296630859375,3308.796630859375,-22.5
1994-11-23,3253.49658203125,3286.296630859375,-32.800048828125
1994-11-24,3275.99658203125,3253.49658203125,22.5
1994-11-25,3296.196533203125,3275.99658203125,20.199951171875
1994-11-28,3298.396484375,3296.196533203125,2.199951171875
1994-11-29,3262.49658203125,3298.396484375,-35.89990234375
1994-11-30,3287.0966796875,3262.49658203125,24.60009765625
1994-12-01,3272.696533203125,3287.0966796875,-14.400146484375
1994-12-02,3290.5966796875,3272.696533203125,17.900146484375
1994-12-05,3323.296630859375,3290.5966796875,32.699951171875
1994-12-07,3318.896484375,3323.296630859375,-4.400146484375
1994-12-09,3293.896484375,3318.896484375,-25.0
1994-12-12,3271.896484375,3293.896484375,-22.0
1994-12-13,3266.696533203125,3271.896484375,-5.199951171875
1994-12-14,3261.796630859375,3266.696533203125,-4.89990234375
1994-12-15,3238.096923828125,3261.796630859375,-23.69970703125
1994-12-16,3250.496826171875,3238.096923828125,12.39990234375
1994-12-19,3230.296875,3250.496826171875,-20.199951171875
1994-12-20,3193.496826171875,3230.296875,-36.800048828125
1994-12-21,3173.496826171875,3193.496826171875,-20.0
1994-12-22,3168.69677734375,3173.496826171875,-4.800048828125
1994-12-23,3189.296875,3168.69677734375,20.60009765625
1994-12-27,3088.096923828125,3189.296875,-101.199951171875
1994-12-28,3029.496826171875,3088.096923828125,-58.60009765625
1994-12-29,3036.096923828125,3029.496826171875,6.60009765625
1994-12-30,3087.69677734375,3036.096923828125,51.599853515625
1995-01-02,3092.19677734375,3087.69677734375,4.5
1995-01-03,3110.396728515625,3092.19677734375,18.199951171875
1995-01-04,3107.19677734375,3110.396728515625,-3.199951171875
1995-01-05,3046.996826171875,3107.19677734375,-60.199951171875
1995-01-09,3003.59716796875,3046.996826171875,-43.399658203125
1995-01-10,2987.797119140625,3003.59716796875,-15.800048828125
1995-01-11,2957.697021484375,2987.797119140625,-30.10009765625
1995-01-12,2963.09716796875,2957.697021484375,5.400146484375
1995-01-13,3004.697021484375,2963.09716796875,41.599853515625
1995-01-16,3041.69677734375,3004.697021484375,36.999755859375
1995-01-17,3036.396728515625,3041.69677734375,-5.300048828125
1995-01-18,3041.19677734375,3036.396728515625,4.800048828125
1995-01-19,3053.096923828125,3041.19677734375,11.900146484375
1995-01-20,3023.296875,3053.096923828125,-29.800048828125
1995-01-23,2962.89697265625,3023.296875,-60.39990234375
1995-01-24,2987.89697265625,2962.89697265625,25.0
1995-01-25,3008.09716796875,2987.89697265625,20.2001953125
1995-01-26,3043.296875,3008.09716796875,35.19970703125
1995-01-27,3048.69677734375,3043.296875,5.39990234375
1995-01-30,3038.19677734375,3048.69677734375,-10.5
1995-01-31,3040.096923828125,3038.19677734375,1.900146484375
1995-02-01,3071.996826171875,3040.096923828125,31.89990234375
1995-02-02,3082.496826171875,3071.996826171875,10.5
1995-02-03,3131.896728515625,3082.496826171875,49.39990234375
1995-02-06,3153.896728515625,3131.896728515625,22.0
1995-02-07,3142.096923828125,3153.896728515625,-11.7998046875
1995-02-08,3124.896728515625,3142.096923828125,-17.2001953125
1995-02-09,3144.796875,3124.896728515625,19.900146484375
1995-02-10,3151.996826171875,3144.796875,7.199951171875
1995-02-13,3123.496826171875,3151.996826171875,-28.5
1995-02-14,3150.69677734375,3123.496826171875,27.199951171875
1995-02-15,3141.69677734375,3150.69677734375,-9.0
1995-02-16,3107.896728515625,3141.69677734375,-33.800048828125
1995-02-17,3089.896728515625,3107.896728515625,-18.0
1995-02-20,3055.796875,3089.896728515625,-34.099853515625
1995-02-21,3058.996826171875,3055.796875,3.199951171875
1995-02-22,3045.596923828125,3058.996826171875,-13.39990234375
1995-02-23,3072.596923828125,3045.596923828125,27.0
1995-02-24,3051.496826171875,3072.596923828125,-21.10009765625
1995-02-27,3012.096923828125,3051.496826171875,-39.39990234375
1995-02-28,3024.496826171875,3012.096923828125,12.39990234375
1995-03-01,3037.596923828125,3024.496826171875,13.10009765625
1995-03-02,3091.896728515625,3037.596923828125,54.2998046875
1995-03-03,3056.296875,3091.896728515625,-35.599853515625
1995-03-06,3054.396728515625,3056.296875,-1.900146484375
1995-03-07,2976.09716796875,3054.396728515625,-78.299560546875
1995-03-08,2914.89697265625,2976.09716796875,-61.2001953125
1995-03-09,2871.09716796875,2914.89697265625,-43.7998046875
1995-03-10,2893.697021484375,2871.09716796875,22.599853515625
1995-03-13,2885.39697265625,2893.697021484375,-8.300048828125
1995-03-14,2921.4970703125,2885.39697265625,36.10009765625
1995-03-15,2886.39697265625,2921.4970703125,-35.10009765625
1995-03-16,2917.4970703125,2886.39697265625,31.10009765625
1995-03-17,2889.197021484375,2917.4970703125,-28.300048828125
1995-03-21,2896.89697265625,2889.197021484375,7.699951171875
1995-03-22,2888.39697265625,2896.89697265625,-8.5
1995-03-23,2865.09716796875,2888.39697265625,-23.2998046875
1995-03-24,2885.39697265625,2865.09716796875,20.2998046875
1995-03-27,2911.59716796875,2885.39697265625,26.2001953125
1995-03-28,2898.09716796875,2911.59716796875,-13.5
1995-03-29,2883.59716796875,2898.09716796875,-14.5
1995-03-30,2946.4970703125,2883.59716796875,62.89990234375
1995-03-31,2931.697021484375,2946.4970703125,-14.800048828125
1995-04-03,2933.297119140625,2931.697021484375,1.60009765625
1995-04-04,2985.4970703125,2933.297119140625,52.199951171875
1995-04-05,3009.39697265625,2985.4970703125,23.89990234375
1995-04-06,2989.797119140625,3009.39697265625,-19.599853515625
1995-04-07,3007.59716796875,2989.797119140625,17.800048828125
1995-04-10,3016.69677734375,3007.59716796875,9.099609375
1995-04-11,3005.9970703125,3016.69677734375,-10.69970703125
1995-04-12,3011.197021484375,3005.9970703125,5.199951171875
1995-04-17,3035.296875,3011.197021484375,24.099853515625
1995-04-18,3011.39697265625,3035.296875,-23.89990234375
1995-04-19,2992.39697265625,3011.39697265625,-19.0
1995-04-20,2987.797119140625,2992.39697265625,-4.599853515625
1995-04-21,3005.297119140625,2987.797119140625,17.5
1995-04-24,3008.697021484375,3005.297119140625,3.39990234375
1995-04-25,3013.19677734375,3008.697021484375,4.499755859375
1995-04-26,3027.796875,3013.19677734375,14.60009765625
1995-04-27,3075.796875,3027.796875,48.0
1995-04-28,3091.896728515625,3075.796875,16.099853515625
1995-05-03,3161.19677734375,3091.896728515625,69.300048828125
1995-05-04,3193.19677734375,3161.19677734375,32.0
1995-05-05,3191.296875,3193.19677734375,-1.89990234375
1995-05-08,3251.996826171875,3191.296875,60.699951171875
1995-05-09,3271.896484375,3251.996826171875,19.899658203125
1995-05-10,3290.296630859375,3271.896484375,18.400146484375
1995-05-11,3282.49658203125,3290.296630859375,-7.800048828125
1995-05-12,3240.896728515625,3282.49658203125,-41.599853515625
1995-05-16,3233.896728515625,3240.896728515625,-7.0
1995-05-17,3230.19677734375,3233.896728515625,-3.699951171875
1995-05-18,3225.396728515625,3230.19677734375,-4.800048828125
1995-05-19,3212.19677734375,3225.396728515625,-13.199951171875
1995-05-22,3267.896484375,3212.19677734375,55.69970703125
1995-05-23,3297.296630859375,3267.896484375,29.400146484375
1995-05-24,3316.196533203125,3297.296630859375,18.89990234375
1995-05-25,3253.796630859375,3316.196533203125,-62.39990234375
1995-05-26,3230.796875,3253.796630859375,-22.999755859375
1995-05-29,3210.19677734375,3230.796875,-20.60009765625
1995-05-30,3225.996826171875,3210.19677734375,15.800048828125
1995-05-31,3226.496826171875,3225.996826171875,0.5
1995-06-01,3253.196533203125,3226.496826171875,26.69970703125
1995-06-02,3260.396484375,3253.196533203125,7.199951171875
1995-06-05,3269.0966796875,3260.396484375,8.7001953125
1995-06-06,3261.49658203125,3269.0966796875,-7.60009765625
1995-06-07,3249.996826171875,3261.49658203125,-11.499755859375
1995-06-08,3264.5966796875,3249.996826171875,14.599853515625
1995-06-09,3242.796875,3264.5966796875,-21.7998046875
1995-06-12,3214.19677734375,3242.796875,-28.60009765625
1995-06-13,3235.296875,3214.19677734375,21.10009765625
1995-06-14,3237.496826171875,3235.296875,2.199951171875
1995-06-15,3230.796875,3237.496826171875,-6.699951171875
1995-06-16,3223.496826171875,3230.796875,-7.300048828125
1995-06-19,3235.69677734375,3223.496826171875,12.199951171875
1995-06-20,3223.496826171875,3235.69677734375,-12.199951171875
1995-06-21,3217.496826171875,3223.496826171875,-6.0
1995-06-22,3236.69677734375,3217.496826171875,19.199951171875
1995-06-23,3260.0966796875,3236.69677734375,23.39990234375
1995-06-26,3261.49658203125,3260.0966796875,1.39990234375
1995-06-27,3259.99658203125,3261.49658203125,-1.5
1995-06-28,3234.296875,3259.99658203125,-25.69970703125
1995-06-29,3223.496826171875,3234.296875,-10.800048828125
1995-06-30,3219.096923828125,3223.496826171875,-4.39990234375
1995-07-03,3219.596923828125,3219.096923828125,0.5
1995-07-04,3240.396728515625,3219.596923828125,20.7998046875
1995-07-05,3245.596923828125,3240.396728515625,5.2001953125
1995-07-06,3232.496826171875,3245.596923828125,-13.10009765625
1995-07-07,3316.99658203125,3232.496826171875,84.499755859375
1995-07-10,3343.396484375,3316.99658203125,26.39990234375
1995-07-11,3376.296630859375,3343.396484375,32.900146484375
1995-07-12,3367.99658203125,3376.296630859375,-8.300048828125
1995-07-13,3344.896484375,3367.99658203125,-23.10009765625
1995-07-14,3330.0966796875,3344.896484375,-14.7998046875
1995-07-17,3355.696533203125,3330.0966796875,25.599853515625
1995-07-18,3321.296630859375,3355.696533203125,-34.39990234375
1995-07-19,3312.796630859375,3321.296630859375,-8.5
1995-07-20,3279.696533203125,3312.796630859375,-33.10009765625
1995-07-21,3288.896484375,3279.696533203125,9.199951171875
1995-07-24,3330.99658203125,3288.896484375,42.10009765625
1995-07-25,3349.396484375,3330.99658203125,18.39990234375
1995-07-26,3363.296630859375,3349.396484375,13.900146484375
1995-07-27,3377.99658203125,3363.296630859375,14.699951171875
1995-07-28,3359.196533203125,3377.99658203125,-18.800048828125
1995-07-31,3373.396484375,3359.196533203125,14.199951171875
1995-08-01,3389.696533203125,3373.396484375,16.300048828125
1995-08-02,3461.396484375,3389.696533203125,71.699951171875
1995-08-03,3453.696533203125,3461.396484375,-7.699951171875
1995-08-04,3474.296630859375,3453.696533203125,20.60009765625
1995-08-07,3482.896484375,3474.296630859375,8.599853515625
1995-08-08,3470.99658203125,3482.896484375,-11.89990234375
1995-08-09,3459.196533203125,3470.99658203125,-11.800048828125
1995-08-10,3481.296630859375,3459.196533203125,22.10009765625
1995-08-11,3510.896240234375,3481.296630859375,29.599609375
1995-08-14,3497.79638671875,3510.896240234375,-13.099853515625
1995-08-16,3526.896240234375,3497.79638671875,29.099853515625
1995-08-17,3511.1962890625,3526.896240234375,-15.699951171875
1995-08-18,3513.6962890625,3511.1962890625,2.5
1995-08-21,3514.396240234375,3513.6962890625,0.699951171875
1995-08-22,3493.996337890625,3514.396240234375,-20.39990234375
1995-08-23,3492.896484375,3493.996337890625,-1.099853515625
1995-08-24,3513.79638671875,3492.896484375,20.89990234375
1995-08-25,3516.79638671875,3513.79638671875,3.0
1995-08-28,3494.29638671875,3516.79638671875,-22.5
1995-08-29,3474.396484375,3494.29638671875,-19.89990234375
1995-08-30,3472.396484375,3474.396484375,-2.0
1995-08-31,3432.796630859375,3472.396484375,-39.599853515625
1995-09-01,3453.99658203125,3432.796630859375,21.199951171875
1995-09-04,3455.99658203125,3453.99658203125,2.0
1995-09-05,3455.49658203125,3455.99658203125,-0.5
1995-09-06,3479.99658203125,3455.49658203125,24.5
1995-09-07,3472.396484375,3479.99658203125,-7.60009765625
1995-09-08,3489.796630859375,3472.396484375,17.400146484375
1995-09-11,3513.496337890625,3489.796630859375,23.69970703125
1995-09-12,3526.396240234375,3513.496337890625,12.89990234375
1995-09-13,3541.6962890625,3526.396240234375,15.300048828125
1995-09-14,3537.896240234375,3541.6962890625,-3.800048828125
1995-09-15,3521.396240234375,3537.896240234375,-16.5
1995-09-18,3496.29638671875,3521.396240234375,-25.099853515625
1995-09-19,3513.79638671875,3496.29638671875,17.5
1995-09-20,3507.096435546875,3513.79638671875,-6.699951171875
1995-09-21,3496.29638671875,3507.096435546875,-10.800048828125
1995-09-22,3423.396484375,3496.29638671875,-72.89990234375
1995-09-25,3382.796630859375,3423.396484375,-40.599853515625
1995-09-26,3401.796630859375,3382.796630859375,19.0
1995-09-27,3361.0966796875,3401.796630859375,-40.699951171875
1995-09-28,3343.396484375,3361.0966796875,-17.7001953125
1995-09-29,3376.796630859375,3343.396484375,33.400146484375
1995-10-02,3361.396484375,3376.796630859375,-15.400146484375
1995-10-03,3338.296630859375,3361.396484375,-23.099853515625
1995-10-04,3340.5966796875,3338.296630859375,2.300048828125
1995-10-05,3319.796630859375,3340.5966796875,-20.800048828125
1995-10-06,3275.696533203125,3319.796630859375,-44.10009765625
1995-10-09,3227.896728515625,3275.696533203125,-47.7998046875
1995-10-10,3244.796875,3227.896728515625,16.900146484375
1995-10-11,3271.5966796875,3244.796875,26.7998046875
1995-10-13,3334.896484375,3271.5966796875,63.2998046875
1995-10-16,3318.296630859375,3334.896484375,-16.599853515625
1995-10-17,3306.49658203125,3318.296630859375,-11.800048828125
1995-10-18,3327.99658203125,3306.49658203125,21.5
1995-10-19,3313.0966796875,3327.99658203125,-14.89990234375
1995-10-20,3263.99658203125,3313.0966796875,-49.10009765625
1995-10-23,3189.19677734375,3263.99658203125,-74.7998046875
1995-10-24,3200.996826171875,3189.19677734375,11.800048828125
1995-10-25,3255.99658203125,3200.996826171875,54.999755859375
1995-10-26,3231.496826171875,3255.99658203125,-24.499755859375
1995-10-27,3214.796875,3231.496826171875,-16.699951171875
1995-10-30,3252.19677734375,3214.796875,37.39990234375
1995-10-31,3277.296630859375,3252.19677734375,25.099853515625
1995-11-02,3287.396484375,3277.296630859375,10.099853515625
1995-11-03,3277.99658203125,3287.396484375,-9.39990234375
1995-11-06,3269.696533203125,3277.99658203125,-8.300048828125
1995-11-07,3305.796630859375,3269.696533203125,36.10009765625
1995-11-08,3316.5966796875,3305.796630859375,10.800048828125
1995-11-09,3316.796630859375,3316.5966796875,0.199951171875
1995-11-10,3298.796630859375,3316.796630859375,-18.0
1995-11-13,3305.696533203125,3298.796630859375,6.89990234375
1995-11-14,3325.5966796875,3305.696533203125,19.900146484375
1995-11-15,3319.696533203125,3325.5966796875,-5.900146484375
1995-11-16,3364.396484375,3319.696533203125,44.699951171875
1995-11-17,3349.196533203125,3364.396484375,-15.199951171875
1995-11-20,3384.296630859375,3349.196533203125,35.10009765625
1995-11-21,3395.796630859375,3384.296630859375,11.5
1995-11-22,3454.796630859375,3395.796630859375,59.0
1995-11-23,3466.696533203125,3454.796630859375,11.89990234375
1995-11-24,3510.29638671875,3466.696533203125,43.599853515625
1995-11-27,3514.396240234375,3510.29638671875,4.099853515625
1995-11-28,3491.49658203125,3514.396240234375,-22.899658203125
1995-11-29,3504.596435546875,3491.49658203125,13.099853515625
1995-11-30,3510.096435546875,3504.596435546875,5.5
1995-12-01,3543.496337890625,3510.096435546875,33.39990234375
1995-12-04,3530.896240234375,3543.496337890625,-12.60009765625
1995-12-05,3538.79638671875,3530.896240234375,7.900146484375
1995-12-07,3528.396240234375,3538.79638671875,-10.400146484375
1995-12-11,3545.396240234375,3528.396240234375,17.0
1995-12-12,3546.496337890625,3545.396240234375,1.10009765625
1995-12-13,3532.996337890625,3546.496337890625,-13.5
1995-12-14,3554.29638671875,3532.996337890625,21.300048828125
1995-12-15,3577.096435546875,3554.29638671875,22.800048828125
1995-12-18,3566.396240234375,3577.096435546875,-10.7001953125
1995-12-19,3528.996337890625,3566.396240234375,-37.39990234375
1995-12-20,3601.496337890625,3528.996337890625,72.5
1995-12-21,3623.6962890625,3601.496337890625,22.199951171875
1995-12-22,3633.79638671875,3623.6962890625,10.10009765625
1995-12-26,3633.79638671875,3633.79638671875,0.0
1995-12-27,3537.396240234375,3633.79638671875,-96.400146484375
1995-12-28,3599.1962890625,3537.396240234375,61.800048828125
1995-12-29,3630.79638671875,3599.1962890625,31.60009765625
1996-01-02,3685.396240234375,3630.79638671875,54.599853515625
1996-01-03,3717.6962890625,3685.396240234375,32.300048828125
1996-01-04,3718.1962890625,3717.6962890625,0.5
1996-01-05,3693.496337890625,3718.1962890625,-24.699951171875
1996-01-08,3696.596435546875,3693.496337890625,3.10009765625
1996-01-09,3689.6962890625,3696.596435546875,-6.900146484375
1996-01-10,3655.6962890625,3689.6962890625,-34.0
1996-01-11,3651.29638671875,3655.6962890625,-4.39990234375
1996-01-12,3679.29638671875,3651.29638671875,28.0
1996-01-15,3680.096435546875,3679.29638671875,0.800048828125
1996-01-16,3703.596435546875,3680.096435546875,23.5
1996-01-17,3718.29638671875,3703.596435546875,14.699951171875
1996-01-18,3735.39599609375,3718.29638671875,17.099609375
1996-01-19,3742.09619140625,3735.39599609375,6.7001953125
1996-01-22,3733.496337890625,3742.09619140625,-8.599853515625
1996-01-23,3710.79638671875,3733.496337890625,-22.699951171875
1996-01-24,3735.796142578125,3710.79638671875,24.999755859375
1996-01-25,3752.99609375,3735.796142578125,17.199951171875
1996-01-26,3720.6962890625,3752.99609375,-32.2998046875
1996-01-29,3678.596435546875,3720.6962890625,-42.099853515625
1996-01-30,3707.096435546875,3678.596435546875,28.5
1996-01-31,3734.496337890625,3707.096435546875,27.39990234375
1996-02-01,3750.89599609375,3734.496337890625,16.399658203125
1996-02-02,3727.396240234375,3750.89599609375,-23.499755859375
1996-02-05,3680.79638671875,3727.396240234375,-46.599853515625
1996-02-06,3694.596435546875,3680.79638671875,13.800048828125
1996-02-07,3697.896240234375,3694.596435546875,3.2998046875
1996-02-08,3660.396240234375,3697.896240234375,-37.5
1996-02-09,3685.396240234375,3660.396240234375,25.0
1996-02-12,3691.496337890625,3685.396240234375,6.10009765625
1996-02-13,3731.996337890625,3691.496337890625,40.5
1996-02-14,3729.396240234375,3731.996337890625,-2.60009765625
1996-02-15,3786.09619140625,3729.396240234375,56.699951171875
1996-02-16,3790.09619140625,3786.09619140625,4.0
1996-02-19,3781.99609375,3790.09619140625,-8.10009765625
1996-02-20,3780.196044921875,3781.99609375,-1.800048828125
1996-02-21,3837.39599609375,3780.196044921875,57.199951171875
1996-02-22,3863.59619140625,3837.39599609375,26.2001953125
1996-02-23,3862.09619140625,3863.59619140625,-1.5
1996-02-26,3847.49609375,3862.09619140625,-14.60009765625
1996-02-27,3858.196044921875,3847.49609375,10.699951171875
1996-02-28,3909.89599609375,3858.196044921875,51.699951171875
1996-02-29,3915.49609375,3909.89599609375,5.60009765625
1996-03-01,3918.196044921875,3915.49609375,2.699951171875
1996-03-04,3713.79638671875,3918.196044921875,-204.399658203125
1996-03-05,3652.79638671875,3713.79638671875,-61.0
1996-03-06,3720.79638671875,3652.79638671875,68.0
1996-03-07,3755.196044921875,3720.79638671875,34.399658203125
1996-03-08,3762.296142578125,3755.196044921875,7.10009765625
1996-03-11,3703.496337890625,3762.296142578125,-58.7998046875
1996-03-12,3694.29638671875,3703.496337890625,-9.199951171875
1996-03-13,3688.6962890625,3694.29638671875,-5.60009765625
1996-03-14,3700.596435546875,3688.6962890625,11.900146484375
1996-03-15,3685.79638671875,3700.596435546875,-14.800048828125
1996-03-18,3717.6962890625,3685.79638671875,31.89990234375
1996-03-19,3746.99609375,3717.6962890625,29.2998046875
1996-03-20,3746.99609375,3746.99609375,0.0
1996-03-21,3810.09619140625,3746.99609375,63.10009765625
1996-03-22,3791.49609375,3810.09619140625,-18.60009765625
1996-03-25,3842.39599609375,3791.49609375,50.89990234375
1996-03-26,3823.696044921875,3842.39599609375,-18.699951171875
1996-03-27,3839.39599609375,3823.696044921875,15.699951171875
1996-03-28,3830.196044921875,3839.39599609375,-9.199951171875
1996-03-29,3857.09619140625,3830.196044921875,26.900146484375
1996-04-01,3862.696044921875,3857.09619140625,5.599853515625
1996-04-02,3879.89599609375,3862.696044921875,17.199951171875
1996-04-03,3894.796142578125,3879.89599609375,14.900146484375
1996-04-08,3850.59619140625,3894.796142578125,-44.199951171875
1996-04-09,3886.196044921875,3850.59619140625,35.599853515625
1996-04-10,3910.99609375,3886.196044921875,24.800048828125
1996-04-11,3888.696044921875,3910.99609375,-22.300048828125
1996-04-12,3918.09619140625,3888.696044921875,29.400146484375
1996-04-15,3949.59619140625,3918.09619140625,31.5
1996-04-16,3954.196044921875,3949.59619140625,4.599853515625
1996-04-17,3964.196044921875,3954.196044921875,10.0
1996-04-18,3984.595947265625,3964.196044921875,20.39990234375
1996-04-19,4038.495849609375,3984.595947265625,53.89990234375
1996-04-22,4070.2958984375,4038.495849609375,31.800048828125
1996-04-23,4058.495849609375,4070.2958984375,-11.800048828125
1996-04-24,4070.595947265625,4058.495849609375,12.10009765625
1996-04-25,4095.995849609375,4070.595947265625,25.39990234375
1996-04-26,4124.29541015625,4095.995849609375,28.299560546875
1996-04-29,4112.19580078125,4124.29541015625,-12.099609375
1996-04-30,4082.895751953125,4112.19580078125,-29.300048828125
1996-05-03,4060.7958984375,4082.895751953125,-22.099853515625
1996-05-06,4062.895751953125,4060.7958984375,2.099853515625
1996-05-07,4036.495849609375,4062.895751953125,-26.39990234375
1996-05-08,4004.095947265625,4036.495849609375,-32.39990234375
1996-05-09,4015.095947265625,4004.095947265625,11.0
1996-05-10,4057.895751953125,4015.095947265625,42.7998046875
1996-05-13,4062.895751953125,4057.895751953125,5.0
1996-05-14,4068.995849609375,4062.895751953125,6.10009765625
1996-05-16,4067.595947265625,4068.995849609375,-1.39990234375
1996-05-17,4109.69580078125,4067.595947265625,42.099853515625
1996-05-20,4143.3955078125,4109.69580078125,33.69970703125
1996-05-21,4155.19580078125,4143.3955078125,11.80029296875
1996-05-22,4128.095703125,4155.19580078125,-27.10009765625
1996-05-23,4137.595703125,4128.095703125,9.5
1996-05-24,4137.49560546875,4137.595703125,-0.10009765625
1996-05-27,4150.69580078125,4137.49560546875,13.2001953125
1996-05-28,4166.8955078125,4150.69580078125,16.19970703125
1996-05-29,4155.29541015625,4166.8955078125,-11.60009765625
1996-05-30,4125.99560546875,4155.29541015625,-29.2998046875
1996-05-31,4111.69580078125,4125.99560546875,-14.2998046875
1996-06-03,4088.69580078125,4111.69580078125,-23.0
1996-06-04,4116.49560546875,4088.69580078125,27.7998046875
1996-06-05,4125.19580078125,4116.49560546875,8.7001953125
1996-06-06,4168.3955078125,4125.19580078125,43.19970703125
1996-06-07,4136.49560546875,4168.3955078125,-31.89990234375
1996-06-10,4173.19580078125,4136.49560546875,36.7001953125
1996-06-11,4224.3955078125,4173.19580078125,51.19970703125
1996-06-12,4255.595703125,4224.3955078125,31.2001953125
1996-06-13,4241.99560546875,4255.595703125,-13.60009765625
1996-06-14,4237.095703125,4241.99560546875,-4.89990234375
1996-06-17,4223.99560546875,4237.095703125,-13.10009765625
1996-06-18,4250.99560546875,4223.99560546875,27.0
1996-06-19,4228.19580078125,4250.99560546875,-22.7998046875
1996-06-20,4211.49560546875,4228.19580078125,-16.7001953125
1996-06-21,4241.49560546875,4211.49560546875,30.0
1996-06-24,4264.3955078125,4241.49560546875,22.89990234375
1996-06-25,4269.3955078125,4264.3955078125,5.0
1996-06-26,4257.99560546875,4269.3955078125,-11.39990234375
1996-06-27,4233.095703125,4257.99560546875,-24.89990234375
1996-06-28,4264.095703125,4233.095703125,31.0
1996-07-01,4278.29541015625,4264.095703125,14.19970703125
1996-07-02,4255.8955078125,4278.29541015625,-22.39990234375
1996-07-03,4228.69580078125,4255.8955078125,-27.19970703125
1996-07-04,4249.69580078125,4228.69580078125,21.0
1996-07-05,4192.69580078125,4249.69580078125,-57.0
1996-07-08,4192.99560546875,4192.69580078125,0.2998046875
1996-07-09,4209.99560546875,4192.99560546875,17.0
1996-07-10,4209.99560546875,4209.99560546875,0.0
1996-07-11,4151.19580078125,4209.99560546875,-58.7998046875
1996-07-12,4114.69580078125,4151.19580078125,-36.5
1996-07-15,4056.7958984375,4114.69580078125,-57.89990234375
1996-07-16,3985.495849609375,4056.7958984375,-71.300048828125
1996-07-17,4001.895751953125,3985.495849609375,16.39990234375
1996-07-18,4037.095947265625,4001.895751953125,35.2001953125
1996-07-19,4055.095947265625,4037.095947265625,18.0
1996-07-22,3995.495849609375,4055.095947265625,-59.60009765625
1996-07-23,4029.895751953125,3995.495849609375,34.39990234375
1996-07-24,3976.495849609375,4029.895751953125,-53.39990234375
1996-07-25,4010.7958984375,3976.495849609375,34.300048828125
1996-07-26,3964.296142578125,4010.7958984375,-46.499755859375
1996-07-29,3935.696044921875,3964.296142578125,-28.60009765625
1996-07-30,3932.39599609375,3935.696044921875,-3.300048828125
1996-07-31,3979.395751953125,3932.39599609375,46.999755859375
1996-08-01,4039.995849609375,3979.395751953125,60.60009765625
1996-08-02,4120.19580078125,4039.995849609375,80.199951171875
1996-08-05,4120.19580078125,4120.19580078125,0.0
1996-08-06,4100.99560546875,4120.19580078125,-19.2001953125
1996-08-07,4072.395751953125,4100.99560546875,-28.599853515625
1996-08-08,4070.095947265625,4072.395751953125,-2.2998046875
1996-08-09,4030.495849609375,4070.095947265625,-39.60009765625
1996-08-12,4018.895751953125,4030.495849609375,-11.60009765625
1996-08-13,4030.595947265625,4018.895751953125,11.7001953125
1996-08-14,4025.69580078125,4030.595947265625,-4.900146484375
1996-08-16,4051.995849609375,4025.69580078125,26.300048828125
1996-08-19,4012.2958984375,4051.995849609375,-39.699951171875
1996-08-20,4022.19580078125,4012.2958984375,9.89990234375
1996-08-21,3997.7958984375,4022.19580078125,-24.39990234375
1996-08-22,4060.19580078125,3997.7958984375,62.39990234375
1996-08-23,4069.995849609375,4060.19580078125,9.800048828125
1996-08-26,4040.995849609375,4069.995849609375,-29.0
1996-08-27,4075.495849609375,4040.995849609375,34.5
1996-08-28,4084.495849609375,4075.495849609375,9.0
1996-08-29,4046.19580078125,4084.495849609375,-38.300048828125
1996-08-30,4025.495849609375,4046.19580078125,-20.699951171875
1996-09-02,4033.595947265625,4025.495849609375,8.10009765625
1996-09-03,4003.995849609375,4033.595947265625,-29.60009765625
1996-09-04,3966.196044921875,4003.995849609375,-37.7998046875
1996-09-05,3953.296142578125,3966.196044921875,-12.89990234375
1996-09-06,3963.09619140625,3953.296142578125,9.800048828125
1996-09-09,3987.895751953125,3963.09619140625,24.799560546875
1996-09-10,4003.69580078125,3987.895751953125,15.800048828125
1996-09-11,4001.2958984375,4003.69580078125,-2.39990234375
1996-09-12,4030.395751953125,4001.2958984375,29.099853515625
1996-09-13,4079.2958984375,4030.395751953125,48.900146484375
1996-09-16,4101.595703125,4079.2958984375,22.2998046875
1996-09-17,4083.595947265625,4101.595703125,-17.999755859375
1996-09-18,4069.7958984375,4083.595947265625,-13.800048828125
1996-09-19,4082.19580078125,4069.7958984375,12.39990234375
1996-09-20,4093.595947265625,4082.19580078125,11.400146484375
1996-09-23,4097.99560546875,4093.595947265625,4.399658203125
1996-09-24,4135.69580078125,4097.99560546875,37.7001953125
1996-09-25,4177.79541015625,4135.69580078125,42.099609375
1996-09-26,4213.8955078125,4177.79541015625,36.10009765625
1996-09-27,4195.095703125,4213.8955078125,-18.7998046875
1996-09-30,4215.595703125,4195.095703125,20.5
1996-10-01,4239.69580078125,4215.595703125,24.10009765625
1996-10-02,4262.3955078125,4239.69580078125,22.69970703125
1996-10-03,4243.8955078125,4262.3955078125,-18.5
1996-10-04,4266.29541015625,4243.8955078125,22.39990234375
1996-10-07,4271.29541015625,4266.29541015625,5.0
1996-10-08,4277.095703125,4271.29541015625,5.80029296875
1996-10-09,4257.79541015625,4277.095703125,-19.30029296875
1996-10-10,4247.49560546875,4257.79541015625,-10.2998046875
1996-10-11,4243.095703125,4247.49560546875,-4.39990234375
1996-10-14,4266.095703125,4243.095703125,23.0
1996-10-15,4328.3955078125,4266.095703125,62.2998046875
1996-10-16,4295.49560546875,4328.3955078125,-32.89990234375
1996-10-17,4322.29541015625,4295.49560546875,26.7998046875
1996-10-18,4377.3955078125,4322.29541015625,55.10009765625
1996-10-21,4402.595703125,4377.3955078125,25.2001953125
1996-10-22,4403.3955078125,4402.595703125,0.7998046875
1996-10-23,4384.79541015625,4403.3955078125,-18.60009765625
1996-10-24,4406.69580078125,4384.79541015625,21.900390625
1996-10-25,4396.8955078125,4406.69580078125,-9.80029296875
1996-10-28,4383.595703125,4396.8955078125,-13.2998046875
1996-10-29,4352.19580078125,4383.595703125,-31.39990234375
1996-10-30,4308.79541015625,4352.19580078125,-43.400390625
1996-10-31,4306.69580078125,4308.79541015625,-2.099609375
1996-11-04,4316.595703125,4306.69580078125,9.89990234375
1996-11-05,4373.8955078125,4316.595703125,57.2998046875
1996-11-06,4427.29541015625,4373.8955078125,53.39990234375
1996-11-07,4433.69580078125,4427.29541015625,6.400390625
1996-11-08,4428.095703125,4433.69580078125,-5.60009765625
1996-11-11,4421.3955078125,4428.095703125,-6.7001953125
1996-11-12,4459.49560546875,4421.3955078125,38.10009765625
1996-11-13,4469.8955078125,4459.49560546875,10.39990234375
1996-11-14,4492.8955078125,4469.8955078125,23.0
1996-11-15,4489.8955078125,4492.8955078125,-3.0
1996-11-18,4483.69580078125,4489.8955078125,-6.19970703125
1996-11-19,4506.8955078125,4483.69580078125,23.19970703125
1996-11-20,4512.8955078125,4506.8955078125,6.0
1996-11-21,4511.595703125,4512.8955078125,-1.2998046875
1996-11-22,4544.29541015625,4511.595703125,32.69970703125
1996-11-25,4584.794921875,4544.29541015625,40.49951171875
1996-11-26,4597.1953125,4584.794921875,12.400390625
1996-11-27,4566.49560546875,4597.1953125,-30.69970703125
1996-11-28,4616.6953125,4566.49560546875,50.19970703125
1996-11-29,4667.794921875,4616.6953125,51.099609375
1996-12-02,4683.4951171875,4667.794921875,15.7001953125
1996-12-03,4757.1953125,4683.4951171875,73.7001953125
1996-12-04,4724.4951171875,4757.1953125,-32.7001953125
1996-12-05,4713.9951171875,4724.4951171875,-10.5
1996-12-09,4704.09521484375,4713.9951171875,-9.89990234375
1996-12-10,4753.1953125,4704.09521484375,49.10009765625
1996-12-11,4677.794921875,4753.1953125,-75.400390625
1996-12-12,4663.89501953125,4677.794921875,-13.89990234375
1996-12-13,4650.9951171875,4663.89501953125,-12.89990234375
1996-12-16,4750.39501953125,4650.9951171875,99.39990234375
1996-12-17,4733.294921875,4750.39501953125,-17.10009765625
1996-12-18,4815.59521484375,4733.294921875,82.30029296875
1996-12-19,4908.89501953125,4815.59521484375,93.2998046875
1996-12-20,4966.794921875,4908.89501953125,57.89990234375
1996-12-23,4996.4951171875,4966.794921875,29.7001953125
1996-12-26,4815.59521484375,4996.4951171875,-180.89990234375
1996-12-27,5106.99462890625,4815.59521484375,291.3994140625
1996-12-30,5144.99462890625,5106.99462890625,38.0
1996-12-31,5154.79443359375,5144.99462890625,9.7998046875
1997-01-02,5018.59521484375,5154.79443359375,-136.19921875
1997-01-03,5141.0947265625,5018.59521484375,122.49951171875
1997-01-07,5161.5947265625,5141.0947265625,20.5
1997-01-08,5221.49462890625,5161.5947265625,59.89990234375
1997-01-09,5231.39453125,5221.49462890625,9.89990234375
1997-01-10,5258.69482421875,5231.39453125,27.30029296875
1997-01-13,5351.69482421875,5258.69482421875,93.0
1997-01-14,5350.19482421875,5351.69482421875,-1.5
1997-01-15,5327.29443359375,5350.19482421875,-22.900390625
1997-01-16,5384.79443359375,5327.29443359375,57.5
1997-01-17,5470.19482421875,5384.79443359375,85.400390625
1997-01-20,5470.19482421875,5470.19482421875,0.0
1997-01-21,5516.39453125,5470.19482421875,46.19970703125
1997-01-22,5463.0947265625,5516.39453125,-53.2998046875
1997-01-23,5450.69482421875,5463.0947265625,-12.39990234375
1997-01-24,5324.69482421875,5450.69482421875,-126.0
1997-01-27,5253.89453125,5324.69482421875,-70.80029296875
1997-01-28,5353.79443359375,5253.89453125,99.89990234375
1997-01-29,5279.99462890625,5353.79443359375,-73.7998046875
1997-01-30,5256.69482421875,5279.99462890625,-23.2998046875
1997-01-31,5327.39453125,5256.69482421875,70.69970703125
1997-02-03,5294.0947265625,5327.39453125,-33.2998046875
1997-02-04,5297.5947265625,5294.0947265625,3.5
1997-02-05,5378.99462890625,5297.5947265625,81.39990234375
1997-02-06,5415.5947265625,5378.99462890625,36.60009765625
1997-02-07,5449.79443359375,5415.5947265625,34.19970703125
1997-02-10,5447.29443359375,5449.79443359375,-2.5
1997-02-11,5419.19482421875,5447.29443359375,-28.099609375
1997-02-12,5435.39453125,5419.19482421875,16.19970703125
1997-02-13,5458.19482421875,5435.39453125,22.80029296875
1997-02-14,5499.29443359375,5458.19482421875,41.099609375
1997-02-17,5509.0947265625,5499.29443359375,9.80029296875
1997-02-18,5505.19482421875,5509.0947265625,-3.89990234375
1997-02-19,5481.39453125,5505.19482421875,-23.80029296875
1997-02-20,5434.79443359375,5481.39453125,-46.60009765625
1997-02-21,5377.89453125,5434.79443359375,-56.89990234375
1997-02-24,5296.49462890625,5377.89453125,-81.39990234375
1997-02-25,5333.89453125,5296.49462890625,37.39990234375
1997-02-26,5311.39453125,5333.89453125,-22.5
1997-02-27,5357.49462890625,5311.39453125,46.10009765625
1997-02-28,5305.39453125,5357.49462890625,-52.10009765625
1997-03-03,5273.99462890625,5305.39453125,-31.39990234375
1997-03-04,5336.69482421875,5273.99462890625,62.7001953125
1997-03-05,5319.0947265625,5336.69482421875,-17.60009765625
1997-03-06,5402.69482421875,5319.0947265625,83.60009765625
1997-03-07,5503.0947265625,5402.69482421875,100.39990234375
1997-03-10,5620.6943359375,5503.0947265625,117.599609375
1997-03-11,5603.09423828125,5620.6943359375,-17.60009765625
1997-03-12,5537.5947265625,5603.09423828125,-65.49951171875
1997-03-13,5566.6943359375,5537.5947265625,29.099609375
1997-03-14,5568.09423828125,5566.6943359375,1.39990234375
1997-03-17,5458.5947265625,5568.09423828125,-109.49951171875
1997-03-18,5414.79443359375,5458.5947265625,-43.80029296875
1997-03-19,5432.0947265625,5414.79443359375,17.30029296875
1997-03-20,5355.49462890625,5432.0947265625,-76.60009765625
1997-03-21,5357.69482421875,5355.49462890625,2.2001953125
1997-03-24,5349.29443359375,5357.69482421875,-8.400390625
1997-03-25,5438.79443359375,5349.29443359375,89.5
1997-03-26,5520.69482421875,5438.79443359375,81.900390625
1997-03-31,5424.29443359375,5520.69482421875,-96.400390625
1997-04-01,5326.49462890625,5424.29443359375,-97.7998046875
1997-04-02,5310.39453125,5326.49462890625,-16.10009765625
1997-04-03,5279.89453125,5310.39453125,-30.5
1997-04-04,5336.0947265625,5279.89453125,56.2001953125
1997-04-07,5461.0947265625,5336.0947265625,125.0
1997-04-08,5482.79443359375,5461.0947265625,21.69970703125
1997-04-09,5527.19482421875,5482.79443359375,44.400390625
1997-04-10,5488.29443359375,5527.19482421875,-38.900390625
1997-04-11,5441.39453125,5488.29443359375,-46.89990234375
1997-04-14,5452.5947265625,5441.39453125,11.2001953125
1997-04-15,5585.89404296875,5452.5947265625,133.29931640625
1997-04-16,5587.994140625,5585.89404296875,2.10009765625
1997-04-17,5629.2939453125,5587.994140625,41.2998046875
1997-04-18,5628.09423828125,5629.2939453125,-1.19970703125
1997-04-21,5670.89404296875,5628.09423828125,42.7998046875
1997-04-22,5729.994140625,5670.89404296875,59.10009765625
1997-04-23,5802.2939453125,5729.994140625,72.2998046875
1997-04-24,5772.6943359375,5802.2939453125,-29.599609375
1997-04-25,5732.59423828125,5772.6943359375,-40.10009765625
1997-04-28,5757.2939453125,5732.59423828125,24.69970703125
1997-04-29,5838.1943359375,5757.2939453125,80.900390625
1997-04-30,5909.2939453125,5838.1943359375,71.099609375
1997-05-05,6059.8935546875,5909.2939453125,150.599609375
1997-05-06,6043.19384765625,6059.8935546875,-16.69970703125
1997-05-07,6042.59375,6043.19384765625,-0.60009765625
1997-05-08,6064.8935546875,6042.59375,22.2998046875
1997-05-09,6128.09375,6064.8935546875,63.2001953125
1997-05-12,6283.69384765625,6128.09375,155.60009765625
1997-05-13,6324.19384765625,6283.69384765625,40.5
1997-05-14,6304.3935546875,6324.19384765625,-19.80029296875
1997-05-16,6253.8935546875,6304.3935546875,-50.5
1997-05-19,6228.69384765625,6253.8935546875,-25.19970703125
1997-05-20,6299.8935546875,6228.69384765625,71.19970703125
1997-05-21,6448.99365234375,6299.8935546875,149.10009765625
1997-05-22,6402.19384765625,6448.99365234375,-46.7998046875
1997-05-23,6432.29345703125,6402.19384765625,30.099609375
1997-05-26,6582.193359375,6432.29345703125,149.89990234375
1997-05-27,6675.4931640625,6582.193359375,93.2998046875
1997-05-28,6522.29296875,6675.4931640625,-153.2001953125
1997-05-29,6416.49365234375,6522.29296875,-105.79931640625
1997-05-30,6300.79345703125,6416.49365234375,-115.7001953125
1997-06-02,6298.09375,6300.79345703125,-2.69970703125
1997-06-03,6404.79345703125,6298.09375,106.69970703125
1997-06-04,6411.3935546875,6404.79345703125,6.60009765625
1997-06-05,6514.39306640625,6411.3935546875,102.99951171875
1997-06-06,6616.193359375,6514.39306640625,101.80029296875
1997-06-09,6511.4931640625,6616.193359375,-104.7001953125
1997-06-10,6514.4931640625,6511.4931640625,3.0
1997-06-11,6565.693359375,6514.4931640625,51.2001953125
1997-06-12,6673.09326171875,6565.693359375,107.39990234375
1997-06-13,6685.29296875,6673.09326171875,12.19970703125
1997-06-16,6627.193359375,6685.29296875,-58.099609375
1997-06-17,6543.79296875,6627.193359375,-83.400390625
1997-06-18,6619.693359375,6543.79296875,75.900390625
1997-06-19,6674.79296875,6619.693359375,55.099609375
1997-06-20,6761.89306640625,6674.79296875,87.10009765625
1997-06-23,6801.9931640625,6761.89306640625,40.10009765625
1997-06-24,6797.09326171875,6801.9931640625,-4.89990234375
1997-06-25,6913.193359375,6797.09326171875,116.10009765625
1997-06-26,6934.4931640625,6913.193359375,21.2998046875
1997-06-27,6939.39306640625,6934.4931640625,4.89990234375
1997-06-30,6884.59326171875,6939.39306640625,-54.7998046875
1997-07-01,6969.89306640625,6884.59326171875,85.2998046875
1997-07-02,7094.99267578125,6969.89306640625,125.099609375
1997-07-03,7174.392578125,7094.99267578125,79.39990234375
1997-07-04,7174.29248046875,7174.392578125,-0.10009765625
1997-07-07,7204.49267578125,7174.29248046875,30.2001953125
1997-07-08,7139.0927734375,7204.49267578125,-65.39990234375
1997-07-09,7164.69287109375,7139.0927734375,25.60009765625
1997-07-10,7095.19287109375,7164.69287109375,-69.5
1997-07-11,7112.49267578125,7095.19287109375,17.2998046875
1997-07-14,7169.392578125,7112.49267578125,56.89990234375
1997-07-15,7064.0927734375,7169.392578125,-105.2998046875
1997-07-16,7136.0927734375,7064.0927734375,72.0
1997-07-17,7034.79248046875,7136.0927734375,-101.30029296875
1997-07-18,6846.193359375,7034.79248046875,-188.59912109375
1997-07-21,6768.29296875,6846.193359375,-77.900390625
1997-07-22,6963.193359375,6768.29296875,194.900390625
1997-07-23,6958.89306640625,6963.193359375,-4.30029296875
1997-07-24,6756.09326171875,6958.89306640625,-202.7998046875
1997-07-28,6817.693359375,6756.09326171875,61.60009765625
1997-07-29,6697.09326171875,6817.693359375,-120.60009765625
1997-07-30,6868.29296875,6697.09326171875,171.19970703125
1997-07-31,6810.89306640625,6868.29296875,-57.39990234375
1997-08-01,6730.4931640625,6810.89306640625,-80.39990234375
1997-08-04,6625.89306640625,6730.4931640625,-104.60009765625
1997-08-05,6664.39306640625,6625.89306640625,38.5
1997-08-06,6835.09326171875,6664.39306640625,170.7001953125
1997-08-07,6864.09326171875,6835.09326171875,29.0
1997-08-08,6783.09326171875,6864.09326171875,-81.0
1997-08-11,6782.193359375,6783.09326171875,-0.89990234375
1997-08-12,6817.89306640625,6782.193359375,35.69970703125
1997-08-13,6723.39306640625,6817.89306640625,-94.5
1997-08-14,6708.4931640625,6723.39306640625,-14.89990234375
1997-08-18,6552.193359375,6708.4931640625,-156.2998046875
1997-08-19,6674.09326171875,6552.193359375,121.89990234375
1997-08-20,6779.29296875,6674.09326171875,105.19970703125
1997-08-21,6716.193359375,6779.29296875,-63.099609375
1997-08-22,6630.39306640625,6716.193359375,-85.80029296875
1997-08-25,6674.39306640625,6630.39306640625,44.0
1997-08-26,6600.9931640625,6674.39306640625,-73.39990234375
1997-08-27,6578.9931640625,6600.9931640625,-22.0
1997-08-28,6556.693359375,6578.9931640625,-22.2998046875
1997-08-29,6532.29296875,6556.693359375,-24.400390625
1997-09-01,6599.09326171875,6532.29296875,66.80029296875
1997-09-02,6702.39306640625,6599.09326171875,103.2998046875
1997-09-03,6692.29296875,6702.39306640625,-10.10009765625
1997-09-04,6694.39306640625,6692.29296875,2.10009765625
1997-09-05,6759.4931640625,6694.39306640625,65.10009765625
1997-09-08,6796.09326171875,6759.4931640625,36.60009765625
1997-09-09,6783.79296875,6796.09326171875,-12.30029296875
1997-09-10,6745.693359375,6783.79296875,-38.099609375
1997-09-11,6694.9931640625,6745.693359375,-50.7001953125
1997-09-12,6671.4931640625,6694.9931640625,-23.5
1997-09-15,6778.59326171875,6671.4931640625,107.10009765625
1997-09-16,6879.89306640625,6778.59326171875,101.2998046875
1997-09-17,6884.29296875,6879.89306640625,4.39990234375
1997-09-18,6965.4931640625,6884.29296875,81.2001953125
1997-09-19,6975.59326171875,6965.4931640625,10.10009765625
1997-09-22,7116.99267578125,6975.59326171875,141.3994140625
1997-09-23,7102.892578125,7116.99267578125,-14.10009765625
1997-09-24,7198.69287109375,7102.892578125,95.80029296875
1997-09-25,7125.392578125,7198.69287109375,-73.30029296875
1997-09-26,7205.892578125,7125.392578125,80.5
1997-09-29,7219.49267578125,7205.892578125,13.60009765625
1997-09-30,7269.69287109375,7219.49267578125,50.2001953125
1997-10-01,7331.892578125,7269.69287109375,62.19970703125
1997-10-02,7250.79248046875,7331.892578125,-81.10009765625
1997-10-03,7239.0927734375,7250.79248046875,-11.69970703125
1997-10-06,7089.69287109375,7239.0927734375,-149.39990234375
1997-10-07,7120.892578125,7089.69287109375,31.19970703125
1997-10-08,6986.39306640625,7120.892578125,-134.49951171875
1997-10-09,6772.09326171875,6986.39306640625,-214.2998046875
1997-10-10,6826.193359375,6772.09326171875,54.10009765625
1997-10-13,6863.09326171875,6826.193359375,36.89990234375
1997-10-14,6830.59326171875,6863.09326171875,-32.5
1997-10-15,6754.89306640625,6830.59326171875,-75.7001953125
1997-10-16,6766.09326171875,6754.89306640625,11.2001953125
1997-10-17,6664.193359375,6766.09326171875,-101.89990234375
1997-10-20,6678.79296875,6664.193359375,14.599609375
1997-10-21,6854.193359375,6678.79296875,175.400390625
1997-10-22,6826.693359375,6854.193359375,-27.5
1997-10-23,6656.9931640625,6826.693359375,-169.7001953125
1997-10-24,6604.79296875,6656.9931640625,-52.2001953125
1997-10-27,6313.8935546875,6604.79296875,-290.8994140625
1997-10-28,6049.8935546875,6313.8935546875,-264.0
1997-10-29,6391.99365234375,6049.8935546875,342.10009765625
1997-10-30,6463.3935546875,6391.99365234375,71.39990234375
1997-10-31,6380.3935546875,6463.3935546875,-83.0
1997-11-03,6445.29345703125,6380.3935546875,64.89990234375
1997-11-04,6450.99365234375,6445.29345703125,5.7001953125
1997-11-05,6515.09326171875,6450.99365234375,64.099609375
1997-11-06,6481.29345703125,6515.09326171875,-33.7998046875
1997-11-07,6317.49365234375,6481.29345703125,-163.7998046875
1997-11-10,6277.99365234375,6317.49365234375,-39.5
1997-11-11,6220.99365234375,6277.99365234375,-57.0
1997-11-12,6151.09375,6220.99365234375,-69.89990234375
1997-11-13,6239.29345703125,6151.09375,88.19970703125
1997-11-14,6299.29345703125,6239.29345703125,60.0
1997-11-17,6512.4931640625,6299.29345703125,213.19970703125
1997-11-18,6537.09326171875,6512.4931640625,24.60009765625
1997-11-19,6557.79296875,6537.09326171875,20.69970703125
1997-11-20,6766.39306640625,6557.79296875,208.60009765625
1997-11-21,6825.693359375,6766.39306640625,59.30029296875
1997-11-24,6670.29296875,6825.693359375,-155.400390625
1997-11-25,6741.29296875,6670.29296875,71.0
1997-11-26,6856.39306640625,6741.29296875,115.10009765625
1997-11-27,6919.59326171875,6856.39306640625,63.2001953125
1997-11-28,6932.09326171875,6919.59326171875,12.5
1997-12-01,7135.99267578125,6932.09326171875,203.8994140625
1997-12-02,7136.5927734375,7135.99267578125,0.60009765625
1997-12-03,7092.49267578125,7136.5927734375,-44.10009765625
1997-12-04,7187.99267578125,7092.49267578125,95.5
1997-12-05,7196.99267578125,7187.99267578125,9.0
1997-12-09,7260.99267578125,7196.99267578125,64.0
1997-12-10,7158.49267578125,7260.99267578125,-102.5
1997-12-11,7003.19287109375,7158.49267578125,-155.2998046875
1997-12-12,7059.69287109375,7003.19287109375,56.5
1997-12-15,7123.5927734375,7059.69287109375,63.89990234375
1997-12-16,7250.892578125,7123.5927734375,127.2998046875
1997-12-17,7243.392578125,7250.892578125,-7.5
1997-12-18,7224.29248046875,7243.392578125,-19.10009765625
1997-12-19,7045.69287109375,7224.29248046875,-178.599609375
1997-12-22,7062.5927734375,7045.69287109375,16.89990234375
1997-12-23,7070.19287109375,7062.5927734375,7.60009765625
1997-12-26,7049.79248046875,7070.19287109375,-20.400390625
1997-12-29,7277.392578125,7049.79248046875,227.60009765625
1997-12-30,7335.0927734375,7277.392578125,57.7001953125
1997-12-31,7255.392578125,7335.0927734375,-79.7001953125
1998-01-02,7451.392578125,7255.392578125,196.0
1998-01-05,7591.7919921875,7451.392578125,140.3994140625
1998-01-07,7548.9921875,7591.7919921875,-42.7998046875
1998-01-08,7482.1923828125,7548.9921875,-66.7998046875
1998-01-09,7455.29248046875,7482.1923828125,-26.89990234375
1998-01-12,7390.49267578125,7455.29248046875,-64.7998046875
1998-01-13,7492.1923828125,7390.49267578125,101.69970703125
1998-01-14,7550.59228515625,7492.1923828125,58.39990234375
1998-01-15,7578.2919921875,7550.59228515625,27.69970703125
1998-01-16,7723.89208984375,7578.2919921875,145.60009765625
1998-01-19,7732.39208984375,7723.89208984375,8.5
1998-01-20,7807.09228515625,7732.39208984375,74.7001953125
1998-01-21,7812.09228515625,7807.09228515625,5.0
1998-01-22,7839.2919921875,7812.09228515625,27.19970703125
1998-01-23,7749.09228515625,7839.2919921875,-90.19970703125
1998-01-26,7853.9921875,7749.09228515625,104.89990234375
1998-01-27,7924.59228515625,7853.9921875,70.60009765625
1998-01-28,7953.591796875,7924.59228515625,28.99951171875
1998-01-29,7940.39208984375,7953.591796875,-13.19970703125
1998-01-30,7958.99169921875,7940.39208984375,18.599609375
1998-02-02,8096.69189453125,7958.99169921875,137.7001953125
1998-02-03,8104.19189453125,8096.69189453125,7.5
1998-02-04,8166.49169921875,8104.19189453125,62.2998046875
1998-02-05,8109.8916015625,8166.49169921875,-56.60009765625
1998-02-06,8182.49169921875,8109.8916015625,72.60009765625
1998-02-09,8048.49169921875,8182.49169921875,-134.0
1998-02-10,8084.8916015625,8048.49169921875,36.39990234375
1998-02-11,8155.69189453125,8084.8916015625,70.80029296875
1998-02-12,8062.591796875,8155.69189453125,-93.10009765625
1998-02-13,8113.3916015625,8062.591796875,50.7998046875
1998-02-16,8144.79150390625,8113.3916015625,31.39990234375
1998-02-17,8283.69140625,8144.79150390625,138.89990234375
1998-02-18,8324.69140625,8283.69140625,41.0
1998-02-19,8357.9912109375,8324.69140625,33.2998046875
1998-02-20,8516.791015625,8357.9912109375,158.7998046875
1998-02-23,8511.291015625,8516.791015625,-5.5
1998-02-24,8641.3916015625,8511.291015625,130.1005859375
1998-02-25,8818.4912109375,8641.3916015625,177.099609375
1998-02-26,8783.19140625,8818.4912109375,-35.2998046875
1998-02-27,8900.0908203125,8783.19140625,116.8994140625
1998-03-02,9112.5908203125,8900.0908203125,212.5
1998-03-03,9132.0908203125,9112.5908203125,19.5
1998-03-04,8929.8916015625,9132.0908203125,-202.19921875
1998-03-05,8958.291015625,8929.8916015625,28.3994140625
1998-03-06,9227.2900390625,8958.291015625,268.9990234375
1998-03-09,9269.490234375,9227.2900390625,42.2001953125
1998-03-10,9261.7900390625,9269.490234375,-7.7001953125
1998-03-11,9262.08984375,9261.7900390625,0.2998046875
1998-03-12,9347.890625,9262.08984375,85.80078125
1998-03-13,9450.490234375,9347.890625,102.599609375
1998-03-16,9448.7900390625,9450.490234375,-1.7001953125
1998-03-17,9521.1904296875,9448.7900390625,72.400390625
1998-03-18,9502.990234375,9521.1904296875,-18.2001953125
1998-03-20,9797.08984375,9502.990234375,294.099609375
1998-03-23,9940.58984375,9797.08984375,143.5
1998-03-24,10093.890625,9940.58984375,153.30078125
1998-03-25,10302.9892578125,10093.890625,209.0986328125
1998-03-26,10170.9892578125,10302.9892578125,-132.0
1998-03-27,10242.8896484375,10170.9892578125,71.900390625
1998-03-30,10225.689453125,10242.8896484375,-17.2001953125
1998-03-31,10209.0888671875,10225.689453125,-16.6005859375
1998-04-01,10352.2890625,10209.0888671875,143.2001953125
1998-04-02,10414.8896484375,10352.2890625,62.6005859375
1998-04-03,10572.2890625,10414.8896484375,157.3994140625
1998-04-06,10814.0888671875,10572.2890625,241.7998046875
1998-04-07,10689.9892578125,10814.0888671875,-124.099609375
1998-04-08,10534.689453125,10689.9892578125,-155.2998046875
1998-04-14,10509.5888671875,10534.689453125,-25.1005859375
1998-04-15,10339.5888671875,10509.5888671875,-170.0
1998-04-16,10323.5888671875,10339.5888671875,-16.0
1998-04-17,10410.189453125,10323.5888671875,86.6005859375
1998-04-20,10482.689453125,10410.189453125,72.5
1998-04-21,10429.3896484375,10482.689453125,-53.2998046875
1998-04-22,10291.7890625,10429.3896484375,-137.6005859375
1998-04-23,9966.58984375,10291.7890625,-325.19921875
1998-04-24,9888.2900390625,9966.58984375,-78.2998046875
1998-04-27,9549.58984375,9888.2900390625,-338.7001953125
1998-04-28,9903.990234375,9549.58984375,354.400390625
1998-04-29,9677.990234375,9903.990234375,-226.0
1998-04-30,10025.58984375,9677.990234375,347.599609375
1998-05-04,10259.7890625,10025.58984375,234.19921875
1998-05-05,10001.490234375,10259.7890625,-258.298828125
1998-05-06,9962.990234375,10001.490234375,-38.5
1998-05-07,9741.08984375,9962.990234375,-221.900390625
1998-05-08,9762.390625,9741.08984375,21.30078125
1998-05-11,9993.58984375,9762.390625,231.19921875
1998-05-12,9839.2900390625,9993.58984375,-154.2998046875
1998-05-13,9768.2900390625,9839.2900390625,-71.0
1998-05-14,9854.890625,9768.2900390625,86.6005859375
1998-05-15,9836.890625,9854.890625,-18.0
1998-05-18,9795.1904296875,9836.890625,-41.7001953125
1998-05-19,9959.1904296875,9795.1904296875,164.0
1998-05-20,10100.390625,9959.1904296875,141.2001953125
1998-05-21,10088.990234375,10100.390625,-11.400390625
1998-05-22,10153.689453125,10088.990234375,64.69921875
1998-05-25,10391.5888671875,10153.689453125,237.8994140625
1998-05-26,10377.9892578125,10391.5888671875,-13.599609375
1998-05-27,9992.990234375,10377.9892578125,-384.9990234375
1998-05-28,10059.890625,9992.990234375,66.900390625
1998-05-29,10005.6904296875,10059.890625,-54.2001953125
1998-06-02,10079.490234375,10005.6904296875,73.7998046875
1998-06-03,10116.1904296875,10079.490234375,36.7001953125
1998-06-04,10098.7900390625,10116.1904296875,-17.400390625
1998-06-05,10265.5888671875,10098.7900390625,166.798828125
1998-06-08,10280.2890625,10265.5888671875,14.7001953125
1998-06-09,10051.490234375,10280.2890625,-228.798828125
1998-06-10,10120.8896484375,10051.490234375,69.3994140625
1998-06-11,9953.6904296875,10120.8896484375,-167.19921875
1998-06-12,9748.08984375,9953.6904296875,-205.6005859375
1998-06-15,9593.2900390625,9748.08984375,-154.7998046875
1998-06-16,9684.890625,9593.2900390625,91.6005859375
1998-06-17,9900.7900390625,9684.890625,215.8994140625
1998-06-18,9760.990234375,9900.7900390625,-139.7998046875
1998-06-19,9765.6904296875,9760.990234375,4.7001953125
1998-06-22,9722.390625,9765.6904296875,-43.2998046875
1998-06-23,9873.490234375,9722.390625,151.099609375
1998-06-24,9901.58984375,9873.490234375,28.099609375
1998-06-25,10136.0888671875,9901.58984375,234.4990234375
1998-06-26,10109.490234375,10136.0888671875,-26.5986328125
1998-06-29,10242.689453125,10109.490234375,133.19921875
1998-06-30,10146.3896484375,10242.689453125,-96.2998046875
1998-07-01,10342.2890625,10146.3896484375,195.8994140625
1998-07-02,10394.2890625,10342.2890625,52.0
1998-07-03,10542.8896484375,10394.2890625,148.6005859375
1998-07-06,10642.0888671875,10542.8896484375,99.19921875
1998-07-07,10642.7890625,10642.0888671875,0.7001953125
1998-07-08,10719.8896484375,10642.7890625,77.1005859375
1998-07-09,10635.2890625,10719.8896484375,-84.6005859375
1998-07-10,10636.689453125,10635.2890625,1.400390625
1998-07-13,10729.3896484375,10636.689453125,92.7001953125
1998-07-14,10791.689453125,10729.3896484375,62.2998046875
1998-07-15,10703.9892578125,10791.689453125,-87.7001953125
1998-07-16,10765.7890625,10703.9892578125,61.7998046875
1998-07-17,10952.4892578125,10765.7890625,186.7001953125
1998-07-20,10893.189453125,10952.4892578125,-59.2998046875
1998-07-21,10758.3896484375,10893.189453125,-134.7998046875
1998-07-22,10560.7890625,10758.3896484375,-197.6005859375
1998-07-23,10614.8896484375,10560.7890625,54.1005859375
1998-07-24,10559.189453125,10614.8896484375,-55.7001953125
1998-07-27,10360.689453125,10559.189453125,-198.5
1998-07-28,10340.0888671875,10360.689453125,-20.6005859375
1998-07-29,10410.2890625,10340.0888671875,70.2001953125
1998-07-30,10568.7890625,10410.2890625,158.5
1998-07-31,10493.689453125,10568.7890625,-75.099609375
1998-08-03,10410.9892578125,10493.689453125,-82.7001953125
1998-08-04,10495.2890625,10410.9892578125,84.2998046875
1998-08-05,10289.2890625,10495.2890625,-206.0
1998-08-06,10115.1904296875,10289.2890625,-174.0986328125
1998-08-07,10217.9892578125,10115.1904296875,102.798828125
1998-08-10,10039.7900390625,10217.9892578125,-178.19921875
1998-08-11,9708.6904296875,10039.7900390625,-331.099609375
1998-08-12,9887.2900390625,9708.6904296875,178.599609375
1998-08-13,9847.6904296875,9887.2900390625,-39.599609375
1998-08-14,9919.490234375,9847.6904296875,71.7998046875
1998-08-17,9910.6904296875,9919.490234375,-8.7998046875
1998-08-18,10112.890625,9910.6904296875,202.2001953125
1998-08-19,10205.2890625,10112.890625,92.3984375
1998-08-20,9998.1904296875,10205.2890625,-207.0986328125
1998-08-21,9417.1904296875,9998.1904296875,-581.0
1998-08-24,9262.7900390625,9417.1904296875,-154.400390625
1998-08-25,9453.2900390625,9262.7900390625,190.5
1998-08-26,9113.19140625,9453.2900390625,-340.0986328125
1998-08-27,8580.0908203125,9113.19140625,-533.1005859375
1998-08-28,8382.9912109375,8580.0908203125,-197.099609375
1998-08-31,8264.69140625,8382.9912109375,-118.2998046875
1998-09-01,8239.19140625,8264.69140625,-25.5
1998-09-02,8548.69140625,8239.19140625,309.5
1998-09-03,8380.3916015625,8548.69140625,-168.2998046875
1998-09-04,8337.291015625,8380.3916015625,-43.1005859375
1998-09-07,8452.9912109375,8337.291015625,115.7001953125
1998-09-08,8710.0908203125,8452.9912109375,257.099609375
1998-09-09,8504.8916015625,8710.0908203125,-205.19921875
1998-09-10,7903.9921875,8504.8916015625,-600.8994140625
1998-09-11,7707.9921875,7903.9921875,-196.0
1998-09-14,7899.9921875,7707.9921875,192.0
1998-09-15,7833.09228515625,7899.9921875,-66.89990234375
1998-09-16,8034.19189453125,7833.09228515625,201.099609375
1998-09-17,7671.09228515625,8034.19189453125,-363.099609375
1998-09-18,7628.6923828125,7671.09228515625,-42.39990234375
1998-09-21,7211.392578125,7628.6923828125,-417.2998046875
1998-09-22,7506.59228515625,7211.392578125,295.19970703125
1998-09-23,8008.19189453125,7506.59228515625,501.599609375
1998-09-24,7884.6923828125,8008.19189453125,-123.49951171875
1998-09-25,7969.29150390625,7884.6923828125,84.59912109375
1998-09-28,8062.29150390625,7969.29150390625,93.0
1998-09-29,8066.091796875,8062.29150390625,3.80029296875
1998-09-30,7676.4921875,8066.091796875,-389.599609375
1998-10-01,7676.4921875,7676.4921875,0.0
1998-10-02,7156.892578125,7676.4921875,-519.599609375
1998-10-05,7145.79248046875,7156.892578125,-11.10009765625
1998-10-06,7566.89208984375,7145.79248046875,421.099609375
1998-10-07,7405.29248046875,7566.89208984375,-161.599609375
1998-10-08,7195.19287109375,7405.29248046875,-210.099609375
1998-10-09,7381.19287109375,7195.19287109375,186.0
1998-10-13,7715.89208984375,7381.19287109375,334.69921875
1998-10-14,7956.091796875,7715.89208984375,240.19970703125
1998-10-15,8060.29150390625,7956.091796875,104.19970703125
1998-10-16,8455.291015625,8060.29150390625,394.99951171875
1998-10-19,8396.69140625,8455.291015625,-58.599609375
1998-10-20,8654.3916015625,8396.69140625,257.7001953125
1998-10-21,8493.4912109375,8654.3916015625,-160.900390625
1998-10-22,8254.19140625,8493.4912109375,-239.2998046875
1998-10-23,8410.19140625,8254.19140625,156.0
1998-10-26,8467.69140625,8410.19140625,57.5
1998-10-27,8716.791015625,8467.69140625,249.099609375
1998-10-28,8534.3916015625,8716.791015625,-182.3994140625
1998-10-29,8541.0908203125,8534.3916015625,6.69921875
1998-10-30,8799.9912109375,8541.0908203125,258.900390625
1998-11-02,9015.4912109375,8799.9912109375,215.5
1998-11-03,8943.0908203125,9015.4912109375,-72.400390625
1998-11-04,9131.19140625,8943.0908203125,188.1005859375
1998-11-05,9109.0908203125,9131.19140625,-22.1005859375
1998-11-06,9204.08984375,9109.0908203125,94.9990234375
1998-11-09,9094.8916015625,9204.08984375,-109.1982421875
1998-11-10,8934.291015625,9094.8916015625,-160.6005859375
1998-11-11,8940.69140625,8934.291015625,6.400390625
1998-11-12,8992.4912109375,8940.69140625,51.7998046875
1998-11-13,8842.0908203125,8992.4912109375,-150.400390625
1998-11-16,9056.791015625,8842.0908203125,214.7001953125
1998-11-17,8984.291015625,9056.791015625,-72.5
1998-11-18,8972.3916015625,8984.291015625,-11.8994140625
1998-11-19,9240.58984375,8972.3916015625,268.1982421875
1998-11-20,9431.890625,9240.58984375,191.30078125
1998-11-23,9441.890625,9431.890625,10.0
1998-11-24,9479.1904296875,9441.890625,37.2998046875
1998-11-25,9514.990234375,9479.1904296875,35.7998046875
1998-11-26,9758.990234375,9514.990234375,244.0
1998-11-27,9877.2900390625,9758.990234375,118.2998046875
1998-11-30,9645.490234375,9877.2900390625,-231.7998046875
1998-12-01,9339.7900390625,9645.490234375,-305.7001953125
1998-12-02,9230.490234375,9339.7900390625,-109.2998046875
1998-12-03,9329.6904296875,9230.490234375,99.2001953125
1998-12-04,9381.990234375,9329.6904296875,52.2998046875
1998-12-07,9454.1904296875,9381.990234375,72.2001953125
1998-12-09,9596.390625,9454.1904296875,142.2001953125
1998-12-10,9468.08984375,9596.390625,-128.30078125
1998-12-11,9236.1904296875,9468.08984375,-231.8994140625
1998-12-14,9260.490234375,9236.1904296875,24.2998046875
1998-12-15,9271.7900390625,9260.490234375,11.2998046875
1998-12-16,9362.1904296875,9271.7900390625,90.400390625
1998-12-17,9322.58984375,9362.1904296875,-39.6005859375
1998-12-18,9351.890625,9322.58984375,29.30078125
1998-12-21,9602.6904296875,9351.890625,250.7998046875
1998-12-22,9679.890625,9602.6904296875,77.2001953125
1998-12-23,9866.7900390625,9679.890625,186.8994140625
1998-12-28,9953.58984375,9866.7900390625,86.7998046875
1998-12-29,9940.6904296875,9953.58984375,-12.8994140625
1998-12-30,9836.58984375,9940.6904296875,-104.1005859375
1999-01-04,10447.7890625,9836.58984375,611.19921875
1999-01-05,10650.689453125,10447.7890625,202.900390625
1999-01-07,10443.3896484375,10650.689453125,-207.2998046875
1999-01-08,10412.2890625,10443.3896484375,-31.1005859375
1999-01-11,10248.5888671875,10412.2890625,-163.7001953125
1999-01-12,10010.490234375,10248.5888671875,-238.0986328125
1999-01-13,9321.6904296875,10010.490234375,-688.7998046875
1999-01-14,9304.1904296875,9321.6904296875,-17.5
1999-01-15,9596.2900390625,9304.1904296875,292.099609375
1999-01-18,10071.490234375,9596.2900390625,475.2001953125
1999-01-19,9971.6904296875,10071.490234375,-99.7998046875
1999-01-20,10090.08984375,9971.6904296875,118.3994140625
1999-01-21,9920.7900390625,10090.08984375,-169.2998046875
1999-01-22,9611.990234375,9920.7900390625,-308.7998046875
1999-01-25,9665.58984375,9611.990234375,53.599609375
1999-01-26,9589.58984375,9665.58984375,-76.0
1999-01-27,9609.490234375,9589.58984375,19.900390625
1999-01-28,9832.1904296875,9609.490234375,222.7001953125
1999-01-29,9878.7900390625,9832.1904296875,46.599609375
1999-02-01,9998.1904296875,9878.7900390625,119.400390625
1999-02-02,9943.58984375,9998.1904296875,-54.6005859375
1999-02-03,9944.1904296875,9943.58984375,0.6005859375
1999-02-04,9855.390625,9944.1904296875,-88.7998046875
1999-02-05,9809.2900390625,9855.390625,-46.1005859375
1999-02-08,9648.7900390625,9809.2900390625,-160.5
1999-02-09,9499.990234375,9648.7900390625,-148.7998046875
1999-02-10,9656.6904296875,9499.990234375,156.7001953125
1999-02-11,9690.490234375,9656.6904296875,33.7998046875
1999-02-12,9739.390625,9690.490234375,48.900390625
1999-02-15,9901.08984375,9739.390625,161.69921875
1999-02-16,9799.2900390625,9901.08984375,-101.7998046875
1999-02-17,9797.890625,9799.2900390625,-1.3994140625
1999-02-18,9758.6904296875,9797.890625,-39.2001953125
1999-02-19,9840.890625,9758.6904296875,82.2001953125
1999-02-22,9945.1904296875,9840.890625,104.2998046875
1999-02-23,10133.7890625,9945.1904296875,188.5986328125
1999-02-24,10224.5888671875,10133.7890625,90.7998046875
1999-02-25,10052.08984375,10224.5888671875,-172.4990234375
1999-02-26,9997.2900390625,10052.08984375,-54.7998046875
1999-03-01,9838.890625,9997.2900390625,-158.3994140625
1999-03-02,9822.990234375,9838.890625,-15.900390625
1999-03-03,9707.58984375,9822.990234375,-115.400390625
1999-03-04,9834.2900390625,9707.58984375,126.7001953125
1999-03-05,10004.990234375,9834.2900390625,170.7001953125
1999-03-08,9861.390625,10004.990234375,-143.599609375
1999-03-09,9915.2900390625,9861.390625,53.8994140625
1999-03-10,9940.08984375,9915.2900390625,24.7998046875
1999-03-11,10191.5888671875,9940.08984375,251.4990234375
1999-03-12,10094.6904296875,10191.5888671875,-96.8984375
1999-03-15,10120.9892578125,10094.6904296875,26.298828125
1999-03-16,10213.8896484375,10120.9892578125,92.900390625
1999-03-17,10119.08984375,10213.8896484375,-94.7998046875
1999-03-18,10039.6904296875,10119.08984375,-79.3994140625
1999-03-19,10073.6904296875,10039.6904296875,34.0
1999-03-22,9955.08984375,10073.6904296875,-118.6005859375
1999-03-23,9728.390625,9955.08984375,-226.69921875
1999-03-24,9720.6904296875,9728.390625,-7.7001953125
1999-03-25,9868.2900390625,9720.6904296875,147.599609375
1999-03-26,9659.08984375,9868.2900390625,-209.2001953125
1999-03-29,9748.08984375,9659.08984375,89.0
1999-03-30,9676.990234375,9748.08984375,-71.099609375
1999-03-31,9740.6904296875,9676.990234375,63.7001953125
1999-04-06,10011.2900390625,9740.6904296875,270.599609375
1999-04-07,10027.6904296875,10011.2900390625,16.400390625
1999-04-08,10100.58984375,10027.6904296875,72.8994140625
1999-04-09,10101.890625,10100.58984375,1.30078125
1999-04-12,10039.1904296875,10101.890625,-62.7001953125
1999-04-13,10120.7890625,10039.1904296875,81.5986328125
1999-04-14,10080.390625,10120.7890625,-40.3984375
1999-04-15,9999.990234375,10080.390625,-80.400390625
1999-04-16,9777.2900390625,9999.990234375,-222.7001953125
1999-04-19,9851.6904296875,9777.2900390625,74.400390625
1999-04-20,9661.990234375,9851.6904296875,-189.7001953125
1999-04-21,9771.08984375,9661.990234375,109.099609375
1999-04-22,9794.7900390625,9771.08984375,23.7001953125
1999-04-23,9901.58984375,9794.7900390625,106.7998046875
1999-04-26,9907.1904296875,9901.58984375,5.6005859375
1999-04-27,10069.890625,9907.1904296875,162.7001953125
1999-04-28,10010.390625,10069.890625,-59.5
1999-04-29,10007.58984375,10010.390625,-2.80078125
1999-04-30,9975.390625,10007.58984375,-32.19921875
1999-05-03,10090.7900390625,9975.390625,115.3994140625
1999-05-04,10019.1904296875,10090.7900390625,-71.599609375
1999-05-05,10012.08984375,10019.1904296875,-7.1005859375
1999-05-06,10072.990234375,10012.08984375,60.900390625
1999-05-07,10154.9892578125,10072.990234375,81.9990234375
1999-05-10,10172.689453125,10154.9892578125,17.7001953125
1999-05-11,10167.0888671875,10172.689453125,-5.6005859375
1999-05-12,10184.689453125,10167.0888671875,17.6005859375
1999-05-13,10274.9892578125,10184.689453125,90.2998046875
1999-05-14,10167.189453125,10274.9892578125,-107.7998046875
1999-05-17,9966.08984375,10167.189453125,-201.099609375
1999-05-18,9984.7900390625,9966.08984375,18.7001953125
1999-05-19,10174.3896484375,9984.7900390625,189.599609375
1999-05-20,10151.189453125,10174.3896484375,-23.2001953125
1999-05-21,10213.689453125,10151.189453125,62.5
1999-05-24,10170.3896484375,10213.689453125,-43.2998046875
1999-05-25,10140.9892578125,10170.3896484375,-29.400390625
1999-05-26,10097.6904296875,10140.9892578125,-43.298828125
1999-05-27,9990.890625,10097.6904296875,-106.7998046875
1999-05-28,10030.58984375,9990.890625,39.69921875
1999-05-31,10072.2900390625,10030.58984375,41.7001953125
1999-06-01,10056.890625,10072.2900390625,-15.3994140625
1999-06-02,10068.7900390625,10056.890625,11.8994140625
1999-06-03,10221.4892578125,10068.7900390625,152.69921875
1999-06-04,10244.689453125,10221.4892578125,23.2001953125
1999-06-07,10280.189453125,10244.689453125,35.5
1999-06-08,10221.7890625,10280.189453125,-58.400390625
1999-06-09,10242.7890625,10221.7890625,21.0
1999-06-10,10096.1904296875,10242.7890625,-146.5986328125
1999-06-11,10195.2890625,10096.1904296875,99.0986328125
1999-06-14,10099.990234375,10195.2890625,-95.298828125
1999-06-15,10179.689453125,10099.990234375,79.69921875
1999-06-16,10190.7890625,10179.689453125,11.099609375
1999-06-17,10194.9892578125,10190.7890625,4.2001953125
1999-06-18,10337.4892578125,10194.9892578125,142.5
1999-06-21,10382.689453125,10337.4892578125,45.2001953125
1999-06-22,10387.689453125,10382.689453125,5.0
1999-06-23,10380.689453125,10387.689453125,-7.0
1999-06-24,10333.5888671875,10380.689453125,-47.1005859375
1999-06-25,10290.2890625,10333.5888671875,-43.2998046875
1999-06-28,10291.0888671875,10290.2890625,0.7998046875
1999-06-29,10299.5888671875,10291.0888671875,8.5
1999-06-30,10218.5888671875,10299.5888671875,-81.0
1999-07-01,10370.4892578125,10218.5888671875,151.900390625
1999-07-02,10402.2890625,10370.4892578125,31.7998046875
1999-07-05,10555.5888671875,10402.2890625,153.2998046875
1999-07-06,10474.3896484375,10555.5888671875,-81.19921875
1999-07-07,10402.7890625,10474.3896484375,-71.6005859375
1999-07-08,10311.2890625,10402.7890625,-91.5
1999-07-09,10333.189453125,10311.2890625,21.900390625
1999-07-12,10311.8896484375,10333.189453125,-21.2998046875
1999-07-13,10118.990234375,10311.8896484375,-192.8994140625
1999-07-14,10009.2900390625,10118.990234375,-109.7001953125
1999-07-15,10134.5888671875,10009.2900390625,125.298828125
1999-07-16,10119.1904296875,10134.5888671875,-15.3984375
1999-07-19,10190.8896484375,10119.1904296875,71.69921875
1999-07-20,10057.890625,10190.8896484375,-132.9990234375
1999-07-21,9999.7900390625,10057.890625,-58.1005859375
1999-07-22,9896.08984375,9999.7900390625,-103.7001953125
1999-07-23,9771.58984375,9896.08984375,-124.5
1999-07-26,9684.890625,9771.58984375,-86.69921875
1999-07-27,9583.390625,9684.890625,-101.5
1999-07-28,9571.490234375,9583.390625,-11.900390625
1999-07-29,9292.58984375,9571.490234375,-278.900390625
1999-07-30,9391.890625,9292.58984375,99.30078125
1999-08-02,9400.08984375,9391.890625,8.19921875
1999-08-03,9434.1904296875,9400.08984375,34.1005859375
1999-08-04,9436.1904296875,9434.1904296875,2.0
1999-08-05,9194.490234375,9436.1904296875,-241.7001953125
1999-08-06,9140.69140625,9194.490234375,-53.798828125
1999-08-09,9335.6904296875,9140.69140625,194.9990234375
1999-08-10,9230.1904296875,9335.6904296875,-105.5
1999-08-11,9360.390625,9230.1904296875,130.2001953125
1999-08-12,9407.890625,9360.390625,47.5
1999-08-13,9561.6904296875,9407.890625,153.7998046875
1999-08-16,9474.490234375,9561.6904296875,-87.2001953125
1999-08-17,9613.490234375,9474.490234375,139.0
1999-08-18,9570.890625,9613.490234375,-42.599609375
1999-08-19,9569.2900390625,9570.890625,-1.6005859375
1999-08-20,9738.2900390625,9569.2900390625,169.0
1999-08-23,9729.990234375,9738.2900390625,-8.2998046875
1999-08-24,9861.6904296875,9729.990234375,131.7001953125
1999-08-25,9941.390625,9861.6904296875,79.7001953125
1999-08-26,9931.890625,9941.390625,-9.5
1999-08-27,10058.390625,9931.890625,126.5
1999-08-30,10006.1904296875,10058.390625,-52.2001953125
1999-08-31,9806.08984375,10006.1904296875,-200.1005859375
1999-09-01,9903.58984375,9806.08984375,97.5
1999-09-02,9693.990234375,9903.58984375,-209.599609375
1999-09-03,9943.08984375,9693.990234375,249.099609375
1999-09-06,9975.390625,9943.08984375,32.30078125
1999-09-07,9871.1904296875,9975.390625,-104.2001953125
1999-09-08,9891.58984375,9871.1904296875,20.3994140625
1999-09-09,10027.990234375,9891.58984375,136.400390625
1999-09-10,10026.58984375,10027.990234375,-1.400390625
1999-09-13,9918.990234375,10026.58984375,-107.599609375
1999-09-14,9779.1904296875,9918.990234375,-139.7998046875
1999-09-15,9728.58984375,9779.1904296875,-50.6005859375
1999-09-16,9645.6904296875,9728.58984375,-82.8994140625
1999-09-17,9728.1904296875,9645.6904296875,82.5
1999-09-20,9722.7900390625,9728.1904296875,-5.400390625
1999-09-21,9621.7900390625,9722.7900390625,-101.0
1999-09-22,9654.990234375,9621.7900390625,33.2001953125
1999-09-23,9720.390625,9654.990234375,65.400390625
1999-09-24,9617.6904296875,9720.390625,-102.7001953125
1999-09-27,9707.7900390625,9617.6904296875,90.099609375
1999-09-28,9639.890625,9707.7900390625,-67.8994140625
1999-09-29,9552.490234375,9639.890625,-87.400390625
1999-09-30,9525.390625,9552.490234375,-27.099609375
1999-10-01,9482.7900390625,9525.390625,-42.6005859375
1999-10-04,9600.990234375,9482.7900390625,118.2001953125
1999-10-05,9656.2900390625,9600.990234375,55.2998046875
1999-10-06,9624.6904296875,9656.2900390625,-31.599609375
1999-10-07,9720.990234375,9624.6904296875,96.2998046875
1999-10-08,9770.890625,9720.990234375,49.900390625
1999-10-11,9808.1904296875,9770.890625,37.2998046875
1999-10-13,9592.490234375,9808.1904296875,-215.7001953125
1999-10-14,9548.890625,9592.490234375,-43.599609375
1999-10-15,9376.6904296875,9548.890625,-172.2001953125
1999-10-18,9290.7900390625,9376.6904296875,-85.900390625
1999-10-19,9413.390625,9290.7900390625,122.6005859375
1999-10-20,9405.58984375,9413.390625,-7.80078125
1999-10-21,9270.1904296875,9405.58984375,-135.3994140625
1999-10-22,9389.390625,9270.1904296875,119.2001953125
1999-10-25,9304.7900390625,9389.390625,-84.6005859375
1999-10-26,9443.2900390625,9304.7900390625,138.5
1999-10-27,9419.1904296875,9443.2900390625,-24.099609375
1999-10-28,9610.2900390625,9419.1904296875,191.099609375
1999-10-29,9741.490234375,9610.2900390625,131.2001953125
1999-11-02,9847.890625,9741.490234375,106.400390625
1999-11-03,9936.890625,9847.890625,89.0
1999-11-04,10113.390625,9936.890625,176.5
1999-11-05,10231.2890625,10113.390625,117.8984375
1999-11-08,10336.7890625,10231.2890625,105.5
1999-11-09,10260.0888671875,10336.7890625,-76.7001953125
1999-11-10,10354.2890625,10260.0888671875,94.2001953125
1999-11-11,10497.0888671875,10354.2890625,142.7998046875
1999-11-12,10469.8896484375,10497.0888671875,-27.19921875
1999-11-15,10555.8896484375,10469.8896484375,86.0
1999-11-16,10619.689453125,10555.8896484375,63.7998046875
1999-11-17,10639.689453125,10619.689453125,20.0
1999-11-18,10725.8896484375,10639.689453125,86.2001953125
1999-11-19,10792.9892578125,10725.8896484375,67.099609375
1999-11-22,10613.5888671875,10792.9892578125,-179.400390625
1999-11-23,10685.0888671875,10613.5888671875,71.5
1999-11-24,10720.189453125,10685.0888671875,35.1005859375
1999-11-25,10945.189453125,10720.189453125,225.0
1999-11-26,10971.2890625,10945.189453125,26.099609375
1999-11-29,10892.4892578125,10971.2890625,-78.7998046875
1999-11-30,10958.0888671875,10892.4892578125,65.599609375
1999-12-01,11084.2880859375,10958.0888671875,126.19921875
1999-12-02,11166.587890625,11084.2880859375,82.2998046875
1999-12-03,11309.98828125,11166.587890625,143.400390625
1999-12-07,11549.587890625,11309.98828125,239.599609375
1999-12-09,11560.087890625,11549.587890625,10.5
1999-12-10,11434.48828125,11560.087890625,-125.599609375
1999-12-13,11465.7880859375,11434.48828125,31.2998046875
1999-12-14,11480.087890625,11465.7880859375,14.2998046875
1999-12-15,11372.48828125,11480.087890625,-107.599609375
1999-12-16,11427.087890625,11372.48828125,54.599609375
1999-12-17,11613.087890625,11427.087890625,186.0
1999-12-20,11673.087890625,11613.087890625,60.0
1999-12-21,11572.7880859375,11673.087890625,-100.2998046875
1999-12-22,11585.48828125,11572.7880859375,12.7001953125
1999-12-23,11686.587890625,11585.48828125,101.099609375
1999-12-27,11615.6884765625,11686.587890625,-70.8994140625
1999-12-28,11517.587890625,11615.6884765625,-98.1005859375
1999-12-29,11581.388671875,11517.587890625,63.80078125
1999-12-30,11641.388671875,11581.388671875,60.0
2000-01-03,11609.98828125,11641.388671875,-31.400390625
2000-01-04,11206.587890625,11609.98828125,-403.400390625
2000-01-05,10863.0888671875,11206.587890625,-343.4990234375
2000-01-07,11102.388671875,10863.0888671875,239.2998046875
2000-01-10,11173.2880859375,11102.388671875,70.8994140625
2000-01-11,11012.3896484375,11173.2880859375,-160.8984375
2000-01-12,10851.7890625,11012.3896484375,-160.6005859375
2000-01-13,10931.8896484375,10851.7890625,80.1005859375
2000-01-14,11183.98828125,10931.8896484375,252.0986328125
2000-01-17,11285.587890625,11183.98828125,101.599609375
2000-01-18,11066.2890625,11285.587890625,-219.298828125
2000-01-19,11120.6884765625,11066.2890625,54.3994140625
2000-01-20,11047.5888671875,11120.6884765625,-73.099609375
2000-01-21,10969.2890625,11047.5888671875,-78.2998046875
2000-01-24,10954.9892578125,10969.2890625,-14.2998046875
2000-01-25,10863.4892578125,10954.9892578125,-91.5
2000-01-26,11031.3896484375,10863.4892578125,167.900390625
2000-01-27,11206.587890625,11031.3896484375,175.1982421875
2000-01-28,11009.2890625,11206.587890625,-197.298828125
2000-01-31,10835.0888671875,11009.2890625,-174.2001953125
2000-02-01,10969.9892578125,10835.0888671875,134.900390625
2000-02-02,11195.587890625,10969.9892578125,225.5986328125
2000-02-03,11544.087890625,11195.587890625,348.5
2000-02-04,11580.087890625,11544.087890625,36.0
2000-02-07,11506.7880859375,11580.087890625,-73.2998046875
2000-02-08,11834.7880859375,11506.7880859375,328.0
2000-02-09,11939.48828125,11834.7880859375,104.7001953125
2000-02-10,12020.587890625,11939.48828125,81.099609375
2000-02-11,12432.5869140625,12020.587890625,411.9990234375
2000-02-14,12458.5869140625,12432.5869140625,26.0
2000-02-15,12165.0869140625,12458.5869140625,-293.5
2000-02-16,12235.0869140625,12165.0869140625,70.0
2000-02-17,12326.6875,12235.0869140625,91.6005859375
2000-02-18,12367.9873046875,12326.6875,41.2998046875
2000-02-21,12260.287109375,12367.9873046875,-107.7001953125
2000-02-22,12076.8876953125,12260.287109375,-183.3994140625
2000-02-23,12312.287109375,12076.8876953125,235.3994140625
2000-02-24,12352.287109375,12312.287109375,40.0
2000-02-25,12690.8876953125,12352.287109375,338.6005859375
2000-02-28,12466.9873046875,12690.8876953125,-223.900390625
2000-02-29,12585.787109375,12466.9873046875,118.7998046875
2000-03-01,12538.6875,12585.787109375,-47.099609375
2000-03-02,12709.5869140625,12538.6875,170.8994140625
2000-03-03,12744.9873046875,12709.5869140625,35.400390625
2000-03-06,12816.787109375,12744.9873046875,71.7998046875
2000-03-07,12667.1875,12816.787109375,-149.599609375
2000-03-08,12668.287109375,12667.1875,1.099609375
2000-03-09,12563.1875,12668.287109375,-105.099609375
2000-03-10,12513.6875,12563.1875,-49.5
2000-03-13,12359.6875,12513.6875,-154.0
2000-03-14,12555.787109375,12359.6875,196.099609375
2000-03-15,12279.4873046875,12555.787109375,-276.2998046875
2000-03-16,12260.8876953125,12279.4873046875,-18.599609375
2000-03-17,12369.787109375,12260.8876953125,108.8994140625
2000-03-20,12362.3876953125,12369.787109375,-7.3994140625
2000-03-21,12308.287109375,12362.3876953125,-54.1005859375
2000-03-22,12172.1875,12308.287109375,-136.099609375
2000-03-23,12073.287109375,12172.1875,-98.900390625
2000-03-24,12213.787109375,12073.287109375,140.5
2000-03-27,12161.9873046875,12213.787109375,-51.7998046875
2000-03-28,12211.0869140625,12161.9873046875,49.099609375
2000-03-29,12088.5869140625,12211.0869140625,-122.5
2000-03-30,11833.388671875,12088.5869140625,-255.1982421875
2000-03-31,11934.98828125,11833.388671875,101.599609375
2000-04-03,11686.388671875,11934.98828125,-248.599609375
2000-04-04,11584.1884765625,11686.388671875,-102.2001953125
2000-04-05,11374.587890625,11584.1884765625,-209.6005859375
2000-04-06,11607.888671875,11374.587890625,233.30078125
2000-04-07,11790.587890625,11607.888671875,182.69921875
2000-04-10,11768.6884765625,11790.587890625,-21.8994140625
2000-04-11,11515.2880859375,11768.6884765625,-253.400390625
2000-04-12,11542.087890625,11515.2880859375,26.7998046875
2000-04-13,11647.1884765625,11542.087890625,105.1005859375
2000-04-14,11363.888671875,11647.1884765625,-283.2998046875
2000-04-17,11217.2880859375,11363.888671875,-146.6005859375
2000-04-18,11261.48828125,11217.2880859375,44.2001953125
2000-04-19,11339.7880859375,11261.48828125,78.2998046875
2000-04-20,11501.98828125,11339.7880859375,162.2001953125
2000-04-25,11425.48828125,11501.98828125,-76.5
2000-04-26,11481.48828125,11425.48828125,56.0
2000-04-27,11272.98828125,11481.48828125,-208.5
2000-04-28,11467.888671875,11272.98828125,194.900390625
2000-05-02,11867.1884765625,11467.888671875,399.2998046875
2000-05-03,11667.888671875,11867.1884765625,-199.2998046875
2000-05-04,11597.48828125,11667.888671875,-70.400390625
2000-05-05,11560.888671875,11597.48828125,-36.599609375
2000-05-08,11303.98828125,11560.888671875,-256.900390625
2000-05-09,11071.689453125,11303.98828125,-232.298828125
2000-05-10,10832.2890625,11071.689453125,-239.400390625
2000-05-11,11036.2890625,10832.2890625,204.0
2000-05-12,11102.587890625,11036.2890625,66.298828125
2000-05-15,11009.2890625,11102.587890625,-93.298828125
2000-05-16,11220.6884765625,11009.2890625,211.3994140625
2000-05-17,10905.2890625,11220.6884765625,-315.3994140625
2000-05-18,10889.5888671875,10905.2890625,-15.7001953125
2000-05-19,10544.8896484375,10889.5888671875,-344.69921875
2000-05-22,10326.2890625,10544.8896484375,-218.6005859375
2000-05-23,10380.0888671875,10326.2890625,53.7998046875
2000-05-24,10342.3896484375,10380.0888671875,-37.69921875
2000-05-25,10560.5888671875,10342.3896484375,218.19921875
2000-05-26,10437.0888671875,10560.5888671875,-123.5
2000-05-29,10558.8896484375,10437.0888671875,121.80078125
2000-05-30,10648.4892578125,10558.8896484375,89.599609375
2000-05-31,10688.4892578125,10648.4892578125,40.0
2000-06-01,10875.4892578125,10688.4892578125,187.0
2000-06-02,11141.48828125,10875.4892578125,265.9990234375
2000-06-05,11004.189453125,11141.48828125,-137.298828125
2000-06-06,10782.4892578125,11004.189453125,-221.7001953125
2000-06-07,10688.8896484375,10782.4892578125,-93.599609375
2000-06-08,10799.5888671875,10688.8896484375,110.69921875
2000-06-09,10873.189453125,10799.5888671875,73.6005859375
2000-06-12,10791.2890625,10873.189453125,-81.900390625
2000-06-13,10805.9892578125,10791.2890625,14.7001953125
2000-06-14,10880.689453125,10805.9892578125,74.7001953125
2000-06-15,10875.9892578125,10880.689453125,-4.7001953125
2000-06-16,10723.7890625,10875.9892578125,-152.2001953125
2000-06-19,10595.5888671875,10723.7890625,-128.2001953125
2000-06-20,10563.3896484375,10595.5888671875,-32.19921875
2000-06-21,10351.3896484375,10563.3896484375,-212.0
2000-06-22,10490.4892578125,10351.3896484375,139.099609375
2000-06-23,10533.0888671875,10490.4892578125,42.599609375
2000-06-26,10488.8896484375,10533.0888671875,-44.19921875
2000-06-27,10528.189453125,10488.8896484375,39.2998046875
2000-06-28,10583.189453125,10528.189453125,55.0
2000-06-29,10366.3896484375,10583.189453125,-216.7998046875
2000-06-30,10581.2890625,10366.3896484375,214.8994140625
2000-07-03,10676.689453125,10581.2890625,95.400390625
2000-07-04,10848.8896484375,10676.689453125,172.2001953125
2000-07-05,10757.5888671875,10848.8896484375,-91.30078125
2000-07-06,10739.5888671875,10757.5888671875,-18.0
2000-07-07,10896.689453125,10739.5888671875,157.1005859375
2000-07-10,10828.8896484375,10896.689453125,-67.7998046875
2000-07-11,10874.7890625,10828.8896484375,45.8994140625
2000-07-12,10878.689453125,10874.7890625,3.900390625
2000-07-13,10848.189453125,10878.689453125,-30.5
2000-07-14,11002.5888671875,10848.189453125,154.3994140625
2000-07-17,10949.189453125,11002.5888671875,-53.3994140625
2000-07-18,10791.4892578125,10949.189453125,-157.7001953125
2000-07-19,10850.689453125,10791.4892578125,59.2001953125
2000-07-20,10986.0888671875,10850.689453125,135.3994140625
2000-07-21,10879.5888671875,10986.0888671875,-106.5
2000-07-24,10831.4892578125,10879.5888671875,-48.099609375
2000-07-25,10714.5888671875,10831.4892578125,-116.900390625
2000-07-26,10743.7890625,10714.5888671875,29.2001953125
2000-07-27,10725.9892578125,10743.7890625,-17.7998046875
2000-07-28,10559.9892578125,10725.9892578125,-166.0
2000-07-31,10531.5888671875,10559.9892578125,-28.400390625
2000-08-01,10548.9892578125,10531.5888671875,17.400390625
2000-08-02,10644.4892578125,10548.9892578125,95.5
2000-08-03,10452.9892578125,10644.4892578125,-191.5
2000-08-04,10583.3896484375,10452.9892578125,130.400390625
2000-08-07,10707.689453125,10583.3896484375,124.2998046875
2000-08-08,10867.5888671875,10707.689453125,159.8994140625
2000-08-09,10951.8896484375,10867.5888671875,84.30078125
2000-08-10,11110.587890625,10951.8896484375,158.6982421875
2000-08-11,11094.587890625,11110.587890625,-16.0
2000-08-14,11210.587890625,11094.587890625,116.0
2000-08-15,11207.888671875,11210.587890625,-2.69921875
2000-08-16,11342.6884765625,11207.888671875,134.7998046875
2000-08-17,11155.48828125,11342.6884765625,-187.2001953125
2000-08-18,11065.4892578125,11155.48828125,-89.9990234375
2000-08-21,11093.48828125,11065.4892578125,27.9990234375
2000-08-22,10934.5888671875,11093.48828125,-158.8994140625
2000-08-23,10798.0888671875,10934.5888671875,-136.5
2000-08-24,10720.0888671875,10798.0888671875,-78.0
2000-08-25,10818.2890625,10720.0888671875,98.2001953125
2000-08-28,10907.4892578125,10818.2890625,89.2001953125
2000-08-29,10840.5888671875,10907.4892578125,-66.900390625
2000-08-30,10869.5888671875,10840.5888671875,29.0
2000-08-31,10884.689453125,10869.5888671875,15.1005859375
2000-09-01,11170.087890625,10884.689453125,285.3984375
2000-09-04,11246.2880859375,11170.087890625,76.2001953125
2000-09-05,11188.1884765625,11246.2880859375,-58.099609375
2000-09-06,11238.48828125,11188.1884765625,50.2998046875
2000-09-07,11282.48828125,11238.48828125,44.0
2000-09-08,11103.2880859375,11282.48828125,-179.2001953125
2000-09-11,11229.7880859375,11103.2880859375,126.5
2000-09-12,11311.7880859375,11229.7880859375,82.0
2000-09-13,11212.48828125,11311.7880859375,-99.2998046875
2000-09-14,11451.587890625,11212.48828125,239.099609375
2000-09-15,11463.087890625,11451.587890625,11.5
2000-09-18,11188.087890625,11463.087890625,-275.0
2000-09-19,11065.4892578125,11188.087890625,-122.5986328125
2000-09-20,10901.2890625,11065.4892578125,-164.2001953125
2000-09-21,10803.3896484375,10901.2890625,-97.8994140625
2000-09-22,11029.3896484375,10803.3896484375,226.0
2000-09-25,11159.087890625,11029.3896484375,129.6982421875
2000-09-26,10955.9892578125,11159.087890625,-203.0986328125
2000-09-27,10957.5888671875,10955.9892578125,1.599609375
2000-09-28,11023.0888671875,10957.5888671875,65.5
2000-09-29,10949.9892578125,11023.0888671875,-73.099609375
2000-10-02,11152.48828125,10949.9892578125,202.4990234375
2000-10-03,11271.1884765625,11152.48828125,118.7001953125
2000-10-04,11159.2880859375,11271.1884765625,-111.900390625
2000-10-05,11237.2880859375,11159.2880859375,78.0
2000-10-06,11149.98828125,11237.2880859375,-87.2998046875
2000-10-09,10838.7890625,11149.98828125,-311.19921875
2000-10-10,10950.689453125,10838.7890625,111.900390625
2000-10-11,10618.689453125,10950.689453125,-332.0
2000-10-13,10385.3896484375,10618.689453125,-233.2998046875
2000-10-16,10455.189453125,10385.3896484375,69.7998046875
2000-10-17,10375.3896484375,10455.189453125,-79.7998046875
2000-10-18,10056.08984375,10375.3896484375,-319.2998046875
2000-10-19,10367.2890625,10056.08984375,311.19921875
2000-10-20,10443.5888671875,10367.2890625,76.2998046875
2000-10-23,10329.8896484375,10443.5888671875,-113.69921875
2000-10-24,10666.8896484375,10329.8896484375,337.0
2000-10-25,10517.3896484375,10666.8896484375,-149.5
2000-10-26,10324.689453125,10517.3896484375,-192.7001953125
2000-10-27,10395.689453125,10324.689453125,71.0
2000-10-30,10307.2890625,10395.689453125,-88.400390625
2000-10-31,10363.0888671875,10307.2890625,55.7998046875
2000-11-02,10506.9892578125,10363.0888671875,143.900390625
2000-11-03,10542.689453125,10506.9892578125,35.7001953125
2000-11-06,10610.4892578125,10542.689453125,67.7998046875
2000-11-07,10573.5888671875,10610.4892578125,-36.900390625
2000-11-08,10488.3896484375,10573.5888671875,-85.19921875
2000-11-09,10273.4892578125,10488.3896484375,-214.900390625
2000-11-10,9985.990234375,10273.4892578125,-287.4990234375
2000-11-13,9897.2900390625,9985.990234375,-88.7001953125
2000-11-14,10274.7890625,9897.2900390625,377.4990234375
2000-11-15,10294.0888671875,10274.7890625,19.2998046875
2000-11-16,10135.2890625,10294.0888671875,-158.7998046875
2000-11-17,9845.890625,10135.2890625,-289.3984375
2000-11-20,9548.6904296875,9845.890625,-297.2001953125
2000-11-21,9593.990234375,9548.6904296875,45.2998046875
2000-11-22,9252.490234375,9593.990234375,-341.5
2000-11-23,9334.7900390625,9252.490234375,82.2998046875
2000-11-24,9642.2900390625,9334.7900390625,307.5
2000-11-27,9541.890625,9642.2900390625,-100.3994140625
2000-11-28,9357.990234375,9541.890625,-183.900390625
2000-11-29,9477.2900390625,9357.990234375,119.2998046875
2000-11-30,9214.490234375,9477.2900390625,-262.7998046875
2000-12-01,9339.390625,9214.490234375,124.900390625
2000-12-04,9069.0908203125,9339.390625,-270.2998046875
2000-12-05,9461.08984375,9069.0908203125,391.9990234375
2000-12-07,9497.2900390625,9461.08984375,36.2001953125
2000-12-11,9788.08984375,9497.2900390625,290.7998046875
2000-12-12,9753.490234375,9788.08984375,-34.599609375
2000-12-13,9716.890625,9753.490234375,-36.599609375
2000-12-14,9518.2900390625,9716.890625,-198.6005859375
2000-12-15,9155.69140625,9518.2900390625,-362.5986328125
2000-12-18,9052.791015625,9155.69140625,-102.900390625
2000-12-19,9255.490234375,9052.791015625,202.69921875
2000-12-20,8864.291015625,9255.490234375,-391.19921875
2000-12-21,8964.19140625,8864.291015625,99.900390625
2000-12-22,9038.9912109375,8964.19140625,74.7998046875
2000-12-27,9078.4912109375,9038.9912109375,39.5
2000-12-28,9075.5908203125,9078.4912109375,-2.900390625
2000-12-29,9109.791015625,9075.5908203125,34.2001953125
2001-01-02,9080.19140625,9109.791015625,-29.599609375
2001-01-03,9200.890625,9080.19140625,120.69921875
2001-01-04,9597.1904296875,9200.890625,396.2998046875
2001-01-05,9601.390625,9597.1904296875,4.2001953125
2001-01-08,9623.58984375,9601.390625,22.19921875
2001-01-09,9581.7900390625,9623.58984375,-41.7998046875
2001-01-10,9585.7900390625,9581.7900390625,4.0
2001-01-11,9699.7900390625,9585.7900390625,114.0
2001-01-12,9890.1904296875,9699.7900390625,190.400390625
2001-01-15,9891.990234375,9890.1904296875,1.7998046875
2001-01-16,9722.390625,9891.990234375,-169.599609375
2001-01-17,10020.08984375,9722.390625,297.69921875
2001-01-18,10070.7900390625,10020.08984375,50.7001953125
2001-01-19,9955.490234375,10070.7900390625,-115.2998046875
2001-01-22,10019.1904296875,9955.490234375,63.7001953125
2001-01-23,10100.390625,10019.1904296875,81.2001953125
2001-01-24,10116.1904296875,10100.390625,15.7998046875
2001-01-25,10131.9892578125,10116.1904296875,15.798828125
2001-01-26,10090.08984375,10131.9892578125,-41.8994140625
2001-01-29,9949.890625,10090.08984375,-140.19921875
2001-01-30,10036.1904296875,9949.890625,86.2998046875
2001-01-31,10115.990234375,10036.1904296875,79.7998046875
2001-02-01,10122.9892578125,10115.990234375,6.9990234375
2001-02-02,9848.490234375,10122.9892578125,-274.4990234375
2001-02-05,9846.6904296875,9848.490234375,-1.7998046875
2001-02-06,9934.7900390625,9846.6904296875,88.099609375
2001-02-07,9880.6904296875,9934.7900390625,-54.099609375
2001-02-08,10020.7900390625,9880.6904296875,140.099609375
2001-02-09,9936.2900390625,10020.7900390625,-84.5
2001-02-12,10096.490234375,9936.2900390625,160.2001953125
2001-02-13,10054.1904296875,10096.490234375,-42.2998046875
2001-02-14,9759.6904296875,10054.1904296875,-294.5
2001-02-15,9865.2900390625,9759.6904296875,105.599609375
2001-02-16,9789.490234375,9865.2900390625,-75.7998046875
2001-02-19,9861.2900390625,9789.490234375,71.7998046875
2001-02-20,9680.490234375,9861.2900390625,-180.7998046875
2001-02-21,9592.08984375,9680.490234375,-88.400390625
2001-02-22,9418.7900390625,9592.08984375,-173.2998046875
2001-02-23,9344.7900390625,9418.7900390625,-74.0
2001-02-26,9476.390625,9344.7900390625,131.6005859375
2001-02-27,9554.08984375,9476.390625,77.69921875
2001-02-28,9551.390625,9554.08984375,-2.69921875
2001-03-01,9486.08984375,9551.390625,-65.30078125
2001-03-02,9570.890625,9486.08984375,84.80078125
2001-03-05,9688.08984375,9570.890625,117.19921875
2001-03-06,9892.08984375,9688.08984375,204.0
2001-03-07,9923.2900390625,9892.08984375,31.2001953125
2001-03-08,9798.1904296875,9923.2900390625,-125.099609375
2001-03-09,9726.58984375,9798.1904296875,-71.6005859375
2001-03-12,9494.7900390625,9726.58984375,-231.7998046875
2001-03-13,9510.890625,9494.7900390625,16.1005859375
2001-03-14,9392.990234375,9510.890625,-117.900390625
2001-03-15,9476.2900390625,9392.990234375,83.2998046875
2001-03-16,9289.990234375,9476.2900390625,-186.2998046875
2001-03-19,9251.2900390625,9289.990234375,-38.7001953125
2001-03-20,9216.6904296875,9251.2900390625,-34.599609375
2001-03-21,8899.791015625,9216.6904296875,-316.8994140625
2001-03-22,8531.791015625,8899.791015625,-368.0
2001-03-23,8810.4912109375,8531.791015625,278.7001953125
2001-03-26,9063.3916015625,8810.4912109375,252.900390625
2001-03-27,9263.2900390625,9063.3916015625,199.8984375
2001-03-28,9163.390625,9263.2900390625,-99.8994140625
2001-03-29,9222.7900390625,9163.390625,59.3994140625
2001-03-30,9308.2900390625,9222.7900390625,85.5
2001-04-02,9324.2900390625,9308.2900390625,16.0
2001-04-03,9011.791015625,9324.2900390625,-312.4990234375
2001-04-04,9172.390625,9011.791015625,160.599609375
2001-04-05,9340.1904296875,9172.390625,167.7998046875
2001-04-06,9328.390625,9340.1904296875,-11.7998046875
2001-04-09,9453.490234375,9328.390625,125.099609375
2001-04-10,9601.7900390625,9453.490234375,148.2998046875
2001-04-11,9613.890625,9601.7900390625,12.1005859375
2001-04-12,9648.7900390625,9613.890625,34.8994140625
2001-04-17,9526.490234375,9648.7900390625,-122.2998046875
2001-04-18,9797.7900390625,9526.490234375,271.2998046875
2001-04-19,9797.990234375,9797.7900390625,0.2001953125
2001-04-20,9547.490234375,9797.990234375,-250.5
2001-04-23,9269.390625,9547.490234375,-278.099609375
2001-04-24,9418.890625,9269.390625,149.5
2001-04-25,9350.390625,9418.890625,-68.5
2001-04-26,9523.890625,9350.390625,173.5
2001-04-27,9634.58984375,9523.890625,110.69921875
2001-04-30,9760.990234375,9634.58984375,126.400390625
2001-05-02,9633.490234375,9760.990234375,-127.5
2001-05-03,9497.1904296875,9633.490234375,-136.2998046875
2001-05-04,9542.6904296875,9497.1904296875,45.5
2001-05-07,9589.1904296875,9542.6904296875,46.5
2001-05-08,9657.990234375,9589.1904296875,68.7998046875
2001-05-09,9654.2900390625,9657.990234375,-3.7001953125
2001-05-10,9781.490234375,9654.2900390625,127.2001953125
2001-05-11,9684.490234375,9781.490234375,-97.0
2001-05-14,9602.1904296875,9684.490234375,-82.2998046875
2001-05-15,9667.58984375,9602.1904296875,65.3994140625
2001-05-16,9588.08984375,9667.58984375,-79.5
2001-05-17,9661.490234375,9588.08984375,73.400390625
2001-05-18,9728.390625,9661.490234375,66.900390625
2001-05-21,9678.1904296875,9728.390625,-50.2001953125
2001-05-22,9626.890625,9678.1904296875,-51.2998046875
2001-05-23,9632.58984375,9626.890625,5.69921875
2001-05-24,9616.1904296875,9632.58984375,-16.3994140625
2001-05-25,9468.390625,9616.1904296875,-147.7998046875
2001-05-28,9545.58984375,9468.390625,77.19921875
2001-05-29,9487.1904296875,9545.58984375,-58.3994140625
2001-05-30,9439.890625,9487.1904296875,-47.2998046875
2001-05-31,9500.6904296875,9439.890625,60.7998046875
2001-06-01,9399.390625,9500.6904296875,-101.2998046875
2001-06-04,9561.490234375,9399.390625,162.099609375
2001-06-05,9601.7900390625,9561.490234375,40.2998046875
2001-06-06,9530.6904296875,9601.7900390625,-71.099609375
2001-06-07,9516.7900390625,9530.6904296875,-13.900390625
2001-06-08,9607.2900390625,9516.7900390625,90.5
2001-06-11,9606.7900390625,9607.2900390625,-0.5
2001-06-12,9443.990234375,9606.7900390625,-162.7998046875
2001-06-13,9522.490234375,9443.990234375,78.5
2001-06-14,9476.58984375,9522.490234375,-45.900390625
2001-06-15,9363.2900390625,9476.58984375,-113.2998046875
2001-06-18,9018.69140625,9363.2900390625,-344.5986328125
2001-06-19,9047.8916015625,9018.69140625,29.2001953125
2001-06-20,9021.4912109375,9047.8916015625,-26.400390625
2001-06-21,8920.8916015625,9021.4912109375,-100.599609375
2001-06-22,8925.19140625,8920.8916015625,4.2998046875
2001-06-25,8964.291015625,8925.19140625,39.099609375
2001-06-26,8792.69140625,8964.291015625,-171.599609375
2001-06-27,8787.5908203125,8792.69140625,-5.1005859375
2001-06-28,8855.8916015625,8787.5908203125,68.30078125
2001-06-29,8878.3916015625,8855.8916015625,22.5
2001-07-02,9073.291015625,8878.3916015625,194.8994140625
2001-07-03,9015.8916015625,9073.291015625,-57.3994140625
2001-07-04,8884.9912109375,9015.8916015625,-130.900390625
2001-07-05,8787.5908203125,8884.9912109375,-97.400390625
2001-07-06,8501.8916015625,8787.5908203125,-285.69921875
2001-07-09,8526.19140625,8501.8916015625,24.2998046875
2001-07-10,8465.0908203125,8526.19140625,-61.1005859375
2001-07-11,8266.0908203125,8465.0908203125,-199.0
2001-07-12,8166.69189453125,8266.0908203125,-99.39892578125
2001-07-13,8303.8916015625,8166.69189453125,137.19970703125
2001-07-16,8296.0908203125,8303.8916015625,-7.80078125
2001-07-17,8372.69140625,8296.0908203125,76.6005859375
2001-07-18,8210.0908203125,8372.69140625,-162.6005859375
2001-07-19,8354.19140625,8210.0908203125,144.1005859375
2001-07-20,8304.0908203125,8354.19140625,-50.1005859375
2001-07-23,8378.8916015625,8304.0908203125,74.80078125
2001-07-24,8373.791015625,8378.8916015625,-5.1005859375
2001-07-25,8153.49169921875,8373.791015625,-220.29931640625
2001-07-26,8230.9912109375,8153.49169921875,77.49951171875
2001-07-27,8216.9912109375,8230.9912109375,-14.0
2001-07-30,8417.8916015625,8216.9912109375,200.900390625
2001-07-31,8479.9912109375,8417.8916015625,62.099609375
2001-08-01,8557.291015625,8479.9912109375,77.2998046875
2001-08-02,8608.69140625,8557.291015625,51.400390625
2001-08-03,8564.69140625,8608.69140625,-44.0
2001-08-06,8636.19140625,8564.69140625,71.5
2001-08-07,8567.69140625,8636.19140625,-68.5
2001-08-08,8439.19140625,8567.69140625,-128.5
2001-08-09,8291.9912109375,8439.19140625,-147.2001953125
2001-08-10,8202.9912109375,8291.9912109375,-89.0
2001-08-13,8337.69140625,8202.9912109375,134.7001953125
2001-08-14,8449.9912109375,8337.69140625,112.2998046875
2001-08-16,8322.8916015625,8449.9912109375,-127.099609375
2001-08-17,8200.0908203125,8322.8916015625,-122.80078125
2001-08-20,8190.29150390625,8200.0908203125,-9.79931640625
2001-08-21,8195.9912109375,8190.29150390625,5.69970703125
2001-08-22,8305.5908203125,8195.9912109375,109.599609375
2001-08-23,8401.291015625,8305.5908203125,95.7001953125
2001-08-24,8540.5908203125,8401.291015625,139.2998046875
2001-08-27,8515.5908203125,8540.5908203125,-25.0
2001-08-28,8372.8916015625,8515.5908203125,-142.69921875
2001-08-29,8425.291015625,8372.8916015625,52.3994140625
2001-08-30,8232.0908203125,8425.291015625,-193.2001953125
2001-08-31,8321.0908203125,8232.0908203125,89.0
2001-09-03,8152.99169921875,8321.0908203125,-168.09912109375
2001-09-04,8291.19140625,8152.99169921875,138.19970703125
2001-09-05,8117.29150390625,8291.19140625,-173.89990234375
2001-09-06,7904.6923828125,8117.29150390625,-212.59912109375
2001-09-07,7727.1923828125,7904.6923828125,-177.5
2001-09-10,7678.6923828125,7727.1923828125,-48.5
2001-09-12,7336.69287109375,7678.6923828125,-341.99951171875
2001-09-13,7338.69287109375,7336.69287109375,2.0
2001-09-14,6911.79296875,7338.69287109375,-426.89990234375
2001-09-17,7094.79248046875,6911.79296875,182.99951171875
2001-09-18,7043.79248046875,7094.79248046875,-51.0
2001-09-19,6933.59326171875,7043.79248046875,-110.19921875
2001-09-20,6725.29296875,6933.59326171875,-208.30029296875
2001-09-21,6498.3935546875,6725.29296875,-226.8994140625
2001-09-24,6885.693359375,6498.3935546875,387.2998046875
2001-09-25,7000.49267578125,6885.693359375,114.79931640625
2001-09-26,7050.892578125,7000.49267578125,50.39990234375
2001-09-27,7197.892578125,7050.892578125,147.0
2001-09-28,7313.99267578125,7197.892578125,116.10009765625
2001-10-01,7193.0927734375,7313.99267578125,-120.89990234375
2001-10-02,7309.892578125,7193.0927734375,116.7998046875
2001-10-03,7244.99267578125,7309.892578125,-64.89990234375
2001-10-04,7466.29248046875,7244.99267578125,221.2998046875
2001-10-05,7169.29248046875,7466.29248046875,-297.0
2001-10-08,7199.99267578125,7169.29248046875,30.7001953125
2001-10-09,7278.392578125,7199.99267578125,78.39990234375
2001-10-10,7529.59228515625,7278.392578125,251.19970703125
2001-10-11,7553.09228515625,7529.59228515625,23.5
2001-10-15,7511.89208984375,7553.09228515625,-41.2001953125
2001-10-16,7643.6923828125,7511.89208984375,131.80029296875
2001-10-17,7918.59228515625,7643.6923828125,274.89990234375
2001-10-18,7802.2919921875,7918.59228515625,-116.30029296875
2001-10-19,7590.6923828125,7802.2919921875,-211.599609375
2001-10-22,7780.39208984375,7590.6923828125,189.69970703125
2001-10-23,7963.091796875,7780.39208984375,182.69970703125
2001-10-24,8096.69189453125,7963.091796875,133.60009765625
2001-10-25,7879.2919921875,8096.69189453125,-217.39990234375
2001-10-26,7958.29150390625,7879.2919921875,78.99951171875
2001-10-29,7792.6923828125,7958.29150390625,-165.59912109375
2001-10-30,7562.4921875,7792.6923828125,-230.2001953125
2001-10-31,7774.2919921875,7562.4921875,211.7998046875
2001-11-01,7754.7919921875,7774.2919921875,-19.5
2001-11-02,7677.4921875,7754.7919921875,-77.2998046875
2001-11-05,7925.9921875,7677.4921875,248.5
2001-11-06,8017.79150390625,7925.9921875,91.79931640625
2001-11-07,8118.3916015625,8017.79150390625,100.60009765625
2001-11-08,8363.291015625,8118.3916015625,244.8994140625
2001-11-09,8221.9912109375,8363.291015625,-141.2998046875
2001-11-12,8059.79150390625,8221.9912109375,-162.19970703125
2001-11-13,8383.0908203125,8059.79150390625,323.29931640625
2001-11-14,8463.5908203125,8383.0908203125,80.5
2001-11-15,8500.291015625,8463.5908203125,36.7001953125
2001-11-16,8536.5908203125,8500.291015625,36.2998046875
2001-11-19,8691.0908203125,8536.5908203125,154.5
2001-11-20,8540.5908203125,8691.0908203125,-150.5
2001-11-21,8425.3916015625,8540.5908203125,-115.19921875
2001-11-22,8506.0908203125,8425.3916015625,80.69921875
2001-11-23,8531.69140625,8506.0908203125,25.6005859375
2001-11-26,8563.0908203125,8531.69140625,31.3994140625
2001-11-27,8439.291015625,8563.0908203125,-123.7998046875
2001-11-28,8348.291015625,8439.291015625,-91.0
2001-11-29,8272.8916015625,8348.291015625,-75.3994140625
2001-11-30,8364.69140625,8272.8916015625,91.7998046875
2001-12-03,8302.8916015625,8364.69140625,-61.7998046875
2001-12-04,8514.5908203125,8302.8916015625,211.69921875
2001-12-05,8825.4912109375,8514.5908203125,310.900390625
2001-12-07,8703.19140625,8825.4912109375,-122.2998046875
2001-12-10,8559.8916015625,8703.19140625,-143.2998046875
2001-12-11,8636.69140625,8559.8916015625,76.7998046875
2001-12-12,8532.4912109375,8636.69140625,-104.2001953125
2001-12-13,8319.4912109375,8532.4912109375,-213.0
2001-12-14,8281.5908203125,8319.4912109375,-37.900390625
2001-12-17,8543.0908203125,8281.5908203125,261.5
2001-12-18,8474.0908203125,8543.0908203125,-69.0
2001-12-19,8326.9912109375,8474.0908203125,-147.099609375
2001-12-20,8232.791015625,8326.9912109375,-94.2001953125
2001-12-21,8284.8916015625,8232.791015625,52.1005859375
2001-12-27,8434.8916015625,8284.8916015625,150.0
2001-12-28,8397.5908203125,8434.8916015625,-37.30078125
2002-01-02,8377.0908203125,8397.5908203125,-20.5
2002-01-03,8554.69140625,8377.0908203125,177.6005859375
2002-01-04,8463.0908203125,8554.69140625,-91.6005859375
2002-01-07,8177.29150390625,8463.0908203125,-285.79931640625
2002-01-08,8186.591796875,8177.29150390625,9.30029296875
2002-01-09,8066.091796875,8186.591796875,-120.5
2002-01-10,7935.39208984375,8066.091796875,-130.69970703125
2002-01-11,7983.091796875,7935.39208984375,47.69970703125
2002-01-14,7800.2919921875,7983.091796875,-182.7998046875
2002-01-15,7948.6923828125,7800.2919921875,148.400390625
2002-01-16,7804.09228515625,7948.6923828125,-144.60009765625
2002-01-17,7977.49169921875,7804.09228515625,173.3994140625
2002-01-18,8008.79150390625,7977.49169921875,31.2998046875
2002-01-21,7902.4921875,8008.79150390625,-106.29931640625
2002-01-22,8033.091796875,7902.4921875,130.599609375
2002-01-23,8078.29150390625,8033.091796875,45.19970703125
2002-01-24,8213.291015625,8078.29150390625,134.99951171875
2002-01-25,8184.99169921875,8213.291015625,-28.29931640625
2002-01-28,8273.0908203125,8184.99169921875,88.09912109375
2002-01-29,8178.3916015625,8273.0908203125,-94.69921875
2002-01-30,8019.69189453125,8178.3916015625,-158.69970703125
2002-01-31,8050.3916015625,8019.69189453125,30.69970703125
2002-02-01,8171.091796875,8050.3916015625,120.7001953125
2002-02-04,8014.29150390625,8171.091796875,-156.80029296875
2002-02-05,7852.6923828125,8014.29150390625,-161.59912109375
2002-02-06,7708.09228515625,7852.6923828125,-144.60009765625
2002-02-07,7872.39208984375,7708.09228515625,164.2998046875
2002-02-08,7829.7919921875,7872.39208984375,-42.60009765625
2002-02-11,7819.6923828125,7829.7919921875,-10.099609375
2002-02-12,7787.7919921875,7819.6923828125,-31.900390625
2002-02-13,7867.1923828125,7787.7919921875,79.400390625
2002-02-14,8021.3916015625,7867.1923828125,154.19921875
2002-02-15,7920.39208984375,8021.3916015625,-100.99951171875
2002-02-18,7832.39208984375,7920.39208984375,-88.0
2002-02-19,7708.59228515625,7832.39208984375,-123.7998046875
2002-02-20,7716.39208984375,7708.59228515625,7.7998046875
2002-02-21,7736.4921875,7716.39208984375,20.10009765625
2002-02-22,7662.39208984375,7736.4921875,-74.10009765625
2002-02-25,7775.09228515625,7662.39208984375,112.7001953125
2002-02-26,7846.9921875,7775.09228515625,71.89990234375
2002-02-27,8101.3916015625,7846.9921875,254.3994140625
2002-02-28,8135.49169921875,8101.3916015625,34.10009765625
2002-03-01,8230.69140625,8135.49169921875,95.19970703125
2002-03-04,8384.9912109375,8230.69140625,154.2998046875
2002-03-05,8307.19140625,8384.9912109375,-77.7998046875
2002-03-06,8320.4912109375,8307.19140625,13.2998046875
2002-03-07,8382.19140625,8320.4912109375,61.7001953125
2002-03-08,8369.69140625,8382.19140625,-12.5
2002-03-11,8317.8916015625,8369.69140625,-51.7998046875
2002-03-12,8225.8916015625,8317.8916015625,-92.0
2002-03-13,8198.9912109375,8225.8916015625,-26.900390625
2002-03-14,8253.291015625,8198.9912109375,54.2998046875
2002-03-15,8318.791015625,8253.291015625,65.5
2002-03-18,8394.69140625,8318.791015625,75.900390625
2002-03-19,8471.291015625,8394.69140625,76.599609375
2002-03-20,8390.0908203125,8471.291015625,-81.2001953125
2002-03-21,8334.3916015625,8390.0908203125,-55.69921875
2002-03-22,8345.9912109375,8334.3916015625,11.599609375
2002-03-25,8167.19189453125,8345.9912109375,-178.79931640625
2002-03-26,8123.19189453125,8167.19189453125,-44.0
2002-03-27,8157.99169921875,8123.19189453125,34.7998046875
2002-03-28,8249.69140625,8157.99169921875,91.69970703125
2002-04-02,8202.0908203125,8249.69140625,-47.6005859375
2002-04-03,8236.0908203125,8202.0908203125,34.0
2002-04-04,8164.69189453125,8236.0908203125,-71.39892578125
2002-04-05,8170.091796875,8164.69189453125,5.39990234375
2002-04-08,7976.091796875,8170.091796875,-194.0
2002-04-09,8038.49169921875,7976.091796875,62.39990234375
2002-04-10,8098.19189453125,8038.49169921875,59.7001953125
2002-04-11,7971.091796875,8098.19189453125,-127.10009765625
2002-04-12,8027.29150390625,7971.091796875,56.19970703125
2002-04-15,8116.8916015625,8027.29150390625,89.60009765625
2002-04-16,8353.4912109375,8116.8916015625,236.599609375
2002-04-17,8393.791015625,8353.4912109375,40.2998046875
2002-04-18,8348.0908203125,8393.791015625,-45.7001953125
2002-04-19,8420.3916015625,8348.0908203125,72.30078125
2002-04-22,8363.4912109375,8420.3916015625,-56.900390625
2002-04-23,8356.8916015625,8363.4912109375,-6.599609375
2002-04-24,8324.9912109375,8356.8916015625,-31.900390625
2002-04-25,8171.091796875,8324.9912109375,-153.8994140625
2002-04-26,8181.99169921875,8171.091796875,10.89990234375
2002-04-29,8146.29150390625,8181.99169921875,-35.7001953125
2002-04-30,8154.3916015625,8146.29150390625,8.10009765625
2002-05-02,8047.99169921875,8154.3916015625,-106.39990234375
2002-05-03,8018.99169921875,8047.99169921875,-29.0
2002-05-06,7945.89208984375,8018.99169921875,-73.099609375
2002-05-07,7910.6923828125,7945.89208984375,-35.19970703125
2002-05-08,8087.8916015625,7910.6923828125,177.19921875
2002-05-09,8041.3916015625,8087.8916015625,-46.5
2002-05-10,7897.09228515625,8041.3916015625,-144.29931640625
2002-05-13,7998.091796875,7897.09228515625,100.99951171875
2002-05-14,8103.591796875,7998.091796875,105.5
2002-05-15,8162.091796875,8103.591796875,58.5
2002-05-16,8088.091796875,8162.091796875,-74.0
2002-05-17,8090.591796875,8088.091796875,2.5
2002-05-20,7999.99169921875,8090.591796875,-90.60009765625
2002-05-21,7949.9921875,7999.99169921875,-49.99951171875
2002-05-22,7857.09228515625,7949.9921875,-92.89990234375
2002-05-23,7902.09228515625,7857.09228515625,45.0
2002-05-24,7950.1923828125,7902.09228515625,48.10009765625
2002-05-27,7992.99169921875,7950.1923828125,42.79931640625
2002-05-28,7925.09228515625,7992.99169921875,-67.8994140625
2002-05-29,7946.6923828125,7925.09228515625,21.60009765625
2002-05-30,7854.7919921875,7946.6923828125,-91.900390625
2002-05-31,7949.89208984375,7854.7919921875,95.10009765625
2002-06-03,7899.6923828125,7949.89208984375,-50.19970703125
2002-06-04,7666.9921875,7899.6923828125,-232.7001953125
2002-06-05,7619.09228515625,7666.9921875,-47.89990234375
2002-06-06,7577.4921875,7619.09228515625,-41.60009765625
2002-06-07,7480.59228515625,7577.4921875,-96.89990234375
2002-06-10,7483.09228515625,7480.59228515625,2.5
2002-06-11,7553.89208984375,7483.09228515625,70.7998046875
2002-06-12,7387.5927734375,7553.89208984375,-166.29931640625
2002-06-13,7296.49267578125,7387.5927734375,-91.10009765625
2002-06-14,7128.19287109375,7296.49267578125,-168.2998046875
2002-06-17,7332.99267578125,7128.19287109375,204.7998046875
2002-06-18,7350.79248046875,7332.99267578125,17.7998046875
2002-06-19,7212.69287109375,7350.79248046875,-138.099609375
2002-06-20,7060.29248046875,7212.69287109375,-152.400390625
2002-06-21,6925.4931640625,7060.29248046875,-134.79931640625
2002-06-24,6651.39306640625,6925.4931640625,-274.10009765625
2002-06-25,6773.59326171875,6651.39306640625,122.2001953125
2002-06-26,6683.39306640625,6773.59326171875,-90.2001953125
2002-06-27,6695.79296875,6683.39306640625,12.39990234375
2002-06-28,6912.9931640625,6695.79296875,217.2001953125
2002-07-01,6893.59326171875,6912.9931640625,-19.39990234375
2002-07-02,6713.39306640625,6893.59326171875,-180.2001953125
2002-07-03,6592.193359375,6713.39306640625,-121.19970703125
2002-07-04,6686.59326171875,6592.193359375,94.39990234375
2002-07-05,7078.392578125,6686.59326171875,391.79931640625
2002-07-08,7133.79248046875,7078.392578125,55.39990234375
2002-07-09,6997.69287109375,7133.79248046875,-136.099609375
2002-07-10,6858.29296875,6997.69287109375,-139.39990234375
2002-07-11,6637.693359375,6858.29296875,-220.599609375
2002-07-12,6724.59326171875,6637.693359375,86.89990234375
2002-07-15,6420.8935546875,6724.59326171875,-303.69970703125
2002-07-16,6421.19384765625,6420.8935546875,0.30029296875
2002-07-17,6660.59326171875,6421.19384765625,239.3994140625
2002-07-18,6751.59326171875,6660.59326171875,91.0
2002-07-19,6420.3935546875,6751.59326171875,-331.19970703125
2002-07-22,6251.8935546875,6420.3935546875,-168.5
2002-07-23,6158.59375,6251.8935546875,-93.2998046875
2002-07-24,6004.494140625,6158.59375,-154.099609375
2002-07-25,6310.09375,6004.494140625,305.599609375
2002-07-26,6303.3935546875,6310.09375,-6.7001953125
2002-07-29,6659.79296875,6303.3935546875,356.3994140625
2002-07-30,6322.29345703125,6659.79296875,-337.49951171875
2002-07-31,6249.29345703125,6322.29345703125,-73.0
2002-08-01,6074.8935546875,6249.29345703125,-174.39990234375
2002-08-02,6114.09375,6074.8935546875,39.2001953125
2002-08-05,5963.1943359375,6114.09375,-150.8994140625
2002-08-06,6168.59375,5963.1943359375,205.3994140625
2002-08-07,6091.69384765625,6168.59375,-76.89990234375
2002-08-08,6396.09375,6091.69384765625,304.39990234375
2002-08-09,6400.29345703125,6396.09375,4.19970703125
2002-08-12,6221.09375,6400.29345703125,-179.19970703125
2002-08-13,6271.3935546875,6221.09375,50.2998046875
2002-08-14,6104.59375,6271.3935546875,-166.7998046875
2002-08-16,6326.59375,6104.59375,222.0
2002-08-19,6582.9931640625,6326.59375,256.3994140625
2002-08-20,6466.29345703125,6582.9931640625,-116.69970703125
2002-08-21,6528.09326171875,6466.29345703125,61.7998046875
2002-08-22,6678.79296875,6528.09326171875,150.69970703125
2002-08-23,6590.09326171875,6678.79296875,-88.69970703125
2002-08-26,6534.09326171875,6590.09326171875,-56.0
2002-08-27,6703.09326171875,6534.09326171875,169.0
2002-08-28,6472.69384765625,6703.09326171875,-230.3994140625
2002-08-29,6370.8935546875,6472.69384765625,-101.80029296875
2002-08-30,6435.69384765625,6370.8935546875,64.80029296875
2002-09-02,6341.29345703125,6435.69384765625,-94.400390625
2002-09-03,6141.8935546875,6341.29345703125,-199.39990234375
2002-09-04,6165.09375,6141.8935546875,23.2001953125
2002-09-05,6080.3935546875,6165.09375,-84.7001953125
2002-09-06,6261.59375,6080.3935546875,181.2001953125
2002-09-09,6143.29345703125,6261.59375,-118.30029296875
2002-09-10,6295.69384765625,6143.29345703125,152.400390625
2002-09-11,6491.99365234375,6295.69384765625,196.2998046875
2002-09-12,6251.09375,6491.99365234375,-240.89990234375
2002-09-13,6141.29345703125,6251.09375,-109.80029296875
2002-09-16,6086.99365234375,6141.29345703125,-54.2998046875
2002-09-17,6081.99365234375,6086.99365234375,-5.0
2002-09-18,5905.494140625,6081.99365234375,-176.49951171875
2002-09-19,5818.994140625,5905.494140625,-86.5
2002-09-20,5761.09423828125,5818.994140625,-57.89990234375
2002-09-23,5580.09423828125,5761.09423828125,-181.0
2002-09-24,5390.89453125,5580.09423828125,-189.19970703125
2002-09-25,5447.39453125,5390.89453125,56.5
2002-09-26,5682.39404296875,5447.39453125,234.99951171875
2002-09-27,5630.59423828125,5682.39404296875,-51.7998046875
2002-09-30,5431.69482421875,5630.59423828125,-198.8994140625
2002-10-01,5368.5947265625,5431.69482421875,-63.10009765625
2002-10-02,5614.39404296875,5368.5947265625,245.79931640625
2002-10-03,5551.6943359375,5614.39404296875,-62.69970703125
2002-10-04,5499.19482421875,5551.6943359375,-52.49951171875
2002-10-07,5464.29443359375,5499.19482421875,-34.900390625
2002-10-08,5454.0947265625,5464.29443359375,-10.19970703125
2002-10-09,5364.49462890625,5454.0947265625,-89.60009765625
2002-10-10,5447.5947265625,5364.49462890625,83.10009765625
2002-10-11,5660.994140625,5447.5947265625,213.3994140625
2002-10-14,5603.2939453125,5660.994140625,-57.7001953125
2002-10-15,5889.39404296875,5603.2939453125,286.10009765625
2002-10-16,5865.39404296875,5889.39404296875,-24.0
2002-10-17,6023.494140625,5865.39404296875,158.10009765625
2002-10-18,6010.7939453125,6023.494140625,-12.7001953125
2002-10-21,6031.3935546875,6010.7939453125,20.599609375
2002-10-22,6040.79345703125,6031.3935546875,9.39990234375
2002-10-23,5881.39404296875,6040.79345703125,-159.3994140625
2002-10-24,6054.19384765625,5881.39404296875,172.7998046875
2002-10-25,6092.49365234375,6054.19384765625,38.2998046875
2002-10-28,6164.59375,6092.49365234375,72.10009765625
2002-10-29,6005.89404296875,6164.59375,-158.69970703125
2002-10-30,6038.09375,6005.89404296875,32.19970703125
2002-10-31,6139.3935546875,6038.09375,101.2998046875
2002-11-04,6366.19384765625,6139.3935546875,226.80029296875
2002-11-05,6369.09375,6366.19384765625,2.89990234375
2002-11-06,6319.09375,6369.09375,-50.0
2002-11-07,6115.59375,6319.09375,-203.5
2002-11-08,6074.19384765625,6115.59375,-41.39990234375
2002-11-11,6059.99365234375,6074.19384765625,-14.2001953125
2002-11-12,6141.8935546875,6059.99365234375,81.89990234375
2002-11-13,6133.49365234375,6141.8935546875,-8.39990234375
2002-11-14,6271.69384765625,6133.49365234375,138.2001953125
2002-11-15,6250.79345703125,6271.69384765625,-20.900390625
2002-11-18,6356.29345703125,6250.79345703125,105.5
2002-11-19,6299.29345703125,6356.29345703125,-57.0
2002-11-20,6264.29345703125,6299.29345703125,-35.0
2002-11-21,6498.8935546875,6264.29345703125,234.60009765625
2002-11-22,6539.193359375,6498.8935546875,40.2998046875
2002-11-25,6580.693359375,6539.193359375,41.5
2002-11-26,6471.49365234375,6580.693359375,-109.19970703125
2002-11-27,6700.09326171875,6471.49365234375,228.599609375
2002-11-28,6704.09326171875,6700.09326171875,4.0
2002-11-29,6685.59326171875,6704.09326171875,-18.5
2002-12-02,6736.29296875,6685.59326171875,50.69970703125
2002-12-03,6582.39306640625,6736.29296875,-153.89990234375
2002-12-04,6512.79296875,6582.39306640625,-69.60009765625
2002-12-05,6425.29345703125,6512.79296875,-87.49951171875
2002-12-09,6290.99365234375,6425.29345703125,-134.2998046875
2002-12-10,6332.09375,6290.99365234375,41.10009765625
2002-12-11,6371.49365234375,6332.09375,39.39990234375
2002-12-12,6251.59375,6371.49365234375,-119.89990234375
2002-12-13,6120.59375,6251.59375,-131.0
2002-12-16,6311.3935546875,6120.59375,190.7998046875
2002-12-17,6266.59375,6311.3935546875,-44.7998046875
2002-12-18,6155.79345703125,6266.59375,-110.80029296875
2002-12-19,6168.29345703125,6155.79345703125,12.5
2002-12-20,6207.99365234375,6168.29345703125,39.7001953125
2002-12-23,6240.19384765625,6207.99365234375,32.2001953125
2002-12-27,6081.29345703125,6240.19384765625,-158.900390625
2002-12-30,6036.8935546875,6081.29345703125,-44.39990234375
2003-01-02,6283.99365234375,6036.8935546875,247.10009765625
2003-01-03,6237.29345703125,6283.99365234375,-46.7001953125
2003-01-07,6349.29345703125,6237.29345703125,112.0
2003-01-08,6377.19384765625,6349.29345703125,27.900390625
2003-01-09,6432.99365234375,6377.19384765625,55.7998046875
2003-01-10,6438.8935546875,6432.99365234375,5.89990234375
2003-01-13,6534.693359375,6438.8935546875,95.7998046875
2003-01-14,6589.193359375,6534.693359375,54.5
2003-01-15,6566.79296875,6589.193359375,-22.400390625
2003-01-16,6610.59326171875,6566.79296875,43.80029296875
2003-01-17,6458.19384765625,6610.59326171875,-152.3994140625
2003-01-20,6390.79345703125,6458.19384765625,-67.400390625
2003-01-21,6346.29345703125,6390.79345703125,-44.5
2003-01-22,6249.69384765625,6346.29345703125,-96.599609375
2003-01-23,6310.19384765625,6249.69384765625,60.5
2003-01-24,6268.8935546875,6310.19384765625,-41.30029296875
2003-01-27,6022.39404296875,6268.8935546875,-246.49951171875
2003-01-28,5955.39404296875,6022.39404296875,-67.0
2003-01-29,5940.994140625,5955.39404296875,-14.39990234375
2003-01-30,6019.59423828125,5940.994140625,78.60009765625
2003-01-31,5947.6943359375,6019.59423828125,-71.89990234375
2003-02-03,6017.1943359375,5947.6943359375,69.5
2003-02-04,5872.89404296875,6017.1943359375,-144.30029296875
2003-02-05,6002.59423828125,5872.89404296875,129.7001953125
2003-02-06,5885.59423828125,6002.59423828125,-117.0
2003-02-07,5809.2939453125,5885.59423828125,-76.30029296875
2003-02-10,5787.59423828125,5809.2939453125,-21.69970703125
2003-02-11,5923.2939453125,5787.59423828125,135.69970703125
2003-02-12,5840.1943359375,5923.2939453125,-83.099609375
2003-02-13,5817.59423828125,5840.1943359375,-22.60009765625
2003-02-14,5972.7939453125,5817.59423828125,155.19970703125
2003-02-17,6082.8935546875,5972.7939453125,110.099609375
2003-02-18,6164.99365234375,6082.8935546875,82.10009765625
2003-02-19,6036.79345703125,6164.99365234375,-128.2001953125
2003-02-20,5989.2939453125,6036.79345703125,-47.49951171875
2003-02-21,6043.19384765625,5989.2939453125,53.89990234375
2003-02-24,5952.09423828125,6043.19384765625,-91.099609375
2003-02-25,5803.1943359375,5952.09423828125,-148.89990234375
2003-02-26,5781.994140625,5803.1943359375,-21.2001953125
2003-02-27,5887.6943359375,5781.994140625,105.7001953125
2003-02-28,5999.39404296875,5887.6943359375,111.69970703125
2003-03-03,5987.1943359375,5999.39404296875,-12.19970703125
2003-03-04,5861.7939453125,5987.1943359375,-125.400390625
2003-03-05,5879.7939453125,5861.7939453125,18.0
2003-03-06,5816.89404296875,5879.7939453125,-62.89990234375
2003-03-07,5716.494140625,5816.89404296875,-100.39990234375
2003-03-10,5569.39404296875,5716.494140625,-147.10009765625
2003-03-11,5606.39404296875,5569.39404296875,37.0
2003-03-12,5452.39453125,5606.39404296875,-153.99951171875
2003-03-13,5670.6943359375,5452.39453125,218.2998046875
2003-03-14,5904.89404296875,5670.6943359375,234.19970703125
2003-03-17,6064.49365234375,5904.89404296875,159.599609375
2003-03-18,6089.59375,6064.49365234375,25.10009765625
2003-03-19,6171.29345703125,6089.59375,81.69970703125
2003-03-20,6102.09375,6171.29345703125,-69.19970703125
2003-03-21,6257.99365234375,6102.09375,155.89990234375
2003-03-24,6004.994140625,6257.99365234375,-252.99951171875
2003-03-25,6123.79345703125,6004.994140625,118.79931640625
2003-03-26,6142.79345703125,6123.79345703125,19.0
2003-03-27,6022.39404296875,6142.79345703125,-120.3994140625
2003-03-28,6029.19384765625,6022.39404296875,6.7998046875
2003-03-31,5870.494140625,6029.19384765625,-158.69970703125
2003-04-01,5953.1943359375,5870.494140625,82.7001953125
2003-04-02,6174.49365234375,5953.1943359375,221.29931640625
2003-04-03,6237.99365234375,6174.49365234375,63.5
2003-04-04,6324.09375,6237.99365234375,86.10009765625
2003-04-07,6454.19384765625,6324.09375,130.10009765625
2003-04-08,6397.29345703125,6454.19384765625,-56.900390625
2003-04-09,6468.49365234375,6397.29345703125,71.2001953125
2003-04-10,6407.79345703125,6468.49365234375,-60.7001953125
2003-04-11,6442.29345703125,6407.79345703125,34.5
2003-04-14,6488.59375,6442.29345703125,46.30029296875
2003-04-15,6560.79296875,6488.59375,72.19921875
2003-04-16,6503.09375,6560.79296875,-57.69921875
2003-04-17,6574.39306640625,6503.09375,71.29931640625
2003-04-22,6577.59326171875,6574.39306640625,3.2001953125
2003-04-23,6587.39306640625,6577.59326171875,9.7998046875
2003-04-24,6526.89306640625,6587.39306640625,-60.5
2003-04-25,6492.49365234375,6526.89306640625,-34.3994140625
2003-04-28,6607.79296875,6492.49365234375,115.29931640625
2003-04-29,6557.193359375,6607.79296875,-50.599609375
2003-04-30,6489.49365234375,6557.193359375,-67.69970703125
2003-05-02,6456.3935546875,6489.49365234375,-33.10009765625
2003-05-05,6491.29345703125,6456.3935546875,34.89990234375
2003-05-06,6568.693359375,6491.29345703125,77.39990234375
2003-05-07,6428.99365234375,6568.693359375,-139.69970703125
2003-05-08,6300.49365234375,6428.99365234375,-128.5
2003-05-09,6387.79345703125,6300.49365234375,87.2998046875
2003-05-12,6394.99365234375,6387.79345703125,7.2001953125
2003-05-13,6375.99365234375,6394.99365234375,-19.0
2003-05-14,6363.3935546875,6375.99365234375,-12.60009765625
2003-05-15,6413.79345703125,6363.3935546875,50.39990234375
2003-05-16,6481.49365234375,6413.79345703125,67.7001953125
2003-05-19,6279.59375,6481.49365234375,-201.89990234375
2003-05-20,6298.09375,6279.59375,18.5
2003-05-21,6198.8935546875,6298.09375,-99.2001953125
2003-05-22,6317.8935546875,6198.8935546875,119.0
2003-05-23,6346.19384765625,6317.8935546875,28.30029296875
2003-05-26,6338.19384765625,6346.19384765625,-8.0
2003-05-27,6363.59375,6338.19384765625,25.39990234375
2003-05-28,6472.8935546875,6363.59375,109.2998046875
2003-05-29,6482.99365234375,6472.8935546875,10.10009765625
2003-05-30,6508.4931640625,6482.99365234375,25.49951171875
2003-06-02,6595.39306640625,6508.4931640625,86.89990234375
2003-06-03,6562.89306640625,6595.39306640625,-32.5
2003-06-04,6637.693359375,6562.89306640625,74.80029296875
2003-06-05,6591.09326171875,6637.693359375,-46.60009765625
2003-06-06,6717.693359375,6591.09326171875,126.60009765625
2003-06-09,6670.09326171875,6717.693359375,-47.60009765625
2003-06-10,6696.79296875,6670.09326171875,26.69970703125
2003-06-11,6791.193359375,6696.79296875,94.400390625
2003-06-12,6849.09326171875,6791.193359375,57.89990234375
2003-06-13,6857.193359375,6849.09326171875,8.10009765625
2003-06-16,6960.89306640625,6857.193359375,103.69970703125
2003-06-17,6977.09326171875,6960.89306640625,16.2001953125
2003-06-18,7015.79248046875,6977.09326171875,38.69921875
2003-06-19,6908.59326171875,7015.79248046875,-107.19921875
2003-06-20,7081.5927734375,6908.59326171875,172.99951171875
2003-06-23,6919.693359375,7081.5927734375,-161.8994140625
2003-06-24,6871.39306640625,6919.693359375,-48.30029296875
2003-06-25,6941.29296875,6871.39306640625,69.89990234375
2003-06-26,6944.59326171875,6941.29296875,3.30029296875
2003-06-27,6970.09326171875,6944.59326171875,25.5
2003-06-30,6861.9931640625,6970.09326171875,-108.10009765625
2003-07-01,6739.09326171875,6861.9931640625,-122.89990234375
2003-07-02,6830.89306640625,6739.09326171875,91.7998046875
2003-07-03,6795.29296875,6830.89306640625,-35.60009765625
2003-07-04,6800.39306640625,6795.29296875,5.10009765625
2003-07-07,6944.59326171875,6800.39306640625,144.2001953125
2003-07-08,6965.693359375,6944.59326171875,21.10009765625
2003-07-09,6915.693359375,6965.693359375,-50.0
2003-07-10,6838.4931640625,6915.693359375,-77.2001953125
2003-07-11,6968.59326171875,6838.4931640625,130.10009765625
2003-07-14,7045.99267578125,6968.59326171875,77.3994140625
2003-07-15,6999.99267578125,7045.99267578125,-46.0
2003-07-16,6932.79296875,6999.99267578125,-67.19970703125
2003-07-17,6945.29296875,6932.79296875,12.5
2003-07-18,6900.39306640625,6945.29296875,-44.89990234375
2003-07-21,6825.193359375,6900.39306640625,-75.19970703125
2003-07-22,6862.39306640625,6825.193359375,37.19970703125
2003-07-23,6867.9931640625,6862.39306640625,5.60009765625
2003-07-24,6981.09326171875,6867.9931640625,113.10009765625
2003-07-25,6903.79296875,6981.09326171875,-77.30029296875
2003-07-28,6996.69287109375,6903.79296875,92.89990234375
2003-07-29,6923.9931640625,6996.69287109375,-72.69970703125
2003-07-30,6984.29296875,6923.9931640625,60.2998046875
2003-07-31,7061.69287109375,6984.29296875,77.39990234375
2003-08-01,6995.392578125,7061.69287109375,-66.30029296875
2003-08-04,6944.9931640625,6995.392578125,-50.3994140625
2003-08-05,6991.29248046875,6944.9931640625,46.29931640625
2003-08-06,6924.29296875,6991.29248046875,-66.99951171875
2003-08-07,6900.29296875,6924.29296875,-24.0
2003-08-08,6930.79296875,6900.29296875,30.5
2003-08-11,6965.39306640625,6930.79296875,34.60009765625
2003-08-12,7015.29248046875,6965.39306640625,49.8994140625
2003-08-13,6998.19287109375,7015.29248046875,-17.099609375
2003-08-14,7110.29248046875,6998.19287109375,112.099609375
2003-08-18,7170.69287109375,7110.29248046875,60.400390625
2003-08-19,7192.392578125,7170.69287109375,21.69970703125
2003-08-20,7179.79248046875,7192.392578125,-12.60009765625
2003-08-21,7214.892578125,7179.79248046875,35.10009765625
2003-08-22,7205.892578125,7214.892578125,-9.0
2003-08-25,7166.392578125,7205.892578125,-39.5
2003-08-26,7129.99267578125,7166.392578125,-36.39990234375
2003-08-27,7143.29248046875,7129.99267578125,13.2998046875
2003-08-28,7175.0927734375,7143.29248046875,31.80029296875
2003-08-29,7111.29248046875,7175.0927734375,-63.80029296875
2003-09-01,7194.392578125,7111.29248046875,83.10009765625
2003-09-02,7203.892578125,7194.392578125,9.5
2003-09-03,7291.69287109375,7203.892578125,87.80029296875
2003-09-04,7265.69287109375,7291.69287109375,-26.0
2003-09-05,7230.5927734375,7265.69287109375,-35.10009765625
2003-09-08,7286.99267578125,7230.5927734375,56.39990234375
2003-09-09,7219.99267578125,7286.99267578125,-67.0
2003-09-10,7115.99267578125,7219.99267578125,-104.0
2003-09-11,7113.392578125,7115.99267578125,-2.60009765625
2003-09-12,7022.892578125,7113.392578125,-90.5
2003-09-15,7057.5927734375,7022.892578125,34.7001953125
2003-09-16,7131.99267578125,7057.5927734375,74.39990234375
2003-09-17,7146.69287109375,7131.99267578125,14.7001953125
2003-09-18,7195.69287109375,7146.69287109375,49.0
2003-09-19,7102.69287109375,7195.69287109375,-93.0
2003-09-22,6953.29296875,7102.69287109375,-149.39990234375
2003-09-23,6953.09326171875,6953.29296875,-0.19970703125
2003-09-24,6908.9931640625,6953.09326171875,-44.10009765625
2003-09-25,6895.693359375,6908.9931640625,-13.2998046875
2003-09-26,6809.39306640625,6895.693359375,-86.30029296875
2003-09-29,6771.9931640625,6809.39306640625,-37.39990234375
2003-09-30,6703.59326171875,6771.9931640625,-68.39990234375
2003-10-01,6750.9931640625,6703.59326171875,47.39990234375
2003-10-02,6762.39306640625,6750.9931640625,11.39990234375
2003-10-03,6922.29296875,6762.39306640625,159.89990234375
2003-10-06,6894.193359375,6922.29296875,-28.099609375
2003-10-07,6894.09326171875,6894.193359375,-0.10009765625
2003-10-08,6924.29296875,6894.09326171875,30.19970703125
2003-10-09,7019.0927734375,6924.29296875,94.7998046875
2003-10-10,6974.693359375,7019.0927734375,-44.3994140625
2003-10-13,7063.0927734375,6974.693359375,88.3994140625
2003-10-14,7040.69287109375,7063.0927734375,-22.39990234375
2003-10-15,7043.49267578125,7040.69287109375,2.7998046875
2003-10-16,7034.29248046875,7043.49267578125,-9.2001953125
2003-10-17,6993.5927734375,7034.29248046875,-40.69970703125
2003-10-20,6984.79296875,6993.5927734375,-8.7998046875
2003-10-21,7007.392578125,6984.79296875,22.599609375
2003-10-22,6914.59326171875,7007.392578125,-92.79931640625
2003-10-23,6879.89306640625,6914.59326171875,-34.7001953125
2003-10-24,6868.9931640625,6879.89306640625,-10.89990234375
2003-10-27,6950.9931640625,6868.9931640625,82.0
2003-10-28,7023.79248046875,6950.9931640625,72.79931640625
2003-10-29,7030.392578125,7023.79248046875,6.60009765625
2003-10-30,7119.0927734375,7030.392578125,88.7001953125
2003-10-31,7129.49267578125,7119.0927734375,10.39990234375
2003-11-03,7215.29248046875,7129.49267578125,85.7998046875
2003-11-04,7199.69287109375,7215.29248046875,-15.599609375
2003-11-05,7196.0927734375,7199.69287109375,-3.60009765625
2003-11-06,7228.0927734375,7196.0927734375,32.0
2003-11-07,7267.79248046875,7228.0927734375,39.69970703125
2003-11-10,7222.892578125,7267.79248046875,-44.89990234375
2003-11-11,7191.392578125,7222.892578125,-31.5
2003-11-12,7246.69287109375,7191.392578125,55.30029296875
2003-11-13,7258.79248046875,7246.69287109375,12.099609375
2003-11-14,7293.79248046875,7258.79248046875,35.0
2003-11-17,7133.99267578125,7293.79248046875,-159.7998046875
2003-11-18,7127.29248046875,7133.99267578125,-6.7001953125
2003-11-19,7131.49267578125,7127.29248046875,4.2001953125
2003-11-20,7111.5927734375,7131.49267578125,-19.89990234375
2003-11-21,7144.99267578125,7111.5927734375,33.39990234375
2003-11-24,7243.79248046875,7144.99267578125,98.7998046875
2003-11-25,7251.892578125,7243.79248046875,8.10009765625
2003-11-26,7227.392578125,7251.892578125,-24.5
2003-11-27,7249.892578125,7227.392578125,22.5
2003-11-28,7252.49267578125,7249.892578125,2.60009765625
2003-12-01,7372.29248046875,7252.49267578125,119.7998046875
2003-12-02,7348.69287109375,7372.29248046875,-23.599609375
2003-12-03,7384.29248046875,7348.69287109375,35.599609375
2003-12-04,7367.0927734375,7384.29248046875,-17.19970703125
2003-12-05,7348.0927734375,7367.0927734375,-19.0
2003-12-09,7390.99267578125,7348.0927734375,42.89990234375
2003-12-10,7358.79248046875,7390.99267578125,-32.2001953125
2003-12-11,7432.19287109375,7358.79248046875,73.400390625
2003-12-12,7434.392578125,7432.19287109375,2.19970703125
2003-12-15,7471.7919921875,7434.392578125,37.3994140625
2003-12-16,7486.9921875,7471.7919921875,15.2001953125
2003-12-17,7506.2919921875,7486.9921875,19.2998046875
2003-12-18,7585.4921875,7506.2919921875,79.2001953125
2003-12-19,7617.59228515625,7585.4921875,32.10009765625
2003-12-22,7619.09228515625,7617.59228515625,1.5
2003-12-23,7696.4921875,7619.09228515625,77.39990234375
2003-12-29,7760.39208984375,7696.4921875,63.89990234375
2003-12-30,7737.1923828125,7760.39208984375,-23.19970703125
2004-01-02,7879.1923828125,7737.1923828125,142.0
2004-01-05,7911.39208984375,7879.1923828125,32.19970703125
2004-01-07,7913.6923828125,7911.39208984375,2.30029296875
2004-01-08,7943.39208984375,7913.6923828125,29.69970703125
2004-01-09,7924.59228515625,7943.39208984375,-18.7998046875
2004-01-12,7934.59228515625,7924.59228515625,10.0
2004-01-13,7946.09228515625,7934.59228515625,11.5
2004-01-14,7978.091796875,7946.09228515625,31.99951171875
2004-01-15,7957.29150390625,7978.091796875,-20.80029296875
2004-01-16,7979.29150390625,7957.29150390625,22.0
2004-01-19,8016.29150390625,7979.29150390625,37.0
2004-01-20,7987.8916015625,8016.29150390625,-28.39990234375
2004-01-21,8051.8916015625,7987.8916015625,64.0
2004-01-22,8101.29150390625,8051.8916015625,49.39990234375
2004-01-23,8114.49169921875,8101.29150390625,13.2001953125
2004-01-26,8031.3916015625,8114.49169921875,-83.10009765625
2004-01-27,8061.091796875,8031.3916015625,29.7001953125
2004-01-28,8116.3916015625,8061.091796875,55.2998046875
2004-01-29,8013.091796875,8116.3916015625,-103.2998046875
2004-01-30,7929.89208984375,8013.091796875,-83.19970703125
2004-02-02,7958.591796875,7929.89208984375,28.69970703125
2004-02-03,7960.29150390625,7958.591796875,1.69970703125
2004-02-04,7888.7919921875,7960.29150390625,-71.49951171875
2004-02-05,7949.09228515625,7888.7919921875,60.30029296875
2004-02-06,8024.8916015625,7949.09228515625,75.79931640625
2004-02-09,8135.19189453125,8024.8916015625,110.30029296875
2004-02-10,8171.8916015625,8135.19189453125,36.69970703125
2004-02-11,8197.19140625,8171.8916015625,25.2998046875
2004-02-12,8242.291015625,8197.19140625,45.099609375
2004-02-13,8199.5908203125,8242.291015625,-42.7001953125
2004-02-16,8226.4912109375,8199.5908203125,26.900390625
2004-02-17,8258.8916015625,8226.4912109375,32.400390625
2004-02-18,8282.9912109375,8258.8916015625,24.099609375
2004-02-19,8340.5908203125,8282.9912109375,57.599609375
2004-02-20,8237.791015625,8340.5908203125,-102.7998046875
2004-02-23,8245.19140625,8237.791015625,7.400390625
2004-02-24,8159.591796875,8245.19140625,-85.599609375
2004-02-25,8173.591796875,8159.591796875,14.0
2004-02-26,8160.19189453125,8173.591796875,-13.39990234375
2004-02-27,8249.3916015625,8160.19189453125,89.19970703125
2004-03-01,8300.3916015625,8249.3916015625,51.0
2004-03-02,8353.9912109375,8300.3916015625,53.599609375
2004-03-03,8280.3916015625,8353.9912109375,-73.599609375
2004-03-04,8337.8916015625,8280.3916015625,57.5
2004-03-05,8346.0908203125,8337.8916015625,8.19921875
2004-03-08,8369.69140625,8346.0908203125,23.6005859375
2004-03-09,8286.69140625,8369.69140625,-83.0
2004-03-10,8292.8916015625,8286.69140625,6.2001953125
2004-03-11,8112.3916015625,8292.8916015625,-180.5
2004-03-12,8032.591796875,8112.3916015625,-79.7998046875
2004-03-15,7699.09228515625,8032.591796875,-333.49951171875
2004-03-16,7810.6923828125,7699.09228515625,111.60009765625
2004-03-17,7948.09228515625,7810.6923828125,137.39990234375
2004-03-18,7820.39208984375,7948.09228515625,-127.7001953125
2004-03-19,7879.09228515625,7820.39208984375,58.7001953125
2004-03-22,7727.7919921875,7879.09228515625,-151.30029296875
2004-03-23,7768.2919921875,7727.7919921875,40.5
2004-03-24,7752.89208984375,7768.2919921875,-15.39990234375
2004-03-25,7914.7919921875,7752.89208984375,161.89990234375
2004-03-26,7952.79150390625,7914.7919921875,37.99951171875
2004-03-29,8021.091796875,7952.79150390625,68.30029296875
2004-03-30,8004.19189453125,8021.091796875,-16.89990234375
2004-03-31,8018.091796875,8004.19189453125,13.89990234375
2004-04-01,8097.8916015625,8018.091796875,79.7998046875
2004-04-02,8269.69140625,8097.8916015625,171.7998046875
2004-04-05,8285.8916015625,8269.69140625,16.2001953125
2004-04-06,8281.791015625,8285.8916015625,-4.1005859375
2004-04-07,8294.791015625,8281.791015625,13.0
2004-04-08,8390.0908203125,8294.791015625,95.2998046875
2004-04-13,8444.291015625,8390.0908203125,54.2001953125
2004-04-14,8351.9912109375,8444.291015625,-92.2998046875
2004-04-15,8310.3916015625,8351.9912109375,-41.599609375
2004-04-16,8387.8916015625,8310.3916015625,77.5
2004-04-19,8340.3916015625,8387.8916015625,-47.5
2004-04-20,8375.19140625,8340.3916015625,34.7998046875
2004-04-21,8282.0908203125,8375.19140625,-93.1005859375
2004-04-22,8293.5908203125,8282.0908203125,11.5
2004-04-23,8331.69140625,8293.5908203125,38.1005859375
2004-04-26,8362.8916015625,8331.69140625,31.2001953125
2004-04-27,8358.9912109375,8362.8916015625,-3.900390625
2004-04-28,8232.69140625,8358.9912109375,-126.2998046875
2004-04-29,8159.3916015625,8232.69140625,-73.2998046875
2004-04-30,8109.49169921875,8159.3916015625,-49.89990234375
2004-05-03,8170.591796875,8109.49169921875,61.10009765625
2004-05-04,8151.591796875,8170.591796875,-19.0
2004-05-05,8235.791015625,8151.591796875,84.19921875
2004-05-06,8119.29150390625,8235.791015625,-116.49951171875
2004-05-07,8026.99169921875,8119.29150390625,-92.2998046875
2004-05-10,7815.09228515625,8026.99169921875,-211.8994140625
2004-05-11,7908.9921875,7815.09228515625,93.89990234375
2004-05-12,7828.9921875,7908.9921875,-80.0
2004-05-13,7866.39208984375,7828.9921875,37.39990234375
2004-05-14,7779.6923828125,7866.39208984375,-86.69970703125
2004-05-17,7671.89208984375,7779.6923828125,-107.80029296875
2004-05-18,7724.89208984375,7671.89208984375,53.0
2004-05-19,7899.9921875,7724.89208984375,175.10009765625
2004-05-20,7817.1923828125,7899.9921875,-82.7998046875
2004-05-21,7806.4921875,7817.1923828125,-10.7001953125
2004-05-24,7883.89208984375,7806.4921875,77.39990234375
2004-05-25,7841.4921875,7883.89208984375,-42.39990234375
2004-05-26,7926.09228515625,7841.4921875,84.60009765625
2004-05-27,7965.3916015625,7926.09228515625,39.29931640625
2004-05-28,7951.591796875,7965.3916015625,-13.7998046875
2004-05-31,7959.29150390625,7951.591796875,7.69970703125
2004-06-01,7848.39208984375,7959.29150390625,-110.8994140625
2004-06-02,7908.6923828125,7848.39208984375,60.30029296875
2004-06-03,7901.89208984375,7908.6923828125,-6.80029296875
2004-06-04,8010.69189453125,7901.89208984375,108.7998046875
2004-06-07,8108.99169921875,8010.69189453125,98.2998046875
2004-06-08,8103.69189453125,8108.99169921875,-5.2998046875
2004-06-09,8075.19189453125,8103.69189453125,-28.5
2004-06-10,8097.69189453125,8075.19189453125,22.5
2004-06-11,8062.29150390625,8097.69189453125,-35.400390625
2004-06-14,7965.19189453125,8062.29150390625,-97.099609375
2004-06-15,8028.591796875,7965.19189453125,63.39990234375
2004-06-16,8069.29150390625,8028.591796875,40.69970703125
2004-06-17,8102.8916015625,8069.29150390625,33.60009765625
2004-06-18,8109.19189453125,8102.8916015625,6.30029296875
2004-06-21,8129.29150390625,8109.19189453125,20.099609375
2004-06-22,8056.49169921875,8129.29150390625,-72.7998046875
2004-06-23,8107.19189453125,8056.49169921875,50.7001953125
2004-06-24,8162.591796875,8107.19189453125,55.39990234375
2004-06-25,8120.49169921875,8162.591796875,-42.10009765625
2004-06-28,8184.3916015625,8120.49169921875,63.89990234375
2004-06-29,8131.19189453125,8184.3916015625,-53.19970703125
2004-06-30,8078.29150390625,8131.19189453125,-52.900390625
2004-07-01,8085.29150390625,8078.29150390625,7.0
2004-07-02,8034.591796875,8085.29150390625,-50.69970703125
2004-07-05,8060.29150390625,8034.591796875,25.69970703125
2004-07-06,8022.79150390625,8060.29150390625,-37.5
2004-07-07,8063.79150390625,8022.79150390625,41.0
2004-07-08,8084.99169921875,8063.79150390625,21.2001953125
2004-07-09,8047.49169921875,8084.99169921875,-37.5
2004-07-12,8053.591796875,8047.49169921875,6.10009765625
2004-07-13,8076.49169921875,8053.591796875,22.89990234375
2004-07-14,8029.591796875,8076.49169921875,-46.89990234375
2004-07-15,7983.091796875,8029.591796875,-46.5
2004-07-16,8010.8916015625,7983.091796875,27.7998046875
2004-07-19,7981.3916015625,8010.8916015625,-29.5
2004-07-20,7989.99169921875,7981.3916015625,8.60009765625
2004-07-21,8031.3916015625,7989.99169921875,41.39990234375
2004-07-22,7925.1923828125,8031.3916015625,-106.19921875
2004-07-23,7848.7919921875,7925.1923828125,-76.400390625
2004-07-26,7740.89208984375,7848.7919921875,-107.89990234375
2004-07-27,7842.2919921875,7740.89208984375,101.39990234375
2004-07-28,7809.09228515625,7842.2919921875,-33.19970703125
2004-07-29,7872.7919921875,7809.09228515625,63.69970703125
2004-07-30,7919.2919921875,7872.7919921875,46.5
2004-08-02,7868.9921875,7919.2919921875,-50.2998046875
2004-08-03,7894.1923828125,7868.9921875,25.2001953125
2004-08-04,7812.2919921875,7894.1923828125,-81.900390625
2004-08-05,7836.4921875,7812.2919921875,24.2001953125
2004-08-06,7680.9921875,7836.4921875,-155.5
2004-08-09,7633.59228515625,7680.9921875,-47.39990234375
2004-08-10,7654.6923828125,7633.59228515625,21.10009765625
2004-08-11,7607.6923828125,7654.6923828125,-47.0
2004-08-12,7624.1923828125,7607.6923828125,16.5
2004-08-13,7578.2919921875,7624.1923828125,-45.900390625
2004-08-17,7670.6923828125,7578.2919921875,92.400390625
2004-08-18,7709.09228515625,7670.6923828125,38.39990234375
2004-08-19,7734.4921875,7709.09228515625,25.39990234375
2004-08-20,7707.09228515625,7734.4921875,-27.39990234375
2004-08-23,7788.89208984375,7707.09228515625,81.7998046875
2004-08-24,7792.6923828125,7788.89208984375,3.80029296875
2004-08-25,7784.09228515625,7792.6923828125,-8.60009765625
2004-08-26,7838.1923828125,7784.09228515625,54.10009765625
2004-08-27,7882.2919921875,7838.1923828125,44.099609375
2004-08-30,7881.6923828125,7882.2919921875,-0.599609375
2004-08-31,7869.4921875,7881.6923828125,-12.2001953125
2004-09-01,7938.89208984375,7869.4921875,69.39990234375
2004-09-02,7983.8916015625,7938.89208984375,44.99951171875
2004-09-03,8061.091796875,7983.8916015625,77.2001953125
2004-09-06,8107.591796875,8061.091796875,46.5
2004-09-07,8112.091796875,8107.591796875,4.5
2004-09-08,8096.3916015625,8112.091796875,-15.7001953125
2004-09-09,8039.091796875,8096.3916015625,-57.2998046875
2004-09-10,8055.8916015625,8039.091796875,16.7998046875
2004-09-13,8120.091796875,8055.8916015625,64.2001953125
2004-09-14,8091.79150390625,8120.091796875,-28.30029296875
2004-09-15,8060.69189453125,8091.79150390625,-31.099609375
2004-09-16,8078.79150390625,8060.69189453125,18.099609375
2004-09-17,8085.29150390625,8078.79150390625,6.5
2004-09-20,8053.49169921875,8085.29150390625,-31.7998046875
2004-09-21,8071.091796875,8053.49169921875,17.60009765625
2004-09-22,8021.69189453125,8071.091796875,-49.39990234375
2004-09-23,7990.8916015625,8021.69189453125,-30.80029296875
2004-09-24,7986.091796875,7990.8916015625,-4.7998046875
2004-09-27,7939.6923828125,7986.091796875,-46.3994140625
2004-09-28,7988.29150390625,7939.6923828125,48.59912109375
2004-09-29,8047.99169921875,7988.29150390625,59.7001953125
2004-09-30,8029.19189453125,8047.99169921875,-18.7998046875
2004-10-01,8220.5908203125,8029.19189453125,191.39892578125
2004-10-04,8304.8916015625,8220.5908203125,84.30078125
2004-10-05,8305.291015625,8304.8916015625,0.3994140625
2004-10-06,8323.5908203125,8305.291015625,18.2998046875
2004-10-07,8332.69140625,8323.5908203125,9.1005859375
2004-10-08,8323.19140625,8332.69140625,-9.5
2004-10-11,8301.69140625,8323.19140625,-21.5
2004-10-13,8296.3916015625,8301.69140625,-5.2998046875
2004-10-14,8255.4912109375,8296.3916015625,-40.900390625
2004-10-15,8261.0908203125,8255.4912109375,5.599609375
2004-10-18,8266.9912109375,8261.0908203125,5.900390625
2004-10-19,8347.69140625,8266.9912109375,80.7001953125
2004-10-20,8288.5908203125,8347.69140625,-59.1005859375
2004-10-21,8345.5908203125,8288.5908203125,57.0
2004-10-22,8372.3916015625,8345.5908203125,26.80078125
2004-10-25,8230.19140625,8372.3916015625,-142.2001953125
2004-10-26,8232.4912109375,8230.19140625,2.2998046875
2004-10-27,8338.3916015625,8232.4912109375,105.900390625
2004-10-28,8435.3916015625,8338.3916015625,97.0
2004-10-29,8418.291015625,8435.3916015625,-17.1005859375
2004-11-02,8506.0908203125,8418.291015625,87.7998046875
2004-11-03,8525.69140625,8506.0908203125,19.6005859375
2004-11-04,8533.791015625,8525.69140625,8.099609375
2004-11-05,8570.5908203125,8533.791015625,36.7998046875
2004-11-08,8578.0908203125,8570.5908203125,7.5
2004-11-09,8549.5908203125,8578.0908203125,-28.5
2004-11-10,8527.8916015625,8549.5908203125,-21.69921875
2004-11-11,8558.4912109375,8527.8916015625,30.599609375
2004-11-12,8549.9912109375,8558.4912109375,-8.5
2004-11-15,8520.0908203125,8549.9912109375,-29.900390625
2004-11-16,8458.19140625,8520.0908203125,-61.8994140625
2004-11-17,8623.9912109375,8458.19140625,165.7998046875
2004-11-18,8636.291015625,8623.9912109375,12.2998046875
2004-11-19,8625.8916015625,8636.291015625,-10.3994140625
2004-11-22,8603.3916015625,8625.8916015625,-22.5
2004-11-23,8607.19140625,8603.3916015625,3.7998046875
2004-11-24,8667.9912109375,8607.19140625,60.7998046875
2004-11-25,8755.3916015625,8667.9912109375,87.400390625
2004-11-26,8739.19140625,8755.3916015625,-16.2001953125
2004-11-29,8715.4912109375,8739.19140625,-23.7001953125
2004-11-30,8692.9912109375,8715.4912109375,-22.5
2004-12-01,8773.8916015625,8692.9912109375,80.900390625
2004-12-02,8811.3916015625,8773.8916015625,37.5
2004-12-03,8787.8916015625,8811.3916015625,-23.5
2004-12-07,8818.3916015625,8787.8916015625,30.5
2004-12-09,8775.5908203125,8818.3916015625,-42.80078125
2004-12-10,8827.19140625,8775.5908203125,51.6005859375
2004-12-13,8887.8916015625,8827.19140625,60.7001953125
2004-12-14,8893.791015625,8887.8916015625,5.8994140625
2004-12-15,8871.19140625,8893.791015625,-22.599609375
2004-12-16,8898.791015625,8871.19140625,27.599609375
2004-12-17,8865.9912109375,8898.791015625,-32.7998046875
2004-12-20,8894.4912109375,8865.9912109375,28.5
2004-12-21,8941.791015625,8894.4912109375,47.2998046875
2004-12-22,9024.9912109375,8941.791015625,83.2001953125
2004-12-23,9054.19140625,9024.9912109375,29.2001953125
2004-12-27,9050.69140625,9054.19140625,-3.5
2004-12-28,9077.0908203125,9050.69140625,26.3994140625
2004-12-29,9100.69140625,9077.0908203125,23.6005859375
2004-12-30,9080.791015625,9100.69140625,-19.900390625
2005-01-03,9124.0908203125,9080.791015625,43.2998046875
2005-01-04,9119.9912109375,9124.0908203125,-4.099609375
2005-01-05,9024.3916015625,9119.9912109375,-95.599609375
2005-01-07,9041.0908203125,9024.3916015625,16.69921875
2005-01-10,9028.4912109375,9041.0908203125,-12.599609375
2005-01-11,8966.3916015625,9028.4912109375,-62.099609375
2005-01-12,8945.69140625,8966.3916015625,-20.7001953125
2005-01-13,9016.791015625,8945.69140625,71.099609375
2005-01-14,9025.0908203125,9016.791015625,8.2998046875
2005-01-17,9094.3916015625,9025.0908203125,69.30078125
2005-01-18,9096.8916015625,9094.3916015625,2.5
2005-01-19,9087.5908203125,9096.8916015625,-9.30078125
2005-01-20,9017.69140625,9087.5908203125,-69.8994140625
2005-01-21,8999.3916015625,9017.69140625,-18.2998046875
2005-01-24,8967.0908203125,8999.3916015625,-32.30078125
2005-01-25,9033.19140625,8967.0908203125,66.1005859375
2005-01-26,9058.0908203125,9033.19140625,24.8994140625
2005-01-27,9125.291015625,9058.0908203125,67.2001953125
2005-01-28,9139.3916015625,9125.291015625,14.1005859375
2005-01-31,9223.890625,9139.3916015625,84.4990234375
2005-02-01,9256.990234375,9223.890625,33.099609375
2005-02-02,9306.990234375,9256.990234375,50.0
2005-02-03,9310.390625,9306.990234375,3.400390625
2005-02-04,9422.490234375,9310.390625,112.099609375
2005-02-07,9461.6904296875,9422.490234375,39.2001953125
2005-02-08,9479.1904296875,9461.6904296875,17.5
2005-02-09,9450.7900390625,9479.1904296875,-28.400390625
2005-02-10,9451.1904296875,9450.7900390625,0.400390625
2005-02-11,9588.2900390625,9451.1904296875,137.099609375
2005-02-14,9584.990234375,9588.2900390625,-3.2998046875
2005-02-15,9634.2900390625,9584.990234375,49.2998046875
2005-02-16,9575.58984375,9634.2900390625,-58.7001953125
2005-02-17,9585.6904296875,9575.58984375,10.1005859375
2005-02-18,9570.08984375,9585.6904296875,-15.6005859375
2005-02-21,9464.58984375,9570.08984375,-105.5
2005-02-22,9350.2900390625,9464.58984375,-114.2998046875
2005-02-23,9354.08984375,9350.2900390625,3.7998046875
2005-02-24,9352.58984375,9354.08984375,-1.5
2005-02-25,9439.6904296875,9352.58984375,87.1005859375
2005-02-28,9390.990234375,9439.6904296875,-48.7001953125
2005-03-01,9472.2900390625,9390.990234375,81.2998046875
2005-03-02,9443.58984375,9472.2900390625,-28.7001953125
2005-03-03,9418.7900390625,9443.58984375,-24.7998046875
2005-03-04,9537.990234375,9418.7900390625,119.2001953125
2005-03-07,9545.890625,9537.990234375,7.900390625
2005-03-08,9480.1904296875,9545.890625,-65.7001953125
2005-03-09,9410.2900390625,9480.1904296875,-69.900390625
2005-03-10,9319.390625,9410.2900390625,-90.8994140625
2005-03-11,9330.1904296875,9319.390625,10.7998046875
2005-03-14,9296.490234375,9330.1904296875,-33.7001953125
2005-03-15,9354.6904296875,9296.490234375,58.2001953125
2005-03-16,9201.1904296875,9354.6904296875,-153.5
2005-03-17,9235.7900390625,9201.1904296875,34.599609375
2005-03-18,9263.890625,9235.7900390625,28.1005859375
2005-03-21,9225.390625,9263.890625,-38.5
2005-03-22,9299.1904296875,9225.390625,73.7998046875
2005-03-23,9252.08984375,9299.1904296875,-47.1005859375
2005-03-24,9309.2900390625,9252.08984375,57.2001953125
2005-03-29,9324.08984375,9309.2900390625,14.7998046875
2005-03-30,9280.08984375,9324.08984375,-44.0
2005-03-31,9258.7900390625,9280.08984375,-21.2998046875
2005-04-01,9289.490234375,9258.7900390625,30.7001953125
2005-04-04,9205.990234375,9289.490234375,-83.5
2005-04-05,9298.08984375,9205.990234375,92.099609375
2005-04-06,9382.08984375,9298.08984375,84.0
2005-04-07,9392.390625,9382.08984375,10.30078125
2005-04-08,9385.7900390625,9392.390625,-6.6005859375
2005-04-11,9334.7900390625,9385.7900390625,-51.0
2005-04-12,9303.08984375,9334.7900390625,-31.7001953125
2005-04-13,9373.890625,9303.08984375,70.80078125
2005-04-14,9364.490234375,9373.890625,-9.400390625
2005-04-15,9155.19140625,9364.490234375,-209.298828125
2005-04-18,9025.791015625,9155.19140625,-129.400390625
2005-04-19,9046.19140625,9025.791015625,20.400390625
2005-04-20,9016.5908203125,9046.19140625,-29.6005859375
2005-04-21,9018.69140625,9016.5908203125,2.1005859375
2005-04-22,9096.3916015625,9018.69140625,77.7001953125
2005-04-25,9106.19140625,9096.3916015625,9.7998046875
2005-04-26,9083.69140625,9106.19140625,-22.5
2005-04-27,8984.9912109375,9083.69140625,-98.7001953125
2005-04-28,8985.3916015625,8984.9912109375,0.400390625
2005-04-29,9001.5908203125,8985.3916015625,16.19921875
2005-05-02,9119.8916015625,9001.5908203125,118.30078125
2005-05-03,9168.2900390625,9119.8916015625,48.3984375
2005-05-04,9195.6904296875,9168.2900390625,27.400390625
2005-05-05,9235.490234375,9195.6904296875,39.7998046875
2005-05-06,9263.08984375,9235.490234375,27.599609375
2005-05-09,9223.490234375,9263.08984375,-39.599609375
2005-05-10,9146.0908203125,9223.490234375,-77.3994140625
2005-05-11,9149.8916015625,9146.0908203125,3.80078125
2005-05-12,9213.08984375,9149.8916015625,63.1982421875
2005-05-13,9222.490234375,9213.08984375,9.400390625
2005-05-16,9217.6904296875,9222.490234375,-4.7998046875
2005-05-17,9213.2900390625,9217.6904296875,-4.400390625
2005-05-18,9364.1904296875,9213.2900390625,150.900390625
2005-05-19,9400.08984375,9364.1904296875,35.8994140625
2005-05-20,9368.490234375,9400.08984375,-31.599609375
2005-05-23,9396.990234375,9368.490234375,28.5
2005-05-24,9372.390625,9396.990234375,-24.599609375
2005-05-25,9351.2900390625,9372.390625,-21.1005859375
2005-05-26,9417.890625,9351.2900390625,66.6005859375
2005-05-27,9381.490234375,9417.890625,-36.400390625
2005-05-30,9466.7900390625,9381.490234375,85.2998046875
2005-05-31,9427.08984375,9466.7900390625,-39.7001953125
2005-06-01,9550.7900390625,9427.08984375,123.7001953125
2005-06-02,9539.6904296875,9550.7900390625,-11.099609375
2005-06-03,9497.6904296875,9539.6904296875,-42.0
2005-06-06,9449.390625,9497.6904296875,-48.2998046875
2005-06-07,9535.490234375,9449.390625,86.099609375
2005-06-08,9487.6904296875,9535.490234375,-47.7998046875
2005-06-09,9493.990234375,9487.6904296875,6.2998046875
2005-06-10,9561.490234375,9493.990234375,67.5
2005-06-13,9579.1904296875,9561.490234375,17.7001953125
2005-06-14,9614.390625,9579.1904296875,35.2001953125
2005-06-15,9563.58984375,9614.390625,-50.80078125
2005-06-16,9624.6904296875,9563.58984375,61.1005859375
2005-06-17,9682.2900390625,9624.6904296875,57.599609375
2005-06-20,9659.490234375,9682.2900390625,-22.7998046875
2005-06-21,9712.490234375,9659.490234375,53.0
2005-06-22,9726.1904296875,9712.490234375,13.7001953125
2005-06-23,9769.58984375,9726.1904296875,43.3994140625
2005-06-24,9677.390625,9769.58984375,-92.19921875
2005-06-27,9622.890625,9677.390625,-54.5
2005-06-28,9682.490234375,9622.890625,59.599609375
2005-06-29,9769.1904296875,9682.490234375,86.7001953125
2005-06-30,9783.1904296875,9769.1904296875,14.0
2005-07-01,9829.08984375,9783.1904296875,45.8994140625
2005-07-04,9814.990234375,9829.08984375,-14.099609375
2005-07-05,9807.390625,9814.990234375,-7.599609375
2005-07-06,9832.490234375,9807.390625,25.099609375
2005-07-07,9644.390625,9832.490234375,-188.099609375
2005-07-08,9793.1904296875,9644.390625,148.7998046875
2005-07-11,9876.2900390625,9793.1904296875,83.099609375
2005-07-12,9873.390625,9876.2900390625,-2.8994140625
2005-07-13,9937.7900390625,9873.390625,64.3994140625
2005-07-14,9965.1904296875,9937.7900390625,27.400390625
2005-07-15,9943.7900390625,9965.1904296875,-21.400390625
2005-07-18,9960.990234375,9943.7900390625,17.2001953125
2005-07-19,10044.990234375,9960.990234375,84.0
2005-07-20,10006.990234375,10044.990234375,-38.0
2005-07-21,10021.490234375,10006.990234375,14.5
2005-07-22,10018.7900390625,10021.490234375,-2.7001953125
2005-07-25,10017.08984375,10018.7900390625,-1.7001953125
2005-07-26,10043.2900390625,10017.08984375,26.2001953125
2005-07-27,10088.6904296875,10043.2900390625,45.400390625
2005-07-28,10128.7890625,10088.6904296875,40.0986328125
2005-07-29,10115.58984375,10128.7890625,-13.19921875
2005-08-01,10068.890625,10115.58984375,-46.69921875
2005-08-02,10113.890625,10068.890625,45.0
2005-08-03,10149.689453125,10113.890625,35.798828125
2005-08-04,10074.2900390625,10149.689453125,-75.3994140625
2005-08-05,10045.390625,10074.2900390625,-28.8994140625
2005-08-08,10115.490234375,10045.390625,70.099609375
2005-08-09,10145.5888671875,10115.490234375,30.0986328125
2005-08-10,10229.189453125,10145.5888671875,83.6005859375
2005-08-11,10222.0888671875,10229.189453125,-7.1005859375
2005-08-12,10187.189453125,10222.0888671875,-34.8994140625
2005-08-15,10184.8896484375,10187.189453125,-2.2998046875
2005-08-16,10139.7890625,10184.8896484375,-45.1005859375
2005-08-17,10094.08984375,10139.7890625,-45.69921875
2005-08-18,10037.890625,10094.08984375,-56.19921875
2005-08-19,10132.8896484375,10037.890625,94.9990234375
2005-08-22,10174.7890625,10132.8896484375,41.8994140625
2005-08-23,10104.08984375,10174.7890625,-70.69921875
2005-08-24,10078.890625,10104.08984375,-25.19921875
2005-08-25,9983.1904296875,10078.890625,-95.7001953125
2005-08-26,9904.7900390625,9983.1904296875,-78.400390625
2005-08-29,9938.490234375,9904.7900390625,33.7001953125
2005-08-30,9922.2900390625,9938.490234375,-16.2001953125
2005-08-31,10008.890625,9922.2900390625,86.6005859375
2005-09-01,10134.0888671875,10008.890625,125.1982421875
2005-09-02,10144.9892578125,10134.0888671875,10.900390625
2005-09-05,10250.8896484375,10144.9892578125,105.900390625
2005-09-06,10373.189453125,10250.8896484375,122.2998046875
2005-09-07,10407.9892578125,10373.189453125,34.7998046875
2005-09-08,10441.189453125,10407.9892578125,33.2001953125
2005-09-09,10486.5888671875,10441.189453125,45.3994140625
2005-09-12,10494.689453125,10486.5888671875,8.1005859375
2005-09-13,10429.7890625,10494.689453125,-64.900390625
2005-09-14,10459.0888671875,10429.7890625,29.2998046875
2005-09-15,10475.689453125,10459.0888671875,16.6005859375
2005-09-16,10532.0888671875,10475.689453125,56.3994140625
2005-09-19,10535.9892578125,10532.0888671875,3.900390625
2005-09-20,10583.3896484375,10535.9892578125,47.400390625
2005-09-21,10500.2890625,10583.3896484375,-83.1005859375
2005-09-22,10536.5888671875,10500.2890625,36.2998046875
2005-09-23,10631.189453125,10536.5888671875,94.6005859375
2005-09-26,10724.8896484375,10631.189453125,93.7001953125
2005-09-27,10678.4892578125,10724.8896484375,-46.400390625
2005-09-28,10801.689453125,10678.4892578125,123.2001953125
2005-09-29,10780.5888671875,10801.689453125,-21.1005859375
2005-09-30,10813.8896484375,10780.5888671875,33.30078125
2005-10-03,10880.689453125,10813.8896484375,66.7998046875
2005-10-04,10919.189453125,10880.689453125,38.5
2005-10-05,10823.0888671875,10919.189453125,-96.1005859375
2005-10-06,10750.8896484375,10823.0888671875,-72.19921875
2005-10-07,10732.3896484375,10750.8896484375,-18.5
2005-10-10,10800.5888671875,10732.3896484375,68.19921875
2005-10-11,10810.189453125,10800.5888671875,9.6005859375
2005-10-12,10721.7890625,10810.189453125,-88.400390625
2005-10-13,10567.0888671875,10721.7890625,-154.7001953125
2005-10-14,10629.2890625,10567.0888671875,62.2001953125
2005-10-17,10629.4892578125,10629.2890625,0.2001953125
2005-10-18,10529.8896484375,10629.4892578125,-99.599609375
2005-10-19,10402.4892578125,10529.8896484375,-127.400390625
2005-10-20,10382.2890625,10402.4892578125,-20.2001953125
2005-10-21,10368.7890625,10382.2890625,-13.5
2005-10-24,10534.4892578125,10368.7890625,165.7001953125
2005-10-25,10476.5888671875,10534.4892578125,-57.900390625
2005-10-26,10473.3896484375,10476.5888671875,-3.19921875
2005-10-27,10328.5888671875,10473.3896484375,-144.80078125
2005-10-28,10339.4892578125,10328.5888671875,10.900390625
2005-10-31,10493.7890625,10339.4892578125,154.2998046875
2005-11-01,10427.189453125,10493.7890625,-66.599609375
2005-11-02,10424.4892578125,10427.189453125,-2.7001953125
2005-11-03,10476.8896484375,10424.4892578125,52.400390625
2005-11-04,10412.2890625,10476.8896484375,-64.6005859375
2005-11-07,10420.8896484375,10412.2890625,8.6005859375
2005-11-08,10440.189453125,10420.8896484375,19.2998046875
2005-11-09,10456.2890625,10440.189453125,16.099609375
2005-11-10,10438.3896484375,10456.2890625,-17.8994140625
2005-11-11,10510.2890625,10438.3896484375,71.8994140625
2005-11-14,10504.5888671875,10510.2890625,-5.7001953125
2005-11-15,10456.2890625,10504.5888671875,-48.2998046875
2005-11-16,10391.689453125,10456.2890625,-64.599609375
2005-11-17,10445.189453125,10391.689453125,53.5
2005-11-18,10527.0888671875,10445.189453125,81.8994140625
2005-11-21,10535.0888671875,10527.0888671875,8.0
2005-11-22,10522.8896484375,10535.0888671875,-12.19921875
2005-11-23,10626.689453125,10522.8896484375,103.7998046875
2005-11-24,10634.189453125,10626.689453125,7.5
2005-11-25,10656.2890625,10634.189453125,22.099609375
2005-11-28,10618.7890625,10656.2890625,-37.5
2005-11-29,10620.0888671875,10618.7890625,1.2998046875
2005-11-30,10557.7890625,10620.0888671875,-62.2998046875
2005-12-01,10678.689453125,10557.7890625,120.900390625
2005-12-02,10649.7890625,10678.689453125,-28.900390625
2005-12-05,10532.0888671875,10649.7890625,-117.7001953125
2005-12-06,10539.2890625,10532.0888671875,7.2001953125
2005-12-07,10506.5888671875,10539.2890625,-32.7001953125
2005-12-08,10495.7890625,10506.5888671875,-10.7998046875
2005-12-09,10489.2890625,10495.7890625,-6.5
2005-12-12,10539.9892578125,10489.2890625,50.7001953125
2005-12-13,10533.5888671875,10539.9892578125,-6.400390625
2005-12-14,10502.3896484375,10533.5888671875,-31.19921875
2005-12-15,10483.4892578125,10502.3896484375,-18.900390625
2005-12-16,10555.2890625,10483.4892578125,71.7998046875
2005-12-19,10528.2890625,10555.2890625,-27.0
2005-12-20,10572.2890625,10528.2890625,44.0
2005-12-21,10682.689453125,10572.2890625,110.400390625
2005-12-22,10701.2890625,10682.689453125,18.599609375
2005-12-23,10723.8896484375,10701.2890625,22.6005859375
2005-12-27,10772.689453125,10723.8896484375,48.7998046875
2005-12-28,10769.4892578125,10772.689453125,-3.2001953125
2005-12-29,10778.0888671875,10769.4892578125,8.599609375
2005-12-30,10733.8896484375,10778.0888671875,-44.19921875
2006-01-02,10786.689453125,10733.8896484375,52.7998046875
2006-01-03,10818.0888671875,10786.689453125,31.3994140625
2006-01-04,10895.7890625,10818.0888671875,77.7001953125
2006-01-05,10913.5888671875,10895.7890625,17.7998046875
2006-01-06,10913.5888671875,10913.5888671875,0.0
2006-01-09,10962.4892578125,10913.5888671875,48.900390625
2006-01-10,10869.8896484375,10962.4892578125,-92.599609375
2006-01-11,10966.189453125,10869.8896484375,96.2998046875
2006-01-12,10955.7890625,10966.189453125,-10.400390625
2006-01-13,10850.689453125,10955.7890625,-105.099609375
2006-01-16,10898.3896484375,10850.689453125,47.7001953125
2006-01-17,10806.2890625,10898.3896484375,-92.1005859375
2006-01-18,10708.0888671875,10806.2890625,-98.2001953125
2006-01-19,10821.4892578125,10708.0888671875,113.400390625
2006-01-20,10740.8896484375,10821.4892578125,-80.599609375
2006-01-23,10712.189453125,10740.8896484375,-28.7001953125
2006-01-24,10665.5888671875,10712.189453125,-46.6005859375
2006-01-25,10824.0888671875,10665.5888671875,158.5
2006-01-26,10890.189453125,10824.0888671875,66.1005859375
2006-01-27,11023.189453125,10890.189453125,133.0
2006-01-30,11037.9892578125,11023.189453125,14.7998046875
2006-01-31,11104.2880859375,11037.9892578125,66.298828125
2006-02-01,11221.087890625,11104.2880859375,116.7998046875
2006-02-02,11135.98828125,11221.087890625,-85.099609375
2006-02-03,11175.7880859375,11135.98828125,39.7998046875
2006-02-06,11187.48828125,11175.7880859375,11.7001953125
2006-02-07,11175.087890625,11187.48828125,-12.400390625
2006-02-08,11202.587890625,11175.087890625,27.5
2006-02-09,11344.888671875,11202.587890625,142.30078125
2006-02-10,11312.587890625,11344.888671875,-32.30078125
2006-02-13,11395.48828125,11312.587890625,82.900390625
2006-02-14,11395.888671875,11395.48828125,0.400390625
2006-02-15,11377.388671875,11395.888671875,-18.5
2006-02-16,11447.1884765625,11377.388671875,69.7998046875
2006-02-17,11491.2880859375,11447.1884765625,44.099609375
2006-02-20,11535.587890625,11491.2880859375,44.2998046875
2006-02-21,11626.888671875,11535.587890625,91.30078125
2006-02-22,11755.2880859375,11626.888671875,128.3994140625
2006-02-23,11738.98828125,11755.2880859375,-16.2998046875
2006-02-24,11786.888671875,11738.98828125,47.900390625
2006-02-27,11832.7880859375,11786.888671875,45.8994140625
2006-02-28,11740.6884765625,11832.7880859375,-92.099609375
2006-03-01,11902.1884765625,11740.6884765625,161.5
2006-03-02,11809.587890625,11902.1884765625,-92.6005859375
2006-03-03,11755.6884765625,11809.587890625,-53.8994140625
2006-03-06,11759.087890625,11755.6884765625,3.3994140625
2006-03-07,11701.2880859375,11759.087890625,-57.7998046875
2006-03-08,11629.1884765625,11701.2880859375,-72.099609375
2006-03-09,11699.587890625,11629.1884765625,70.3994140625
2006-03-10,11771.7880859375,11699.587890625,72.2001953125
2006-03-13,11845.388671875,11771.7880859375,73.6005859375
2006-03-14,11834.98828125,11845.388671875,-10.400390625
2006-03-15,11845.6884765625,11834.98828125,10.7001953125
2006-03-16,11862.48828125,11845.6884765625,16.7998046875
2006-03-17,11872.888671875,11862.48828125,10.400390625
2006-03-20,11921.98828125,11872.888671875,49.099609375
2006-03-21,11933.388671875,11921.98828125,11.400390625
2006-03-22,11951.587890625,11933.388671875,18.19921875
2006-03-23,11906.1884765625,11951.587890625,-45.3994140625
2006-03-24,11954.388671875,11906.1884765625,48.2001953125
2006-03-27,11839.587890625,11954.388671875,-114.80078125
2006-03-28,11774.1884765625,11839.587890625,-65.3994140625
2006-03-29,11817.2880859375,11774.1884765625,43.099609375
2006-03-30,11869.7880859375,11817.2880859375,52.5
2006-03-31,11854.2880859375,11869.7880859375,-15.5
2006-04-03,11919.98828125,11854.2880859375,65.7001953125
2006-04-04,11893.7880859375,11919.98828125,-26.2001953125
2006-04-05,11916.388671875,11893.7880859375,22.6005859375
2006-04-06,11908.1884765625,11916.388671875,-8.2001953125
2006-04-07,11816.6884765625,11908.1884765625,-91.5
2006-04-10,11817.48828125,11816.6884765625,0.7998046875
2006-04-11,11674.587890625,11817.48828125,-142.900390625
2006-04-12,11601.6884765625,11674.587890625,-72.8994140625
2006-04-13,11609.388671875,11601.6884765625,7.7001953125
2006-04-18,11584.98828125,11609.388671875,-24.400390625
2006-04-19,11720.087890625,11584.98828125,135.099609375
2006-04-20,11782.587890625,11720.087890625,62.5
2006-04-21,11913.7880859375,11782.587890625,131.2001953125
2006-04-24,11901.2880859375,11913.7880859375,-12.5
2006-04-25,11920.48828125,11901.2880859375,19.2001953125
2006-04-26,11925.587890625,11920.48828125,5.099609375
2006-04-27,11891.2880859375,11925.587890625,-34.2998046875
2006-04-28,11892.48828125,11891.2880859375,1.2001953125
2006-05-02,11929.2880859375,11892.48828125,36.7998046875
2006-05-03,11876.48828125,11929.2880859375,-52.7998046875
2006-05-04,11928.48828125,11876.48828125,52.0
2006-05-05,12034.388671875,11928.48828125,105.900390625
2006-05-08,12067.6875,12034.388671875,33.298828125
2006-05-09,12083.287109375,12067.6875,15.599609375
2006-05-10,12064.787109375,12083.287109375,-18.5
2006-05-11,12008.388671875,12064.787109375,-56.3984375
2006-05-12,11710.1884765625,12008.388671875,-298.2001953125
2006-05-15,11587.6884765625,11710.1884765625,-122.5
2006-05-16,11595.888671875,11587.6884765625,8.2001953125
2006-05-17,11248.1884765625,11595.888671875,-347.7001953125
2006-05-18,11210.2880859375,11248.1884765625,-37.900390625
2006-05-19,11270.7880859375,11210.2880859375,60.5
2006-05-22,10950.189453125,11270.7880859375,-320.5986328125
2006-05-23,11160.6884765625,10950.189453125,210.4990234375
2006-05-24,11047.189453125,11160.6884765625,-113.4990234375
2006-05-25,11208.1884765625,11047.189453125,160.9990234375
2006-05-26,11414.7880859375,11208.1884765625,206.599609375
2006-05-29,11371.388671875,11414.7880859375,-43.3994140625
2006-05-30,11165.587890625,11371.388671875,-205.80078125
2006-05-31,11340.48828125,11165.587890625,174.900390625
2006-06-01,11346.388671875,11340.48828125,5.900390625
2006-06-02,11360.6884765625,11346.388671875,14.2998046875
2006-06-05,11287.7880859375,11360.6884765625,-72.900390625
2006-06-06,11111.98828125,11287.7880859375,-175.7998046875
2006-06-07,11224.6884765625,11111.98828125,112.7001953125
2006-06-08,10952.5888671875,11224.6884765625,-272.099609375
2006-06-09,11098.1884765625,10952.5888671875,145.599609375
2006-06-12,11031.3896484375,11098.1884765625,-66.798828125
2006-06-13,10797.4892578125,11031.3896484375,-233.900390625
2006-06-14,10851.9892578125,10797.4892578125,54.5
2006-06-15,11036.2890625,10851.9892578125,184.2998046875
2006-06-16,10962.7890625,11036.2890625,-73.5
2006-06-19,11056.7890625,10962.7890625,94.0
2006-06-20,11103.48828125,11056.7890625,46.69921875
2006-06-21,11155.388671875,11103.48828125,51.900390625
2006-06-22,11246.2880859375,11155.388671875,90.8994140625
2006-06-23,11274.1884765625,11246.2880859375,27.900390625
2006-06-26,11276.587890625,11274.1884765625,2.3994140625
2006-06-27,11214.48828125,11276.587890625,-62.099609375
2006-06-28,11188.7880859375,11214.48828125,-25.7001953125
2006-06-29,11386.587890625,11188.7880859375,197.7998046875
2006-06-30,11548.087890625,11386.587890625,161.5
2006-07-03,11569.587890625,11548.087890625,21.5
2006-07-04,11603.087890625,11569.587890625,33.5
2006-07-05,11521.1884765625,11603.087890625,-81.8994140625
2006-07-06,11636.7880859375,11521.1884765625,115.599609375
2006-07-07,11626.6884765625,11636.7880859375,-10.099609375
2006-07-10,11649.48828125,11626.6884765625,22.7998046875
2006-07-11,11535.1884765625,11649.48828125,-114.2998046875
2006-07-12,11537.2880859375,11535.1884765625,2.099609375
2006-07-13,11374.98828125,11537.2880859375,-162.2998046875
2006-07-14,11240.1884765625,11374.98828125,-134.7998046875
2006-07-17,11179.388671875,11240.1884765625,-60.7998046875
2006-07-18,11160.98828125,11179.388671875,-18.400390625
2006-07-19,11425.6884765625,11160.98828125,264.7001953125
2006-07-20,11446.388671875,11425.6884765625,20.7001953125
2006-07-21,11333.888671875,11446.388671875,-112.5
2006-07-24,11561.587890625,11333.888671875,227.69921875
2006-07-25,11611.888671875,11561.587890625,50.30078125
2006-07-26,11635.1884765625,11611.888671875,23.2998046875
2006-07-27,11768.388671875,11635.1884765625,133.2001953125
2006-07-28,11887.388671875,11768.388671875,119.0
2006-07-31,11817.98828125,11887.388671875,-69.400390625
2006-08-01,11706.587890625,11817.98828125,-111.400390625
2006-08-02,11862.98828125,11706.587890625,156.400390625
2006-08-03,11800.6884765625,11862.98828125,-62.2998046875
2006-08-04,11934.087890625,11800.6884765625,133.3994140625
2006-08-07,11790.48828125,11934.087890625,-143.599609375
2006-08-08,11833.98828125,11790.48828125,43.5
2006-08-09,11911.587890625,11833.98828125,77.599609375
2006-08-10,11810.388671875,11911.587890625,-101.19921875
2006-08-11,11777.2880859375,11810.388671875,-33.1005859375
2006-08-14,11903.2880859375,11777.2880859375,126.0
2006-08-15,11991.2880859375,11903.2880859375,88.0
2006-08-16,12045.888671875,11991.2880859375,54.6005859375
2006-08-17,12087.787109375,12045.888671875,41.8984375
2006-08-18,12067.787109375,12087.787109375,-20.0
2006-08-21,12054.8876953125,12067.787109375,-12.8994140625
2006-08-22,12080.787109375,12054.8876953125,25.8994140625
2006-08-23,12012.6884765625,12080.787109375,-68.0986328125
2006-08-24,12055.9873046875,12012.6884765625,43.298828125
2006-08-25,12042.888671875,12055.9873046875,-13.0986328125
2006-08-28,12116.5869140625,12042.888671875,73.6982421875
2006-08-29,12146.5869140625,12116.5869140625,30.0
2006-08-30,12171.8876953125,12146.5869140625,25.30078125
2006-08-31,12144.6875,12171.8876953125,-27.2001953125
2006-09-01,12192.9873046875,12144.6875,48.2998046875
2006-09-04,12278.5869140625,12192.9873046875,85.599609375
2006-09-05,12212.3876953125,12278.5869140625,-66.19921875
2006-09-06,12102.8876953125,12212.3876953125,-109.5
2006-09-07,12014.48828125,12102.8876953125,-88.3994140625
2006-09-08,12081.6875,12014.48828125,67.19921875
2006-09-11,12055.1875,12081.6875,-26.5
2006-09-12,12164.8876953125,12055.1875,109.7001953125
2006-09-13,12206.8876953125,12164.8876953125,42.0
2006-09-14,12214.4873046875,12206.8876953125,7.599609375
2006-09-15,12278.3876953125,12214.4873046875,63.900390625
2006-09-18,12287.787109375,12278.3876953125,9.3994140625
2006-09-19,12240.8876953125,12287.787109375,-46.8994140625
2006-09-20,12426.0869140625,12240.8876953125,185.19921875
2006-09-21,12476.8876953125,12426.0869140625,50.80078125
2006-09-22,12389.4873046875,12476.8876953125,-87.400390625
2006-09-25,12393.287109375,12389.4873046875,3.7998046875
2006-09-26,12617.3876953125,12393.287109375,224.1005859375
2006-09-27,12949.9873046875,12617.3876953125,332.599609375
2006-09-28,12930.1875,12949.9873046875,-19.7998046875
2006-09-29,12934.6875,12930.1875,4.5
2006-10-02,12915.8876953125,12934.6875,-18.7998046875
2006-10-03,12860.4873046875,12915.8876953125,-55.400390625
2006-10-04,12982.5869140625,12860.4873046875,122.099609375
2006-10-05,13116.38671875,12982.5869140625,133.7998046875
2006-10-06,13152.0859375,13116.38671875,35.69921875
2006-10-09,13143.486328125,13152.0859375,-8.599609375
2006-10-10,13234.486328125,13143.486328125,91.0
2006-10-11,13260.88671875,13234.486328125,26.400390625
2006-10-12,13406.88671875,13260.88671875,146.0
2006-10-13,13454.486328125,13406.88671875,47.599609375
2006-10-16,13476.5859375,13454.486328125,22.099609375
2006-10-17,13245.2861328125,13476.5859375,-231.2998046875
2006-10-18,13398.1865234375,13245.2861328125,152.900390625
2006-10-19,13463.6865234375,13398.1865234375,65.5
2006-10-20,13557.986328125,13463.6865234375,94.2998046875
2006-10-23,13620.6865234375,13557.986328125,62.7001953125
2006-10-24,13579.7861328125,13620.6865234375,-40.900390625
2006-10-25,13636.2861328125,13579.7861328125,56.5
2006-10-26,13633.0859375,13636.2861328125,-3.2001953125
2006-10-27,13725.7861328125,13633.0859375,92.7001953125
2006-10-30,13713.1865234375,13725.7861328125,-12.599609375
2006-10-31,13752.986328125,13713.1865234375,39.7998046875
2006-11-01,13772.5859375,13752.986328125,19.599609375
2006-11-02,13719.2861328125,13772.5859375,-53.2998046875
2006-11-03,13794.6865234375,13719.2861328125,75.400390625
2006-11-06,13968.486328125,13794.6865234375,173.7998046875
2006-11-07,14058.28515625,13968.486328125,89.798828125
2006-11-08,14090.3857421875,14058.28515625,32.1005859375
2006-11-09,14111.3857421875,14090.3857421875,21.0
2006-11-10,14002.3857421875,14111.3857421875,-109.0
2006-11-13,14091.8857421875,14002.3857421875,89.5
2006-11-14,14113.185546875,14091.8857421875,21.2998046875
2006-11-15,14174.28515625,14113.185546875,61.099609375
2006-11-16,14241.28515625,14174.28515625,67.0
2006-11-17,14169.9853515625,14241.28515625,-71.2998046875
2006-11-20,14255.9853515625,14169.9853515625,86.0
2006-11-21,14228.0849609375,14255.9853515625,-27.900390625
2006-11-22,14294.5849609375,14228.0849609375,66.5
2006-11-23,14284.3857421875,14294.5849609375,-10.19921875
2006-11-24,14088.0849609375,14284.3857421875,-196.30078125
2006-11-27,13786.7861328125,14088.0849609375,-301.298828125
2006-11-28,13732.0859375,13786.7861328125,-54.7001953125
2006-11-29,13977.9853515625,13732.0859375,245.8994140625
2006-11-30,13849.2861328125,13977.9853515625,-128.69921875
2006-12-01,13660.5859375,13849.2861328125,-188.7001953125
2006-12-04,13846.38671875,13660.5859375,185.80078125
2006-12-05,14032.4853515625,13846.38671875,186.0986328125
2006-12-06,14007.0849609375,14032.4853515625,-25.400390625
2006-12-07,14062.78515625,14007.0849609375,55.7001953125
2006-12-08,14076.5849609375,14062.78515625,13.7998046875
2006-12-11,14209.5849609375,14076.5849609375,133.0
2006-12-12,14200.185546875,14209.5849609375,-9.3994140625
2006-12-13,14327.4853515625,14200.185546875,127.2998046875
2006-12-14,14351.8857421875,14327.4853515625,24.400390625
2006-12-15,14387.5849609375,14351.8857421875,35.69921875
2006-12-18,14317.4853515625,14387.5849609375,-70.099609375
2006-12-19,14176.78515625,14317.4853515625,-140.7001953125
2006-12-20,14201.685546875,14176.78515625,24.900390625
2006-12-21,14150.3857421875,14201.685546875,-51.2998046875
2006-12-22,14066.0849609375,14150.3857421875,-84.30078125
2006-12-27,14199.3857421875,14066.0849609375,133.30078125
2006-12-28,14160.78515625,14199.3857421875,-38.6005859375
2006-12-29,14146.4853515625,14160.78515625,-14.2998046875
2007-01-02,14364.3857421875,14146.4853515625,217.900390625
2007-01-03,14375.0849609375,14364.3857421875,10.69921875
2007-01-04,14382.3857421875,14375.0849609375,7.30078125
2007-01-05,14304.685546875,14382.3857421875,-77.7001953125
2007-01-08,14322.28515625,14304.685546875,17.599609375
2007-01-09,14311.4853515625,14322.28515625,-10.7998046875
2007-01-10,14116.0849609375,14311.4853515625,-195.400390625
2007-01-11,14328.78515625,14116.0849609375,212.7001953125
2007-01-12,14368.185546875,14328.78515625,39.400390625
2007-01-15,14416.685546875,14368.185546875,48.5
2007-01-16,14355.5849609375,14416.685546875,-61.1005859375
2007-01-17,14294.9853515625,14355.5849609375,-60.599609375
2007-01-18,14265.28515625,14294.9853515625,-29.7001953125
2007-01-19,14397.8857421875,14265.28515625,132.6005859375
2007-01-22,14359.685546875,14397.8857421875,-38.2001953125
2007-01-23,14368.5849609375,14359.685546875,8.8994140625
2007-01-24,14540.685546875,14368.5849609375,172.1005859375
2007-01-25,14537.28515625,14540.685546875,-3.400390625
2007-01-26,14415.3857421875,14537.28515625,-121.8994140625
2007-01-29,14506.9853515625,14415.3857421875,91.599609375
2007-01-30,14553.3857421875,14506.9853515625,46.400390625
2007-01-31,14553.185546875,14553.3857421875,-0.2001953125
2007-02-01,14571.4853515625,14553.185546875,18.2998046875
2007-02-02,14631.185546875,14571.4853515625,59.7001953125
2007-02-05,14616.685546875,14631.185546875,-14.5
2007-02-06,14703.185546875,14616.685546875,86.5
2007-02-07,14854.5849609375,14703.185546875,151.3994140625
2007-02-08,14825.9853515625,14854.5849609375,-28.599609375
2007-02-09,14875.4853515625,14825.9853515625,49.5
2007-02-12,14768.9853515625,14875.4853515625,-106.5
2007-02-13,14824.5849609375,14768.9853515625,55.599609375
2007-02-14,14905.685546875,14824.5849609375,81.1005859375
2007-02-15,14876.8857421875,14905.685546875,-28.7998046875
2007-02-16,14851.185546875,14876.8857421875,-25.7001953125
2007-02-19,14915.78515625,14851.185546875,64.599609375
2007-02-20,14886.0849609375,14915.78515625,-29.7001953125
2007-02-21,14788.78515625,14886.0849609375,-97.2998046875
2007-02-22,14791.28515625,14788.78515625,2.5
2007-02-23,14767.0849609375,14791.28515625,-24.2001953125
2007-02-26,14856.0849609375,14767.0849609375,89.0
2007-02-27,14408.28515625,14856.0849609375,-447.7998046875
2007-02-28,14248.3857421875,14408.28515625,-159.8994140625
2007-03-01,14064.8857421875,14248.3857421875,-183.5
2007-03-02,13962.1865234375,14064.8857421875,-102.69921875
2007-03-05,13749.0859375,13962.1865234375,-213.1005859375
2007-03-06,13825.88671875,13749.0859375,76.80078125
2007-03-07,13912.6865234375,13825.88671875,86.7998046875
2007-03-08,14193.9853515625,13912.6865234375,281.298828125
2007-03-09,14257.185546875,14193.9853515625,63.2001953125
2007-03-12,14146.4853515625,14257.185546875,-110.7001953125
2007-03-13,13982.8857421875,14146.4853515625,-163.599609375
2007-03-14,13602.38671875,13982.8857421875,-380.4990234375
2007-03-15,13940.38671875,13602.38671875,338.0
2007-03-16,13977.3857421875,13940.38671875,36.9990234375
2007-03-19,14250.185546875,13977.3857421875,272.7998046875
2007-03-20,14323.185546875,14250.185546875,73.0
2007-03-21,14310.4853515625,14323.185546875,-12.7001953125
2007-03-22,14490.0849609375,14310.4853515625,179.599609375
2007-03-23,14545.685546875,14490.0849609375,55.6005859375
2007-03-26,14469.5849609375,14545.685546875,-76.1005859375
2007-03-27,14536.78515625,14469.5849609375,67.2001953125
2007-03-28,14482.9853515625,14536.78515625,-53.7998046875
2007-03-29,14605.28515625,14482.9853515625,122.2998046875
2007-03-30,14641.685546875,14605.28515625,36.400390625
2007-04-02,14730.78515625,14641.685546875,89.099609375
2007-04-03,14953.1845703125,14730.78515625,222.3994140625
2007-04-04,14943.083984375,14953.1845703125,-10.1005859375
2007-04-05,14974.884765625,14943.083984375,31.80078125
2007-04-10,15005.484375,14974.884765625,30.599609375
2007-04-11,14997.583984375,15005.484375,-7.900390625
2007-04-12,14882.9853515625,14997.583984375,-114.5986328125
2007-04-13,14965.2841796875,14882.9853515625,82.298828125
2007-04-16,15020.7841796875,14965.2841796875,55.5
2007-04-17,14965.984375,15020.7841796875,-54.7998046875
2007-04-18,14870.3857421875,14965.984375,-95.5986328125
2007-04-19,14821.685546875,14870.3857421875,-48.7001953125
2007-04-20,15080.884765625,14821.685546875,259.19921875
2007-04-23,14987.083984375,15080.884765625,-93.80078125
2007-04-24,14578.685546875,14987.083984375,-408.3984375
2007-04-25,14620.3857421875,14578.685546875,41.7001953125
2007-04-26,14610.9853515625,14620.3857421875,-9.400390625
2007-04-27,14403.5849609375,14610.9853515625,-207.400390625
2007-04-30,14374.5849609375,14403.5849609375,-29.0
2007-05-02,14416.8857421875,14374.5849609375,42.30078125
2007-05-03,14395.5849609375,14416.8857421875,-21.30078125
2007-05-04,14620.28515625,14395.5849609375,224.7001953125
2007-05-07,14672.0849609375,14620.28515625,51.7998046875
2007-05-08,14556.685546875,14672.0849609375,-115.3994140625
2007-05-09,14609.3857421875,14556.685546875,52.7001953125
2007-05-10,14575.3857421875,14609.3857421875,-34.0
2007-05-11,14736.28515625,14575.3857421875,160.8994140625
2007-05-14,14685.9853515625,14736.28515625,-50.2998046875
2007-05-15,14824.185546875,14685.9853515625,138.2001953125
2007-05-16,14918.78515625,14824.185546875,94.599609375
2007-05-17,14968.1845703125,14918.78515625,49.3994140625
2007-05-18,15068.384765625,14968.1845703125,100.2001953125
2007-05-21,15055.484375,15068.384765625,-12.900390625
2007-05-22,15070.884765625,15055.484375,15.400390625
2007-05-23,15223.884765625,15070.884765625,153.0
2007-05-24,15094.884765625,15223.884765625,-129.0
2007-05-25,15053.1845703125,15094.884765625,-41.7001953125
2007-05-28,15124.583984375,15053.1845703125,71.3994140625
2007-05-29,15188.583984375,15124.583984375,64.0
2007-05-30,15137.2841796875,15188.583984375,-51.2998046875
2007-05-31,15329.384765625,15137.2841796875,192.1005859375
2007-06-01,15501.484375,15329.384765625,172.099609375
2007-06-04,15414.2841796875,15501.484375,-87.2001953125
2007-06-05,15314.884765625,15414.2841796875,-99.3994140625
2007-06-06,14928.78515625,15314.884765625,-386.099609375
2007-06-07,14725.8857421875,14928.78515625,-202.8994140625
2007-06-08,14816.4853515625,14725.8857421875,90.599609375
2007-06-11,14940.583984375,14816.4853515625,124.0986328125
2007-06-12,14764.28515625,14940.583984375,-176.298828125
2007-06-13,14829.78515625,14764.28515625,65.5
2007-06-14,15078.384765625,14829.78515625,248.599609375
2007-06-15,15252.083984375,15078.384765625,173.69921875
2007-06-18,15103.583984375,15252.083984375,-148.5
2007-06-19,15000.1845703125,15103.583984375,-103.3994140625
2007-06-20,15035.6845703125,15000.1845703125,35.5
2007-06-21,14882.3857421875,15035.6845703125,-153.298828125
2007-06-22,14784.8857421875,14882.3857421875,-97.5
2007-06-25,14848.28515625,14784.8857421875,63.3994140625
2007-06-26,14755.185546875,14848.28515625,-93.099609375
2007-06-27,14681.685546875,14755.185546875,-73.5
2007-06-28,14819.8857421875,14681.685546875,138.2001953125
2007-06-29,14891.9853515625,14819.8857421875,72.099609375
2007-07-02,14804.685546875,14891.9853515625,-87.2998046875
2007-07-03,14869.3857421875,14804.685546875,64.7001953125
2007-07-04,14989.6845703125,14869.3857421875,120.298828125
2007-07-05,14907.3857421875,14989.6845703125,-82.298828125
2007-07-06,15058.2841796875,14907.3857421875,150.8984375
2007-07-09,14974.6845703125,15058.2841796875,-83.599609375
2007-07-10,14823.8857421875,14974.6845703125,-150.798828125
2007-07-11,14766.185546875,14823.8857421875,-57.7001953125
2007-07-12,14941.7841796875,14766.185546875,175.5986328125
2007-07-13,15023.484375,14941.7841796875,81.7001953125
2007-07-16,15110.384765625,15023.484375,86.900390625
2007-07-17,15153.7841796875,15110.384765625,43.3994140625
2007-07-18,15058.583984375,15153.7841796875,-95.2001953125
2007-07-19,15207.2841796875,15058.583984375,148.7001953125
2007-07-20,14930.0849609375,15207.2841796875,-277.19921875
2007-07-23,15056.6845703125,14930.0849609375,126.599609375
2007-07-24,14913.28515625,15056.6845703125,-143.3994140625
2007-07-25,14937.685546875,14913.28515625,24.400390625
2007-07-26,14540.3857421875,14937.685546875,-397.2998046875
2007-07-27,14587.4853515625,14540.3857421875,47.099609375
2007-07-30,14507.8857421875,14587.4853515625,-79.599609375
2007-07-31,14802.3857421875,14507.8857421875,294.5
2007-08-01,14595.685546875,14802.3857421875,-206.7001953125
2007-08-02,14678.5849609375,14595.685546875,82.8994140625
2007-08-03,14534.28515625,14678.5849609375,-144.2998046875
2007-08-06,14432.0849609375,14534.28515625,-102.2001953125
2007-08-07,14652.8857421875,14432.0849609375,220.80078125
2007-08-08,15004.1845703125,14652.8857421875,351.298828125
2007-08-09,14838.28515625,15004.1845703125,-165.8994140625
2007-08-10,14453.8857421875,14838.28515625,-384.3994140625
2007-08-13,14731.78515625,14453.8857421875,277.8994140625
2007-08-14,14553.0849609375,14731.78515625,-178.7001953125
2007-08-15,14520.4853515625,14553.0849609375,-32.599609375
2007-08-16,13979.685546875,14520.4853515625,-540.7998046875
2007-08-17,14237.4853515625,13979.685546875,257.7998046875
2007-08-20,14269.0849609375,14237.4853515625,31.599609375
2007-08-21,14239.78515625,14269.0849609375,-29.2998046875
2007-08-22,14359.185546875,14239.78515625,119.400390625
2007-08-23,14292.4853515625,14359.185546875,-66.7001953125
2007-08-24,14334.3857421875,14292.4853515625,41.900390625
2007-08-27,14305.4853515625,14334.3857421875,-28.900390625
2007-08-28,14124.78515625,14305.4853515625,-180.7001953125
2007-08-29,14183.5849609375,14124.78515625,58.7998046875
2007-08-30,14313.3857421875,14183.5849609375,129.80078125
2007-08-31,14479.78515625,14313.3857421875,166.3994140625
2007-09-03,14546.8857421875,14479.78515625,67.1005859375
2007-09-04,14590.0849609375,14546.8857421875,43.19921875
2007-09-05,14240.0849609375,14590.0849609375,-350.0
2007-09-06,14198.3857421875,14240.0849609375,-41.69921875
2007-09-07,13873.38671875,14198.3857421875,-324.9990234375
2007-09-10,13726.2861328125,13873.38671875,-147.1005859375
2007-09-11,13965.486328125,13726.2861328125,239.2001953125
2007-09-12,13980.3857421875,13965.486328125,14.8994140625
2007-09-13,14077.78515625,13980.3857421875,97.3994140625
2007-09-14,13860.986328125,14077.78515625,-216.798828125
2007-09-17,13696.88671875,13860.986328125,-164.099609375
2007-09-18,14041.9853515625,13696.88671875,345.0986328125
2007-09-19,14494.78515625,14041.9853515625,452.7998046875
2007-09-20,14427.0849609375,14494.78515625,-67.7001953125
2007-09-21,14450.5849609375,14427.0849609375,23.5
2007-09-24,14494.685546875,14450.5849609375,44.1005859375
2007-09-25,14311.8857421875,14494.685546875,-182.7998046875
2007-09-26,14513.685546875,14311.8857421875,201.7998046875
2007-09-27,14581.5849609375,14513.685546875,67.8994140625
2007-09-28,14576.4853515625,14581.5849609375,-5.099609375
2007-10-01,14602.9853515625,14576.4853515625,26.5
2007-10-02,14789.9853515625,14602.9853515625,187.0
2007-10-03,14783.78515625,14789.9853515625,-6.2001953125
2007-10-04,14717.9853515625,14783.78515625,-65.7998046875
2007-10-05,14892.0849609375,14717.9853515625,174.099609375
2007-10-08,14808.9853515625,14892.0849609375,-83.099609375
2007-10-09,14862.685546875,14808.9853515625,53.7001953125
2007-10-10,14863.78515625,14862.685546875,1.099609375
2007-10-11,15099.984375,14863.78515625,236.19921875
2007-10-12,15261.2841796875,15099.984375,161.2998046875
2007-10-15,15187.484375,15261.2841796875,-73.7998046875
2007-10-16,15279.6845703125,15187.484375,92.2001953125
2007-10-17,15430.484375,15279.6845703125,150.7998046875
2007-10-18,15507.083984375,15430.484375,76.599609375
2007-10-19,15529.6845703125,15507.083984375,22.6005859375
2007-10-22,15327.7841796875,15529.6845703125,-201.900390625
2007-10-23,15429.583984375,15327.7841796875,101.7998046875
2007-10-24,15231.2841796875,15429.583984375,-198.2998046875
2007-10-25,15385.984375,15231.2841796875,154.7001953125
2007-10-26,15603.884765625,15385.984375,217.900390625
2007-10-29,15738.083984375,15603.884765625,134.19921875
2007-10-30,15782.484375,15738.083984375,44.400390625
2007-10-31,15890.484375,15782.484375,108.0
2007-11-01,15759.583984375,15890.484375,-130.900390625
2007-11-02,15823.6845703125,15759.583984375,64.1005859375
2007-11-05,15825.884765625,15823.6845703125,2.2001953125
2007-11-06,15895.384765625,15825.884765625,69.5
2007-11-07,15841.884765625,15895.384765625,-53.5
2007-11-08,15945.68359375,15841.884765625,103.798828125
2007-11-09,15731.1845703125,15945.68359375,-214.4990234375
2007-11-12,15774.6845703125,15731.1845703125,43.5
2007-11-13,15814.7841796875,15774.6845703125,40.099609375
2007-11-14,15808.884765625,15814.7841796875,-5.8994140625
2007-11-15,15725.7841796875,15808.884765625,-83.1005859375
2007-11-16,15768.984375,15725.7841796875,43.2001953125
2007-11-19,15539.2841796875,15768.984375,-229.7001953125
2007-11-20,15699.984375,15539.2841796875,160.7001953125
2007-11-21,15364.484375,15699.984375,-335.5
2007-11-22,15317.083984375,15364.484375,-47.400390625
2007-11-23,15392.1845703125,15317.083984375,75.1005859375
2007-11-26,15330.1845703125,15392.1845703125,-62.0
2007-11-27,15315.583984375,15330.1845703125,-14.6005859375
2007-11-28,15566.484375,15315.583984375,250.900390625
2007-11-29,15656.583984375,15566.484375,90.099609375
2007-11-30,15759.884765625,15656.583984375,103.30078125
2007-12-03,15734.984375,15759.884765625,-24.900390625
2007-12-04,15708.1845703125,15734.984375,-26.7998046875
2007-12-05,15802.1845703125,15708.1845703125,94.0
2007-12-06,15695.884765625,15802.1845703125,-106.2998046875
2007-12-07,15819.583984375,15695.884765625,123.69921875
2007-12-10,15832.6845703125,15819.583984375,13.1005859375
2007-12-11,15890.484375,15832.6845703125,57.7998046875
2007-12-12,15859.984375,15890.484375,-30.5
2007-12-13,15499.1845703125,15859.984375,-360.7998046875
2007-12-14,15575.6845703125,15499.1845703125,76.5
2007-12-17,15318.484375,15575.6845703125,-257.2001953125
2007-12-18,15282.083984375,15318.484375,-36.400390625
2007-12-19,15177.083984375,15282.083984375,-105.0
2007-12-20,15140.1845703125,15177.083984375,-36.8994140625
2007-12-21,15289.2841796875,15140.1845703125,149.099609375
2007-12-27,15256.1845703125,15289.2841796875,-33.099609375
2007-12-28,15182.2841796875,15256.1845703125,-73.900390625
2008-01-02,15002.484375,15182.2841796875,-179.7998046875
2008-01-03,14856.4853515625,15002.484375,-145.9990234375
2008-01-04,14602.28515625,14856.4853515625,-254.2001953125
2008-01-07,14666.9853515625,14602.28515625,64.7001953125
2008-01-08,14670.4853515625,14666.9853515625,3.5
2008-01-09,14603.4853515625,14670.4853515625,-67.0
2008-01-10,14523.9853515625,14603.4853515625,-79.5
2008-01-11,14457.9853515625,14523.9853515625,-66.0
2008-01-14,14431.8857421875,14457.9853515625,-26.099609375
2008-01-15,13945.1865234375,14431.8857421875,-486.69921875
2008-01-16,13817.0859375,13945.1865234375,-128.1005859375
2008-01-17,13775.5859375,13817.0859375,-41.5
2008-01-18,13655.38671875,13775.5859375,-120.19921875
2008-01-21,12625.787109375,13655.38671875,-1029.599609375
2008-01-22,12839.6875,12625.787109375,213.900390625
2008-01-23,12254.5869140625,12839.6875,-585.1005859375
2008-01-24,13106.6865234375,12254.5869140625,852.099609375
2008-01-25,13141.0859375,13106.6865234375,34.3994140625
2008-01-28,13026.6865234375,13141.0859375,-114.3994140625
2008-01-29,13246.5859375,13026.6865234375,219.8994140625
2008-01-30,13217.0859375,13246.5859375,-29.5
2008-01-31,13228.986328125,13217.0859375,11.900390625
2008-02-01,13494.6865234375,13228.986328125,265.7001953125
2008-02-04,13515.6865234375,13494.6865234375,21.0
2008-02-05,12814.6875,13515.6865234375,-700.9990234375
2008-02-06,13037.2861328125,12814.6875,222.5986328125
2008-02-07,12889.4873046875,13037.2861328125,-147.798828125
2008-02-08,12934.787109375,12889.4873046875,45.2998046875
2008-02-11,12818.787109375,12934.787109375,-116.0
2008-02-12,13254.6865234375,12818.787109375,435.8994140625
2008-02-13,13266.6865234375,13254.6865234375,12.0
2008-02-14,13313.1865234375,13266.6865234375,46.5
2008-02-15,13073.88671875,13313.1865234375,-239.2998046875
2008-02-18,13312.1865234375,13073.88671875,238.2998046875
2008-02-19,13269.6865234375,13312.1865234375,-42.5
2008-02-20,13080.38671875,13269.6865234375,-189.2998046875
2008-02-21,13172.986328125,13080.38671875,92.599609375
2008-02-22,13017.486328125,13172.986328125,-155.5
2008-02-25,13156.5859375,13017.486328125,139.099609375
2008-02-26,13436.5859375,13156.5859375,280.0
2008-02-27,13454.2861328125,13436.5859375,17.7001953125
2008-02-28,13272.0859375,13454.2861328125,-182.2001953125
2008-02-29,13170.38671875,13272.0859375,-101.69921875
2008-03-03,12862.4873046875,13170.38671875,-307.8994140625
2008-03-04,12630.0869140625,12862.4873046875,-232.400390625
2008-03-05,12948.0869140625,12630.0869140625,318.0
2008-03-06,12803.287109375,12948.0869140625,-144.7998046875
2008-03-07,12691.287109375,12803.287109375,-112.0
2008-03-10,12654.9873046875,12691.287109375,-36.2998046875
2008-03-11,13056.0859375,12654.9873046875,401.0986328125
2008-03-12,13131.2861328125,13056.0859375,75.2001953125
2008-03-13,13073.1865234375,13131.2861328125,-58.099609375
2008-03-14,13021.38671875,13073.1865234375,-51.7998046875
2008-03-17,12655.9873046875,13021.38671875,-365.3994140625
2008-03-18,13030.486328125,12655.9873046875,374.4990234375
2008-03-19,12964.6875,13030.486328125,-65.798828125
2008-03-20,12964.1875,12964.6875,-0.5
2008-03-25,13434.1865234375,12964.1875,469.9990234375
2008-03-26,13402.986328125,13434.1865234375,-31.2001953125
2008-03-27,13537.88671875,13402.986328125,134.900390625
2008-03-28,13442.38671875,13537.88671875,-95.5
2008-03-31,13268.986328125,13442.38671875,-173.400390625
2008-04-01,13699.0859375,13268.986328125,430.099609375
2008-04-02,13838.6865234375,13699.0859375,139.6005859375
2008-04-03,13738.88671875,13838.6865234375,-99.7998046875
2008-04-04,13846.38671875,13738.88671875,107.5
2008-04-07,13919.5859375,13846.38671875,73.19921875
2008-04-08,13759.38671875,13919.5859375,-160.19921875
2008-04-09,13598.986328125,13759.38671875,-160.400390625
2008-04-10,13507.88671875,13598.986328125,-91.099609375
2008-04-11,13278.2861328125,13507.88671875,-229.6005859375
2008-04-14,13160.2861328125,13278.2861328125,-118.0
2008-04-15,13408.88671875,13160.2861328125,248.6005859375
2008-04-16,13637.5859375,13408.88671875,228.69921875
2008-04-17,13568.6865234375,13637.5859375,-68.8994140625
2008-04-18,13924.88671875,13568.6865234375,356.2001953125
2008-04-21,13728.88671875,13924.88671875,-196.0
2008-04-22,13593.38671875,13728.88671875,-135.5
2008-04-23,13662.986328125,13593.38671875,69.599609375
2008-04-24,13669.1865234375,13662.986328125,6.2001953125
2008-04-25,13772.7861328125,13669.1865234375,103.599609375
2008-04-28,13877.7861328125,13772.7861328125,105.0
2008-04-29,13707.1865234375,13877.7861328125,-170.599609375
2008-04-30,13798.2861328125,13707.1865234375,91.099609375
2008-05-02,14059.9853515625,13798.2861328125,261.69921875
2008-05-05,14073.9853515625,14059.9853515625,14.0
2008-05-06,14005.78515625,14073.9853515625,-68.2001953125
2008-05-07,14026.78515625,14005.78515625,21.0
2008-05-08,14073.9853515625,14026.78515625,47.2001953125
2008-05-09,13945.0859375,14073.9853515625,-128.8994140625
2008-05-12,14053.8857421875,13945.0859375,108.7998046875
2008-05-13,14016.3857421875,14053.8857421875,-37.5
2008-05-14,14187.185546875,14016.3857421875,170.7998046875
2008-05-15,14186.3857421875,14187.185546875,-0.7998046875
2008-05-16,14124.78515625,14186.3857421875,-61.6005859375
2008-05-19,14247.5849609375,14124.78515625,122.7998046875
2008-05-20,13992.0849609375,14247.5849609375,-255.5
2008-05-21,13857.1865234375,13992.0849609375,-134.8984375
2008-05-22,13851.986328125,13857.1865234375,-5.2001953125
2008-05-23,13577.5859375,13851.986328125,-274.400390625
2008-05-26,13583.6865234375,13577.5859375,6.1005859375
2008-05-27,13451.38671875,13583.6865234375,-132.2998046875
2008-05-28,13499.1865234375,13451.38671875,47.7998046875
2008-05-29,13539.486328125,13499.1865234375,40.2998046875
2008-05-30,13600.88671875,13539.486328125,61.400390625
2008-06-02,13299.986328125,13600.88671875,-300.900390625
2008-06-03,13431.6865234375,13299.986328125,131.7001953125
2008-06-04,13341.1865234375,13431.6865234375,-90.5
2008-06-05,13239.2861328125,13341.1865234375,-101.900390625
2008-06-06,12909.787109375,13239.2861328125,-329.4990234375
2008-06-09,12823.8876953125,12909.787109375,-85.8994140625
2008-06-10,12755.1875,12823.8876953125,-68.7001953125
2008-06-11,12584.287109375,12755.1875,-170.900390625
2008-06-12,12853.287109375,12584.287109375,269.0
2008-06-13,12998.6875,12853.287109375,145.400390625
2008-06-16,12826.5869140625,12998.6875,-172.1005859375
2008-06-17,12885.0869140625,12826.5869140625,58.5
2008-06-18,12631.4873046875,12885.0869140625,-253.599609375
2008-06-19,12584.9873046875,12631.4873046875,-46.5
2008-06-20,12412.4873046875,12584.9873046875,-172.5
2008-06-23,12403.3876953125,12412.4873046875,-9.099609375
2008-06-24,12205.5869140625,12403.3876953125,-197.80078125
2008-06-25,12446.0869140625,12205.5869140625,240.5
2008-06-26,12077.6875,12446.0869140625,-368.3994140625
2008-06-27,12089.787109375,12077.6875,12.099609375
2008-06-30,12046.1884765625,12089.787109375,-43.5986328125
2008-07-01,11770.888671875,12046.1884765625,-275.2998046875
2008-07-02,11856.888671875,11770.888671875,86.0
2008-07-03,11980.087890625,11856.888671875,123.19921875
2008-07-04,11765.888671875,11980.087890625,-214.19921875
2008-07-07,11982.1884765625,11765.888671875,216.2998046875
2008-07-08,11794.6884765625,11982.1884765625,-187.5
2008-07-09,11999.7880859375,11794.6884765625,205.099609375
2008-07-10,11739.48828125,11999.7880859375,-260.2998046875
2008-07-11,11383.48828125,11739.48828125,-356.0
2008-07-14,11442.98828125,11383.48828125,59.5
2008-07-15,11151.587890625,11442.98828125,-291.400390625
2008-07-16,11287.6884765625,11151.587890625,136.1005859375
2008-07-17,11642.087890625,11287.6884765625,354.3994140625
2008-07-18,11895.2880859375,11642.087890625,253.2001953125
2008-07-21,11784.587890625,11895.2880859375,-110.7001953125
2008-07-22,11610.087890625,11784.587890625,-174.5
2008-07-23,11934.888671875,11610.087890625,324.80078125
2008-07-24,11675.087890625,11934.888671875,-259.80078125
2008-07-25,11589.888671875,11675.087890625,-85.19921875
2008-07-28,11484.587890625,11589.888671875,-105.30078125
2008-07-29,11683.7880859375,11484.587890625,199.2001953125
2008-07-30,11817.888671875,11683.7880859375,134.1005859375
2008-07-31,11881.2880859375,11817.888671875,63.3994140625
2008-08-01,11569.48828125,11881.2880859375,-311.7998046875
2008-08-04,11447.587890625,11569.48828125,-121.900390625
2008-08-05,11751.388671875,11447.587890625,303.80078125
2008-08-06,11774.388671875,11751.388671875,23.0
2008-08-07,11717.48828125,11774.388671875,-56.900390625
2008-08-08,11799.888671875,11717.48828125,82.400390625
2008-08-11,12047.6875,11799.888671875,247.798828125
2008-08-12,11996.087890625,12047.6875,-51.599609375
2008-08-13,11695.388671875,11996.087890625,-300.69921875
2008-08-14,11606.7880859375,11695.388671875,-88.6005859375
2008-08-15,11686.087890625,11606.7880859375,79.2998046875
2008-08-18,11677.48828125,11686.087890625,-8.599609375
2008-08-19,11335.2880859375,11677.48828125,-342.2001953125
2008-08-20,11379.888671875,11335.2880859375,44.6005859375
2008-08-21,11217.388671875,11379.888671875,-162.5
2008-08-22,11497.2880859375,11217.388671875,279.8994140625
2008-08-25,11327.087890625,11497.2880859375,-170.2001953125
2008-08-26,11419.888671875,11327.087890625,92.80078125
2008-08-27,11479.587890625,11419.888671875,59.69921875
2008-08-28,11662.587890625,11479.587890625,183.0
2008-08-29,11707.2880859375,11662.587890625,44.7001953125
2008-09-01,11693.7880859375,11707.2880859375,-13.5
2008-09-02,11903.888671875,11693.7880859375,210.1005859375
2008-09-03,11849.087890625,11903.888671875,-54.80078125
2008-09-04,11480.087890625,11849.087890625,-369.0
2008-09-05,11139.6884765625,11480.087890625,-340.3994140625
2008-09-08,11554.1884765625,11139.6884765625,414.5
2008-09-09,11349.98828125,11554.1884765625,-204.2001953125
2008-09-10,11180.7880859375,11349.98828125,-169.2001953125
2008-09-11,11136.48828125,11180.7880859375,-44.2998046875
2008-09-12,11411.98828125,11136.48828125,275.5
2008-09-15,10898.9892578125,11411.98828125,-512.9990234375
2008-09-16,10911.4892578125,10898.9892578125,12.5
2008-09-17,10661.3896484375,10911.4892578125,-250.099609375
2008-09-18,10631.5888671875,10661.3896484375,-29.80078125
2008-09-19,11557.888671875,10631.5888671875,926.2998046875
2008-09-22,11328.48828125,11557.888671875,-229.400390625
2008-09-23,11176.48828125,11328.48828125,-152.0
2008-09-24,11112.888671875,11176.48828125,-63.599609375
2008-09-25,11438.587890625,11112.888671875,325.69921875
2008-09-26,11387.888671875,11438.587890625,-50.69921875
2008-09-29,10945.689453125,11387.888671875,-442.19921875
2008-09-30,10987.4892578125,10945.689453125,41.7998046875
2008-10-01,11182.48828125,10987.4892578125,194.9990234375
2008-10-02,11002.2890625,11182.48828125,-180.19921875
2008-10-03,11418.48828125,11002.2890625,416.19921875
2008-10-06,10725.9892578125,11418.48828125,-692.4990234375
2008-10-07,10861.9892578125,10725.9892578125,136.0
2008-10-08,10297.5888671875,10861.9892578125,-564.400390625
2008-10-09,9902.890625,10297.5888671875,-394.6982421875
2008-10-10,8997.69140625,9902.890625,-905.19921875
2008-10-13,9955.6904296875,8997.69140625,957.9990234375
2008-10-14,10224.4892578125,9955.6904296875,268.798828125
2008-10-15,9706.7900390625,10224.4892578125,-517.69921875
2008-10-16,9308.1904296875,9706.7900390625,-398.599609375
2008-10-17,9655.1904296875,9308.1904296875,347.0
2008-10-20,9944.2900390625,9655.1904296875,289.099609375
2008-10-21,9794.990234375,9944.2900390625,-149.2998046875
2008-10-22,8995.291015625,9794.990234375,-799.69921875
2008-10-23,8811.19140625,8995.291015625,-184.099609375
2008-10-24,8353.19140625,8811.19140625,-458.0
2008-10-27,8009.8916015625,8353.19140625,-343.2998046875
2008-10-28,7905.39208984375,8009.8916015625,-104.49951171875
2008-10-29,8650.0908203125,7905.39208984375,744.69873046875
2008-10-30,8822.8916015625,8650.0908203125,172.80078125
2008-10-31,9115.9912109375,8822.8916015625,293.099609375
2008-11-03,9231.7900390625,9115.9912109375,115.798828125
2008-11-04,9726.7900390625,9231.7900390625,495.0
2008-11-05,9744.6904296875,9726.7900390625,17.900390625
2008-11-06,9133.8916015625,9744.6904296875,-610.798828125
2008-11-07,9343.490234375,9133.8916015625,209.5986328125
2008-11-10,9293.7900390625,9343.490234375,-49.7001953125
2008-11-11,8911.8916015625,9293.7900390625,-381.8984375
2008-11-12,8646.791015625,8911.8916015625,-265.1005859375
2008-11-13,8740.5908203125,8646.791015625,93.7998046875
2008-11-14,8832.19140625,8740.5908203125,91.6005859375
2008-11-17,8498.791015625,8832.19140625,-333.400390625
2008-11-18,8530.791015625,8498.791015625,32.0
2008-11-19,8211.4912109375,8530.791015625,-319.2998046875
2008-11-20,7988.3916015625,8211.4912109375,-223.099609375
2008-11-21,7974.3916015625,7988.3916015625,-14.0
2008-11-24,8622.5908203125,7974.3916015625,648.19921875
2008-11-25,8696.5908203125,8622.5908203125,74.0
2008-11-26,8654.0908203125,8696.5908203125,-42.5
2008-11-27,8849.291015625,8654.0908203125,195.2001953125
2008-11-28,8910.5908203125,8849.291015625,61.2998046875
2008-12-01,8510.4912109375,8910.5908203125,-400.099609375
2008-12-02,8834.69140625,8510.4912109375,324.2001953125
2008-12-03,8879.8916015625,8834.69140625,45.2001953125
2008-12-04,8836.0908203125,8879.8916015625,-43.80078125
2008-12-05,8491.19140625,8836.0908203125,-344.8994140625
2008-12-08,9036.4912109375,8491.19140625,545.2998046875
2008-12-09,9063.0908203125,9036.4912109375,26.599609375
2008-12-10,9152.3916015625,9063.0908203125,89.30078125
2008-12-11,9182.58984375,9152.3916015625,30.1982421875
2008-12-12,8975.4912109375,9182.58984375,-207.0986328125
2008-12-15,9023.8916015625,8975.4912109375,48.400390625
2008-12-16,9167.6904296875,9023.8916015625,143.798828125
2008-12-17,9196.890625,9167.6904296875,29.2001953125
2008-12-18,9257.7900390625,9196.890625,60.8994140625
2008-12-19,9268.390625,9257.7900390625,10.6005859375
2008-12-22,9098.8916015625,9268.390625,-169.4990234375
2008-12-23,9068.4912109375,9098.8916015625,-30.400390625
2008-12-29,9017.69140625,9068.4912109375,-50.7998046875
2008-12-30,9195.7900390625,9017.69140625,178.0986328125
2009-01-02,9486.2900390625,9195.7900390625,290.5
2009-01-05,9644.08984375,9486.2900390625,157.7998046875
2009-01-06,9723.990234375,9644.08984375,79.900390625
2009-01-07,9569.990234375,9723.990234375,-154.0
2009-01-08,9469.490234375,9569.990234375,-100.5
2009-01-09,9378.490234375,9469.490234375,-91.0
2009-01-12,9199.890625,9378.490234375,-178.599609375
2009-01-13,9057.291015625,9199.890625,-142.599609375
2009-01-14,8692.69140625,9057.291015625,-364.599609375
2009-01-15,8611.0908203125,8692.69140625,-81.6005859375
2009-01-16,8620.0908203125,8611.0908203125,9.0
2009-01-19,8494.791015625,8620.0908203125,-125.2998046875
2009-01-20,8276.4912109375,8494.791015625,-218.2998046875
2009-01-21,8230.69140625,8276.4912109375,-45.7998046875
2009-01-22,8159.29150390625,8230.69140625,-71.39990234375
2009-01-23,8172.79150390625,8159.29150390625,13.5
2009-01-26,8375.19140625,8172.79150390625,202.39990234375
2009-01-27,8349.4912109375,8375.19140625,-25.7001953125
2009-01-28,8701.4912109375,8349.4912109375,352.0
2009-01-29,8477.3916015625,8701.4912109375,-224.099609375
2009-01-30,8450.3916015625,8477.3916015625,-27.0
2009-02-02,8233.3916015625,8450.3916015625,-217.0
2009-02-03,8361.8916015625,8233.3916015625,128.5
2009-02-04,8495.3916015625,8361.8916015625,133.5
2009-02-05,8440.19140625,8495.3916015625,-55.2001953125
2009-02-06,8544.69140625,8440.19140625,104.5
2009-02-09,8584.791015625,8544.69140625,40.099609375
2009-02-10,8397.291015625,8584.791015625,-187.5
2009-02-11,8355.791015625,8397.291015625,-41.5
2009-02-12,8200.8916015625,8355.791015625,-154.8994140625
2009-02-13,8265.4912109375,8200.8916015625,64.599609375
2009-02-16,8074.99169921875,8265.4912109375,-190.49951171875
2009-02-17,7843.1923828125,8074.99169921875,-231.79931640625
2009-02-18,7861.39208984375,7843.1923828125,18.19970703125
2009-02-19,7875.89208984375,7861.39208984375,14.5
2009-02-20,7603.59228515625,7875.89208984375,-272.2998046875
2009-02-23,7540.39208984375,7603.59228515625,-63.2001953125
2009-02-24,7483.39208984375,7540.39208984375,-57.0
2009-02-25,7512.09228515625,7483.39208984375,28.7001953125
2009-02-26,7811.6923828125,7512.09228515625,299.60009765625
2009-02-27,7620.89208984375,7811.6923828125,-190.80029296875
2009-03-02,7270.49267578125,7620.89208984375,-350.3994140625
2009-03-03,7219.392578125,7270.49267578125,-51.10009765625
2009-03-04,7357.49267578125,7219.392578125,138.10009765625
2009-03-05,7025.892578125,7357.49267578125,-331.60009765625
2009-03-06,6936.89306640625,7025.892578125,-88.99951171875
2009-03-09,6817.39306640625,6936.89306640625,-119.5
2009-03-10,7153.29248046875,6817.39306640625,335.8994140625
2009-03-11,7204.69287109375,7153.29248046875,51.400390625
2009-03-12,7340.49267578125,7204.69287109375,135.7998046875
2009-03-13,7427.79248046875,7340.49267578125,87.2998046875
2009-03-16,7636.89208984375,7427.79248046875,209.099609375
2009-03-17,7645.2919921875,7636.89208984375,8.39990234375
2009-03-18,7661.59228515625,7645.2919921875,16.30029296875
2009-03-19,7701.59228515625,7661.59228515625,40.0
2009-03-20,7709.9921875,7701.59228515625,8.39990234375
2009-03-23,7952.29150390625,7709.9921875,242.29931640625
2009-03-24,7989.49169921875,7952.29150390625,37.2001953125
2009-03-25,8072.3916015625,7989.49169921875,82.89990234375
2009-03-26,8076.19189453125,8072.3916015625,3.80029296875
2009-03-27,7927.59228515625,8076.19189453125,-148.599609375
2009-03-30,7601.09228515625,7927.59228515625,-326.5
2009-03-31,7814.9921875,7601.09228515625,213.89990234375
2009-04-01,7960.99169921875,7814.9921875,145.99951171875
2009-04-02,8334.69140625,7960.99169921875,373.69970703125
2009-04-03,8319.8916015625,8334.69140625,-14.7998046875
2009-04-06,8321.0908203125,8319.8916015625,1.19921875
2009-04-07,8345.9912109375,8321.0908203125,24.900390625
2009-04-08,8404.69140625,8345.9912109375,58.7001953125
2009-04-09,8704.791015625,8404.69140625,300.099609375
2009-04-14,8834.791015625,8704.791015625,130.0
2009-04-15,8711.8916015625,8834.791015625,-122.8994140625
2009-04-16,8874.4912109375,8711.8916015625,162.599609375
2009-04-17,9030.8916015625,8874.4912109375,156.400390625
2009-04-20,8718.19140625,9030.8916015625,-312.7001953125
2009-04-21,8615.791015625,8718.19140625,-102.400390625
2009-04-22,8834.0908203125,8615.791015625,218.2998046875
2009-04-23,8769.19140625,8834.0908203125,-64.8994140625
2009-04-24,8888.19140625,8769.19140625,119.0
2009-04-27,8776.9912109375,8888.19140625,-111.2001953125
2009-04-28,8656.291015625,8776.9912109375,-120.7001953125
2009-04-29,8891.291015625,8656.291015625,235.0
2009-04-30,9037.9912109375,8891.291015625,146.7001953125
2009-05-04,9074.69140625,9037.9912109375,36.7001953125
2009-05-05,9136.69140625,9074.69140625,62.0
2009-05-06,9228.990234375,9136.69140625,92.298828125
2009-05-07,9228.890625,9228.990234375,-0.099609375
2009-05-08,9408.08984375,9228.890625,179.19921875
2009-05-11,9316.7900390625,9408.08984375,-91.2998046875
2009-05-12,9268.990234375,9316.7900390625,-47.7998046875
2009-05-13,9000.5908203125,9268.990234375,-268.3994140625
2009-05-14,8984.19140625,9000.5908203125,-16.3994140625
2009-05-15,8978.5908203125,8984.19140625,-5.6005859375
2009-05-18,9159.2900390625,8978.5908203125,180.69921875
2009-05-19,9341.58984375,9159.2900390625,182.2998046875
2009-05-20,9389.390625,9341.58984375,47.80078125
2009-05-21,9225.2900390625,9389.390625,-164.1005859375
2009-05-22,9308.58984375,9225.2900390625,83.2998046875
2009-05-25,9347.390625,9308.58984375,38.80078125
2009-05-26,9405.6904296875,9347.390625,58.2998046875
2009-05-27,9510.7900390625,9405.6904296875,105.099609375
2009-05-28,9435.490234375,9510.7900390625,-75.2998046875
2009-05-29,9424.2900390625,9435.490234375,-11.2001953125
2009-06-01,9630.890625,9424.2900390625,206.6005859375
2009-06-02,9664.7900390625,9630.890625,33.8994140625
2009-06-03,9464.7900390625,9664.7900390625,-200.0
2009-06-04,9454.58984375,9464.7900390625,-10.2001953125
2009-06-05,9518.990234375,9454.58984375,64.400390625
2009-06-08,9396.1904296875,9518.990234375,-122.7998046875
2009-06-09,9497.6904296875,9396.1904296875,101.5
2009-06-10,9627.58984375,9497.6904296875,129.8994140625
2009-06-11,9708.390625,9627.58984375,80.80078125
2009-06-12,9714.390625,9708.390625,6.0
2009-06-15,9518.6904296875,9714.390625,-195.7001953125
2009-06-16,9497.890625,9518.6904296875,-20.7998046875
2009-06-17,9283.1904296875,9497.890625,-214.7001953125
2009-06-18,9383.990234375,9283.1904296875,100.7998046875
2009-06-19,9580.890625,9383.990234375,196.900390625
2009-06-22,9338.490234375,9580.890625,-242.400390625
2009-06-23,9348.6904296875,9338.490234375,10.2001953125
2009-06-24,9617.58984375,9348.6904296875,268.8994140625
2009-06-25,9667.1904296875,9617.58984375,49.6005859375
2009-06-26,9686.890625,9667.1904296875,19.7001953125
2009-06-29,9845.6904296875,9686.890625,158.7998046875
2009-06-30,9787.7900390625,9845.6904296875,-57.900390625
2009-07-01,9903.6904296875,9787.7900390625,115.900390625
2009-07-02,9643.490234375,9903.6904296875,-260.2001953125
2009-07-03,9707.7900390625,9643.490234375,64.2998046875
2009-07-06,9568.990234375,9707.7900390625,-138.7998046875
2009-07-07,9519.990234375,9568.990234375,-49.0
2009-07-08,9360.58984375,9519.990234375,-159.400390625
2009-07-09,9443.08984375,9360.58984375,82.5
2009-07-10,9344.890625,9443.08984375,-98.19921875
2009-07-13,9567.390625,9344.890625,222.5
2009-07-14,9633.990234375,9567.390625,66.599609375
2009-07-15,9905.2900390625,9633.990234375,271.2998046875
2009-07-16,9997.58984375,9905.2900390625,92.2998046875
2009-07-17,10041.890625,9997.58984375,44.30078125
2009-07-20,10142.7890625,10041.890625,100.8984375
2009-07-21,10122.189453125,10142.7890625,-20.599609375
2009-07-22,10153.3896484375,10122.189453125,31.2001953125
2009-07-23,10369.7890625,10153.3896484375,216.3994140625
2009-07-24,10438.5888671875,10369.7890625,68.7998046875
2009-07-27,10591.689453125,10438.5888671875,153.1005859375
2009-07-28,10663.9892578125,10591.689453125,72.2998046875
2009-07-29,10661.5888671875,10663.9892578125,-2.400390625
2009-07-30,10874.3896484375,10661.5888671875,212.80078125
2009-07-31,10855.0888671875,10874.3896484375,-19.30078125
2009-08-03,10900.9892578125,10855.0888671875,45.900390625
2009-08-04,10876.7890625,10900.9892578125,-24.2001953125
2009-08-05,10704.3896484375,10876.7890625,-172.3994140625
2009-08-06,10775.9892578125,10704.3896484375,71.599609375
2009-08-07,10947.5888671875,10775.9892578125,171.599609375
2009-08-10,10922.9892578125,10947.5888671875,-24.599609375
2009-08-11,10831.8896484375,10922.9892578125,-91.099609375
2009-08-12,10933.7890625,10831.8896484375,101.8994140625
2009-08-13,11046.7890625,10933.7890625,113.0
2009-08-14,10901.8896484375,11046.7890625,-144.8994140625
2009-08-17,10598.4892578125,10901.8896484375,-303.400390625
2009-08-18,10708.2890625,10598.4892578125,109.7998046875
2009-08-19,10695.4892578125,10708.2890625,-12.7998046875
2009-08-20,10892.4892578125,10695.4892578125,197.0
2009-08-21,11160.98828125,10892.4892578125,268.4990234375
2009-08-24,11303.7880859375,11160.98828125,142.7998046875
2009-08-25,11427.7880859375,11303.7880859375,124.0
2009-08-26,11376.388671875,11427.7880859375,-51.3994140625
2009-08-27,11356.888671875,11376.388671875,-19.5
2009-08-28,11442.6884765625,11356.888671875,85.7998046875
2009-08-31,11365.087890625,11442.6884765625,-77.6005859375
2009-09-01,11172.98828125,11365.087890625,-192.099609375
2009-09-02,10999.689453125,11172.98828125,-173.298828125
2009-09-03,11018.0888671875,10999.689453125,18.3994140625
2009-09-04,11222.6884765625,11018.0888671875,204.599609375
2009-09-07,11388.587890625,11222.6884765625,165.8994140625
2009-09-08,11366.587890625,11388.587890625,-22.0
2009-09-09,11461.98828125,11366.587890625,95.400390625
2009-09-10,11340.7880859375,11461.98828125,-121.2001953125
2009-09-11,11452.587890625,11340.7880859375,111.7998046875
2009-09-14,11492.587890625,11452.587890625,40.0
2009-09-15,11593.2880859375,11492.587890625,100.7001953125
2009-09-16,11746.888671875,11593.2880859375,153.6005859375
2009-09-17,11770.98828125,11746.888671875,24.099609375
2009-09-18,11777.2880859375,11770.98828125,6.2998046875
2009-09-21,11727.388671875,11777.2880859375,-49.8994140625
2009-09-22,11816.6884765625,11727.388671875,89.2998046875
2009-09-23,11853.2880859375,11816.6884765625,36.599609375
2009-09-24,11695.888671875,11853.2880859375,-157.3994140625
2009-09-25,11643.7880859375,11695.888671875,-52.1005859375
2009-09-28,11891.1884765625,11643.7880859375,247.400390625
2009-09-29,11853.6884765625,11891.1884765625,-37.5
2009-09-30,11756.087890625,11853.6884765625,-97.6005859375
2009-10-01,11518.1884765625,11756.087890625,-237.8994140625
2009-10-02,11326.6884765625,11518.1884765625,-191.5
2009-10-05,11556.98828125,11326.6884765625,230.2998046875
2009-10-06,11817.087890625,11556.98828125,260.099609375
2009-10-07,11721.388671875,11817.087890625,-95.69921875
2009-10-08,11814.2880859375,11721.388671875,92.8994140625
2009-10-09,11743.1884765625,11814.2880859375,-71.099609375
2009-10-12,11748.7880859375,11743.1884765625,5.599609375
2009-10-13,11608.2880859375,11748.7880859375,-140.5
2009-10-14,11870.888671875,11608.2880859375,262.6005859375
2009-10-15,11849.6884765625,11870.888671875,-21.2001953125
2009-10-16,11676.388671875,11849.6884765625,-173.2998046875
2009-10-19,11885.2880859375,11676.388671875,208.8994140625
2009-10-20,11790.1884765625,11885.2880859375,-95.099609375
2009-10-21,11875.1884765625,11790.1884765625,85.0
2009-10-22,11828.587890625,11875.1884765625,-46.6005859375
2009-10-23,11739.7880859375,11828.587890625,-88.7998046875
2009-10-26,11622.587890625,11739.7880859375,-117.2001953125
2009-10-27,11633.98828125,11622.587890625,11.400390625
2009-10-28,11429.7880859375,11633.98828125,-204.2001953125
2009-10-29,11683.388671875,11429.7880859375,253.6005859375
2009-10-30,11414.7880859375,11683.388671875,-268.6005859375
2009-11-02,11465.7880859375,11414.7880859375,51.0
2009-11-03,11242.388671875,11465.7880859375,-223.3994140625
2009-11-04,11387.6884765625,11242.388671875,145.2998046875
2009-11-05,11548.888671875,11387.6884765625,161.2001953125
2009-11-06,11580.587890625,11548.888671875,31.69921875
2009-11-09,11816.7880859375,11580.587890625,236.2001953125
2009-11-10,11813.98828125,11816.7880859375,-2.7998046875
2009-11-11,11801.388671875,11813.98828125,-12.599609375
2009-11-12,11834.48828125,11801.388671875,33.099609375
2009-11-13,11866.98828125,11834.48828125,32.5
2009-11-16,11986.888671875,11866.98828125,119.900390625
2009-11-17,11959.388671875,11986.888671875,-27.5
2009-11-18,12034.388671875,11959.388671875,75.0
2009-11-19,11846.1884765625,12034.388671875,-188.2001953125
2009-11-20,11719.2880859375,11846.1884765625,-126.900390625
2009-11-23,11940.48828125,11719.2880859375,221.2001953125
2009-11-24,11905.1884765625,11940.48828125,-35.2998046875
2009-11-25,11965.7880859375,11905.1884765625,60.599609375
2009-11-26,11657.48828125,11965.7880859375,-308.2998046875
2009-11-27,11776.7880859375,11657.48828125,119.2998046875
2009-11-30,11644.6884765625,11776.7880859375,-132.099609375
2009-12-01,11862.087890625,11644.6884765625,217.3994140625
2009-12-02,11868.7880859375,11862.087890625,6.7001953125
2009-12-03,11905.2880859375,11868.7880859375,36.5
2009-12-04,12032.1884765625,11905.2880859375,126.900390625
2009-12-07,12011.7880859375,12032.1884765625,-20.400390625
2009-12-08,11808.888671875,12011.7880859375,-202.8994140625
2009-12-09,11541.1884765625,11808.888671875,-267.7001953125
2009-12-10,11594.6884765625,11541.1884765625,53.5
2009-12-11,11615.98828125,11594.6884765625,21.2998046875
2009-12-14,11705.888671875,11615.98828125,89.900390625
2009-12-15,11735.48828125,11705.888671875,29.599609375
2009-12-16,11863.1884765625,11735.48828125,127.7001953125
2009-12-17,11696.888671875,11863.1884765625,-166.2998046875
2009-12-18,11644.98828125,11696.888671875,-51.900390625
2009-12-21,11830.7880859375,11644.98828125,185.7998046875
2009-12-22,11890.7880859375,11830.7880859375,60.0
2009-12-23,11967.48828125,11890.7880859375,76.7001953125
2009-12-28,12023.1884765625,11967.48828125,55.7001953125
2009-12-29,12035.087890625,12023.1884765625,11.8994140625
2009-12-30,11939.98828125,12035.087890625,-95.099609375
2010-01-04,12145.0869140625,11939.98828125,205.0986328125
2010-01-05,12204.3876953125,12145.0869140625,59.30078125
2010-01-06,12222.4873046875,12204.3876953125,18.099609375
2010-01-07,12166.287109375,12222.4873046875,-56.2001953125
2010-01-08,12162.9873046875,12166.287109375,-3.2998046875
2010-01-11,12074.4873046875,12162.9873046875,-88.5
2010-01-12,11966.087890625,12074.4873046875,-108.3994140625
2010-01-13,11958.2880859375,11966.087890625,-7.7998046875
2010-01-14,11999.7880859375,11958.2880859375,41.5
2010-01-15,11844.98828125,11999.7880859375,-154.7998046875
2010-01-18,11870.6884765625,11844.98828125,25.7001953125
2010-01-19,12022.587890625,11870.6884765625,151.8994140625
2010-01-20,11708.98828125,12022.587890625,-313.599609375
2010-01-21,11443.98828125,11708.98828125,-265.0
2010-01-22,11373.388671875,11443.98828125,-70.599609375
2010-01-25,11249.2880859375,11373.388671875,-124.1005859375
2010-01-26,11347.2880859375,11249.2880859375,98.0
2010-01-27,11042.189453125,11347.2880859375,-305.0986328125
2010-01-28,10829.2890625,11042.189453125,-212.900390625
2010-01-29,10947.689453125,10829.2890625,118.400390625
2010-02-01,10995.189453125,10947.689453125,47.5
2010-02-02,11140.888671875,10995.189453125,145.69921875
2010-02-03,10888.3896484375,11140.888671875,-252.4990234375
2010-02-04,10241.689453125,10888.3896484375,-646.7001953125
2010-02-05,10103.2900390625,10241.689453125,-138.3994140625
2010-02-08,10206.2890625,10103.2900390625,102.9990234375
2010-02-09,10275.3896484375,10206.2890625,69.1005859375
2010-02-10,10454.9892578125,10275.3896484375,179.599609375
2010-02-11,10281.689453125,10454.9892578125,-173.2998046875
2010-02-12,10224.8896484375,10281.689453125,-56.7998046875
2010-02-15,10293.5888671875,10224.8896484375,68.69921875
2010-02-16,10393.8896484375,10293.5888671875,100.30078125
2010-02-17,10498.5888671875,10393.8896484375,104.69921875
2010-02-18,10574.189453125,10498.5888671875,75.6005859375
2010-02-19,10676.689453125,10574.189453125,102.5
2010-02-22,10570.4892578125,10676.689453125,-106.2001953125
2010-02-23,10312.8896484375,10570.4892578125,-257.599609375
2010-02-24,10253.9892578125,10312.8896484375,-58.900390625
2010-02-25,10126.189453125,10253.9892578125,-127.7998046875
2010-02-26,10333.5888671875,10126.189453125,207.3994140625
2010-03-01,10434.8896484375,10333.5888671875,101.30078125
2010-03-02,10521.4892578125,10434.8896484375,86.599609375
2010-03-03,10664.4892578125,10521.4892578125,143.0
2010-03-04,10745.2890625,10664.4892578125,80.7998046875
2010-03-05,11019.7890625,10745.2890625,274.5
2010-03-08,11078.2890625,11019.7890625,58.5
2010-03-09,11002.7890625,11078.2890625,-75.5
2010-03-10,11120.98828125,11002.7890625,118.19921875
2010-03-11,11045.3896484375,11120.98828125,-75.5986328125
2010-03-12,11076.9892578125,11045.3896484375,31.599609375
2010-03-15,10957.7890625,11076.9892578125,-119.2001953125
2010-03-16,11059.2890625,10957.7890625,101.5
2010-03-17,11166.7880859375,11059.2890625,107.4990234375
2010-03-18,11073.4892578125,11166.7880859375,-93.298828125
2010-03-19,10990.7890625,11073.4892578125,-82.7001953125
2010-03-22,10861.8896484375,10990.7890625,-128.8994140625
2010-03-23,10996.189453125,10861.8896484375,134.2998046875
2010-03-24,10866.2890625,10996.189453125,-129.900390625
2010-03-25,11091.388671875,10866.2890625,225.099609375
2010-03-26,11071.0888671875,11091.388671875,-20.2998046875
2010-03-29,11090.98828125,11071.0888671875,19.8994140625
2010-03-30,10980.689453125,11090.98828125,-110.298828125
2010-03-31,10871.2890625,10980.689453125,-109.400390625
2010-04-01,11067.8896484375,10871.2890625,196.6005859375
2010-04-06,11160.587890625,11067.8896484375,92.6982421875
2010-04-07,11191.2880859375,11160.587890625,30.7001953125
2010-04-08,11076.2890625,11191.2880859375,-114.9990234375
2010-04-09,11394.1884765625,11076.2890625,317.8994140625
2010-04-12,11460.7880859375,11394.1884765625,66.599609375
2010-04-13,11460.98828125,11460.7880859375,0.2001953125
2010-04-14,11503.6884765625,11460.98828125,42.7001953125
2010-04-15,11523.48828125,11503.6884765625,19.7998046875
2010-04-16,11259.6884765625,11523.48828125,-263.7998046875
2010-04-19,11199.48828125,11259.6884765625,-60.2001953125
2010-04-20,11305.587890625,11199.48828125,106.099609375
2010-04-21,11064.689453125,11305.587890625,-240.8984375
2010-04-22,10821.8896484375,11064.689453125,-242.7998046875
2010-04-23,10918.189453125,10821.8896484375,96.2998046875
2010-04-26,10939.2890625,10918.189453125,21.099609375
2010-04-27,10480.8896484375,10939.2890625,-458.3994140625
2010-04-28,10166.9892578125,10480.8896484375,-313.900390625
2010-04-29,10440.9892578125,10166.9892578125,274.0
2010-04-30,10492.189453125,10440.9892578125,51.2001953125
2010-05-03,10422.7890625,10492.189453125,-69.400390625
2010-05-04,9859.08984375,10422.7890625,-563.69921875
2010-05-05,9635.1904296875,9859.08984375,-223.8994140625
2010-05-06,9352.58984375,9635.1904296875,-282.6005859375
2010-05-07,9046.0908203125,9352.58984375,-306.4990234375
2010-05-10,10351.8896484375,9046.0908203125,1305.798828125
2010-05-11,10008.58984375,10351.8896484375,-343.2998046875
2010-05-12,10089.7900390625,10008.58984375,81.2001953125
2010-05-13,9977.490234375,10089.7900390625,-112.2998046875
2010-05-14,9314.6904296875,9977.490234375,-662.7998046875
2010-05-17,9286.08984375,9314.6904296875,-28.6005859375
2010-05-18,9627.58984375,9286.08984375,341.5
2010-05-19,9376.490234375,9627.58984375,-251.099609375
2010-05-20,9270.490234375,9376.490234375,-106.0
2010-05-21,9407.2900390625,9270.490234375,136.7998046875
2010-05-24,9287.890625,9407.2900390625,-119.3994140625
2010-05-25,9004.3916015625,9287.890625,-283.4990234375
2010-05-26,9042.5908203125,9004.3916015625,38.19921875
2010-05-27,9334.890625,9042.5908203125,292.2998046875
2010-05-28,9425.490234375,9334.890625,90.599609375
2010-05-31,9359.390625,9425.490234375,-66.099609375
2010-06-01,9299.6904296875,9359.390625,-59.7001953125
2010-06-02,9267.990234375,9299.6904296875,-31.7001953125
2010-06-03,9276.1904296875,9267.990234375,8.2001953125
2010-06-04,8923.3916015625,9276.1904296875,-352.798828125
2010-06-07,8795.291015625,8923.3916015625,-128.1005859375
2010-06-08,8669.791015625,8795.291015625,-125.5
2010-06-09,8868.69140625,8669.791015625,198.900390625
2010-06-10,9198.1904296875,8868.69140625,329.4990234375
2010-06-11,9561.6904296875,9198.1904296875,363.5
2010-06-14,9583.990234375,9561.6904296875,22.2998046875
2010-06-15,9741.990234375,9583.990234375,158.0
2010-06-16,9683.2900390625,9741.990234375,-58.7001953125
2010-06-17,9755.08984375,9683.2900390625,71.7998046875
2010-06-18,9971.7900390625,9755.08984375,216.7001953125
2010-06-21,10071.890625,9971.7900390625,100.1005859375
2010-06-22,10016.08984375,10071.890625,-55.80078125
2010-06-23,9885.990234375,10016.08984375,-130.099609375
2010-06-24,9586.490234375,9885.990234375,-299.5
2010-06-25,9534.990234375,9586.490234375,-51.5
2010-06-28,9688.490234375,9534.990234375,153.5
2010-06-29,9160.390625,9688.490234375,-528.099609375
2010-06-30,9263.390625,9160.390625,103.0
2010-07-01,9178.1904296875,9263.390625,-85.2001953125
2010-07-02,9250.7900390625,9178.1904296875,72.599609375
2010-07-05,9281.490234375,9250.7900390625,30.7001953125
2010-07-06,9614.990234375,9281.490234375,333.5
2010-07-07,9987.390625,9614.990234375,372.400390625
2010-07-08,10080.490234375,9987.390625,93.099609375
2010-07-09,10127.2890625,10080.490234375,46.798828125
2010-07-12,10058.1904296875,10127.2890625,-69.0986328125
2010-07-13,10259.4892578125,10058.1904296875,201.298828125
2010-07-14,10278.4892578125,10259.4892578125,19.0
2010-07-15,10160.189453125,10278.4892578125,-118.2998046875
2010-07-16,9991.6904296875,10160.189453125,-168.4990234375
2010-07-19,9929.7900390625,9991.6904296875,-61.900390625
2010-07-20,10061.2900390625,9929.7900390625,131.5
2010-07-21,10040.7900390625,10061.2900390625,-20.5
2010-07-22,10302.8896484375,10040.7900390625,262.099609375
2010-07-23,10388.189453125,10302.8896484375,85.2998046875
2010-07-26,10506.689453125,10388.189453125,118.5
2010-07-27,10644.9892578125,10506.689453125,138.2998046875
2010-07-28,10643.8896484375,10644.9892578125,-1.099609375
2010-07-29,10659.4892578125,10643.8896484375,15.599609375
2010-07-30,10499.7890625,10659.4892578125,-159.7001953125
2010-08-02,10835.3896484375,10499.7890625,335.6005859375
2010-08-03,10871.3896484375,10835.3896484375,36.0
2010-08-04,10843.2890625,10871.3896484375,-28.1005859375
2010-08-05,10839.9892578125,10843.2890625,-3.2998046875
2010-08-06,10651.0888671875,10839.9892578125,-188.900390625
2010-08-09,10812.5888671875,10651.0888671875,161.5
2010-08-10,10718.4892578125,10812.5888671875,-94.099609375
2010-08-11,10374.7890625,10718.4892578125,-343.7001953125
2010-08-12,10342.3896484375,10374.7890625,-32.3994140625
2010-08-13,10275.7890625,10342.3896484375,-66.6005859375
2010-08-16,10258.2890625,10275.7890625,-17.5
2010-08-17,10369.4892578125,10258.2890625,111.2001953125
2010-08-18,10390.9892578125,10369.4892578125,21.5
2010-08-19,10237.9892578125,10390.9892578125,-153.0
2010-08-20,10094.2900390625,10237.9892578125,-143.69921875
2010-08-23,10221.189453125,10094.2900390625,126.8994140625
2010-08-24,10052.2900390625,10221.189453125,-168.8994140625
2010-08-25,9893.990234375,10052.2900390625,-158.2998046875
2010-08-26,10004.390625,9893.990234375,110.400390625
2010-08-27,10148.189453125,10004.390625,143.798828125
2010-08-30,10135.9892578125,10148.189453125,-12.2001953125
2010-08-31,10186.9892578125,10135.9892578125,51.0
2010-09-01,10544.7890625,10186.9892578125,357.7998046875
2010-09-02,10537.5888671875,10544.7890625,-7.2001953125
2010-09-03,10599.3896484375,10537.5888671875,61.80078125
2010-09-06,10622.689453125,10599.3896484375,23.2998046875
2010-09-07,10479.0888671875,10622.689453125,-143.6005859375
2010-09-08,10586.189453125,10479.0888671875,107.1005859375
2010-09-09,10712.8896484375,10586.189453125,126.7001953125
2010-09-10,10689.5888671875,10712.8896484375,-23.30078125
2010-09-13,10765.189453125,10689.5888671875,75.6005859375
2010-09-14,10806.5888671875,10765.189453125,41.3994140625
2010-09-15,10751.7890625,10806.5888671875,-54.7998046875
2010-09-16,10716.7890625,10751.7890625,-35.0
2010-09-17,10588.5888671875,10716.7890625,-128.2001953125
2010-09-20,10743.0888671875,10588.5888671875,154.5
2010-09-21,10762.4892578125,10743.0888671875,19.400390625
2010-09-22,10555.189453125,10762.4892578125,-207.2998046875
2010-09-23,10501.4892578125,10555.189453125,-53.7001953125
2010-09-24,10727.5888671875,10501.4892578125,226.099609375
2010-09-27,10612.9892578125,10727.5888671875,-114.599609375
2010-09-28,10590.689453125,10612.9892578125,-22.2998046875
2010-09-29,10486.7890625,10590.689453125,-103.900390625
2010-09-30,10514.4892578125,10486.7890625,27.7001953125
2010-10-01,10450.0888671875,10514.4892578125,-64.400390625
2010-10-04,10382.9892578125,10450.0888671875,-67.099609375
2010-10-05,10651.189453125,10382.9892578125,268.2001953125
2010-10-06,10700.189453125,10651.189453125,49.0
2010-10-07,10740.2890625,10700.189453125,40.099609375
2010-10-08,10720.7890625,10740.2890625,-19.5
2010-10-11,10700.7890625,10720.7890625,-20.0
2010-10-12,10648.189453125,10700.7890625,-52.599609375
2010-10-13,10866.0888671875,10648.189453125,217.8994140625
2010-10-14,10849.689453125,10866.0888671875,-16.3994140625
2010-10-15,10868.189453125,10849.689453125,18.5
2010-10-18,10897.689453125,10868.189453125,29.5
2010-10-19,10895.2890625,10897.689453125,-2.400390625
2010-10-20,10896.8896484375,10895.2890625,1.6005859375
2010-10-21,10892.2890625,10896.8896484375,-4.6005859375
2010-10-22,10924.7890625,10892.2890625,32.5
2010-10-25,10870.2890625,10924.7890625,-54.5
2010-10-26,10797.7890625,10870.2890625,-72.5
2010-10-27,10700.0888671875,10797.7890625,-97.7001953125
2010-10-28,10753.4892578125,10700.0888671875,53.400390625
2010-10-29,10812.8896484375,10753.4892578125,59.400390625
2010-11-01,10649.4892578125,10812.8896484375,-163.400390625
2010-11-02,10762.0888671875,10649.4892578125,112.599609375
2010-11-03,10569.4892578125,10762.0888671875,-192.599609375
2010-11-04,10602.7890625,10569.4892578125,33.2998046875
2010-11-05,10428.0888671875,10602.7890625,-174.7001953125
2010-11-08,10291.7890625,10428.0888671875,-136.2998046875
2010-11-09,10409.7890625,10291.7890625,118.0
2010-11-10,10235.3896484375,10409.7890625,-174.3994140625
2010-11-11,10149.4892578125,10235.3896484375,-85.900390625
2010-11-12,10226.7890625,10149.4892578125,77.2998046875
2010-11-15,10349.689453125,10226.7890625,122.900390625
2010-11-16,10095.390625,10349.689453125,-254.298828125
2010-11-17,10189.2890625,10095.390625,93.8984375
2010-11-18,10325.2890625,10189.2890625,136.0
2010-11-19,10271.689453125,10325.2890625,-53.599609375
2010-11-22,9996.390625,10271.689453125,-275.298828125
2010-11-23,9691.7900390625,9996.390625,-304.6005859375
2010-11-24,9742.58984375,9691.7900390625,50.7998046875
2010-11-25,9721.7900390625,9742.58984375,-20.7998046875
2010-11-26,9547.1904296875,9721.7900390625,-174.599609375
2010-11-29,9324.6904296875,9547.1904296875,-222.5
2010-11-30,9267.1904296875,9324.6904296875,-57.5
2010-12-01,9678.390625,9267.1904296875,411.2001953125
2010-12-02,9947.58984375,9678.390625,269.19921875
2010-12-03,10014.7900390625,9947.58984375,67.2001953125
2010-12-06,9889.890625,10014.7900390625,-124.8994140625
2010-12-07,9924.6904296875,9889.890625,34.7998046875
2010-12-08,10078.390625,9924.6904296875,153.7001953125
2010-12-09,10185.4892578125,10078.390625,107.0986328125
2010-12-10,10121.8896484375,10185.4892578125,-63.599609375
2010-12-13,10151.189453125,10121.8896484375,29.2998046875
2010-12-14,10162.689453125,10151.189453125,11.5
2010-12-15,10009.7900390625,10162.689453125,-152.8994140625
2010-12-16,10010.2900390625,10009.7900390625,0.5
2010-12-17,9898.08984375,10010.2900390625,-112.2001953125
2010-12-20,9996.08984375,9898.08984375,98.0
2010-12-21,10203.3896484375,9996.08984375,207.2998046875
2010-12-22,10183.4892578125,10203.3896484375,-19.900390625
2010-12-23,10106.890625,10183.4892578125,-76.5986328125
2010-12-27,9898.990234375,10106.890625,-207.900390625
2010-12-28,9903.490234375,9898.990234375,4.5
2010-12-29,9981.490234375,9903.490234375,78.0
2010-12-30,9859.08984375,9981.490234375,-122.400390625
2011-01-03,9888.2900390625,9859.08984375,29.2001953125
2011-01-04,9888.390625,9888.2900390625,0.1005859375
2011-01-05,9801.390625,9888.390625,-87.0
2011-01-06,9702.6904296875,9801.390625,-98.7001953125
2011-01-07,9560.6904296875,9702.6904296875,-142.0
2011-01-10,9437.7900390625,9560.6904296875,-122.900390625
2011-01-11,9582.08984375,9437.7900390625,144.2998046875
2011-01-12,10101.1904296875,9582.08984375,519.1005859375
2011-01-13,10370.7890625,10101.1904296875,269.5986328125
2011-01-14,10385.0888671875,10370.7890625,14.2998046875
2011-01-17,10279.9892578125,10385.0888671875,-105.099609375
2011-01-18,10583.3896484375,10279.9892578125,303.400390625
2011-01-19,10556.4892578125,10583.3896484375,-26.900390625
2011-01-20,10636.8896484375,10556.4892578125,80.400390625
2011-01-21,10829.0888671875,10636.8896484375,192.19921875
2011-01-24,10815.3896484375,10829.0888671875,-13.69921875
2011-01-25,10664.3896484375,10815.3896484375,-151.0
2011-01-26,10670.689453125,10664.3896484375,6.2998046875
2011-01-27,10828.689453125,10670.689453125,158.0
2011-01-28,10746.9892578125,10828.689453125,-81.7001953125
2011-01-31,10805.9892578125,10746.9892578125,59.0
2011-02-01,10967.8896484375,10805.9892578125,161.900390625
2011-02-02,11010.189453125,10967.8896484375,42.2998046875
2011-02-03,10860.689453125,11010.189453125,-149.5
2011-02-04,10854.689453125,10860.689453125,-6.0
2011-02-07,10922.5888671875,10854.689453125,67.8994140625
2011-02-08,10965.0888671875,10922.5888671875,42.5
2011-02-09,10935.5888671875,10965.0888671875,-29.5
2011-02-10,10791.8896484375,10935.5888671875,-143.69921875
2011-02-11,10803.5888671875,10791.8896484375,11.69921875
2011-02-14,10774.689453125,10803.5888671875,-28.8994140625
2011-02-15,10826.189453125,10774.689453125,51.5
2011-02-16,11047.7890625,10826.189453125,221.599609375
2011-02-17,11112.98828125,11047.7890625,65.19921875
2011-02-18,11068.0888671875,11112.98828125,-44.8994140625
2011-02-21,10810.4892578125,11068.0888671875,-257.599609375
2011-02-22,10701.8896484375,10810.4892578125,-108.599609375
2011-02-23,10633.3896484375,10701.8896484375,-68.5
2011-02-24,10647.5888671875,10633.3896484375,14.19921875
2011-02-25,10822.689453125,10647.5888671875,175.1005859375
2011-02-28,10850.7890625,10822.689453125,28.099609375
2011-03-01,10761.8896484375,10850.7890625,-88.8994140625
2011-03-02,10643.7890625,10761.8896484375,-118.1005859375
2011-03-03,10566.8896484375,10643.7890625,-76.8994140625
2011-03-04,10498.689453125,10566.8896484375,-68.2001953125
2011-03-07,10495.689453125,10498.689453125,-3.0
2011-03-08,10568.689453125,10495.689453125,73.0
2011-03-09,10559.4892578125,10568.689453125,-9.2001953125
2011-03-10,10435.5888671875,10559.4892578125,-123.900390625
2011-03-11,10398.3896484375,10435.5888671875,-37.19921875
2011-03-14,10415.8896484375,10398.3896484375,17.5
2011-03-15,10329.689453125,10415.8896484375,-86.2001953125
2011-03-16,10092.58984375,10329.689453125,-237.099609375
2011-03-17,10325.5888671875,10092.58984375,232.9990234375
2011-03-18,10328.3896484375,10325.5888671875,2.80078125
2011-03-21,10574.3896484375,10328.3896484375,246.0
2011-03-22,10576.0888671875,10574.3896484375,1.69921875
2011-03-23,10637.9892578125,10576.0888671875,61.900390625
2011-03-24,10755.5888671875,10637.9892578125,117.599609375
2011-03-25,10710.3896484375,10755.5888671875,-45.19921875
2011-03-28,10750.9892578125,10710.3896484375,40.599609375
2011-03-29,10734.9892578125,10750.9892578125,-16.0
2011-03-30,10732.2890625,10734.9892578125,-2.7001953125
2011-03-31,10576.4892578125,10732.2890625,-155.7998046875
2011-04-01,10729.8896484375,10576.4892578125,153.400390625
2011-04-04,10756.0888671875,10729.8896484375,26.19921875
2011-04-05,10678.5888671875,10756.0888671875,-77.5
2011-04-06,10845.0888671875,10678.5888671875,166.5
2011-04-07,10849.0888671875,10845.0888671875,4.0
2011-04-08,10913.189453125,10849.0888671875,64.1005859375
2011-04-11,10878.2890625,10913.189453125,-34.900390625
2011-04-12,10784.4892578125,10878.2890625,-93.7998046875
2011-04-13,10785.9892578125,10784.4892578125,1.5
2011-04-14,10622.689453125,10785.9892578125,-163.2998046875
2011-04-15,10558.5888671875,10622.689453125,-64.1005859375
2011-04-18,10344.8896484375,10558.5888671875,-213.69921875
2011-04-19,10376.4892578125,10344.8896484375,31.599609375
2011-04-20,10535.3896484375,10376.4892578125,158.900390625
2011-04-21,10584.0888671875,10535.3896484375,48.69921875
2011-04-26,10650.5888671875,10584.0888671875,66.5
2011-04-27,10740.8896484375,10650.5888671875,90.30078125
2011-04-28,10867.7890625,10740.8896484375,126.8994140625
2011-04-29,10878.8896484375,10867.7890625,11.1005859375
2011-05-02,10877.2890625,10878.8896484375,-1.6005859375
2011-05-03,10825.5888671875,10877.2890625,-51.7001953125
2011-05-04,10712.5888671875,10825.5888671875,-113.0
2011-05-05,10627.2890625,10712.5888671875,-85.2998046875
2011-05-06,10610.4892578125,10627.2890625,-16.7998046875
2011-05-09,10396.2890625,10610.4892578125,-214.2001953125
2011-05-10,10474.3896484375,10396.2890625,78.1005859375
2011-05-11,10531.4892578125,10474.3896484375,57.099609375
2011-05-12,10487.5888671875,10531.4892578125,-43.900390625
2011-05-13,10356.4892578125,10487.5888671875,-131.099609375
2011-05-16,10363.8896484375,10356.4892578125,7.400390625
2011-05-17,10306.3896484375,10363.8896484375,-57.5
2011-05-18,10343.689453125,10306.3896484375,37.2998046875
2011-05-19,10376.7890625,10343.689453125,33.099609375
2011-05-20,10226.5888671875,10376.7890625,-150.2001953125
2011-05-23,10082.6904296875,10226.5888671875,-143.8984375
2011-05-24,10115.890625,10082.6904296875,33.2001953125
2011-05-25,10217.3896484375,10115.890625,101.4990234375
2011-05-26,10203.189453125,10217.3896484375,-14.2001953125
2011-05-27,10261.189453125,10203.189453125,58.0
2011-05-30,10257.5888671875,10261.189453125,-3.6005859375
2011-05-31,10475.9892578125,10257.5888671875,218.400390625
2011-06-01,10339.2890625,10475.9892578125,-136.7001953125
2011-06-02,10260.9892578125,10339.2890625,-78.2998046875
2011-06-03,10285.689453125,10260.9892578125,24.7001953125
2011-06-06,10157.689453125,10285.689453125,-128.0
2011-06-07,10168.0888671875,10157.689453125,10.3994140625
2011-06-08,10082.490234375,10168.0888671875,-85.5986328125
2011-06-09,10121.689453125,10082.490234375,39.19921875
2011-06-10,9950.7900390625,10121.689453125,-170.8994140625
2011-06-13,9946.1904296875,9950.7900390625,-4.599609375
2011-06-14,10132.5888671875,9946.1904296875,186.3984375
2011-06-15,9933.08984375,10132.5888671875,-199.4990234375
2011-06-16,9918.490234375,9933.08984375,-14.599609375
2011-06-17,10135.189453125,9918.490234375,216.69921875
2011-06-20,10038.08984375,10135.189453125,-97.099609375
2011-06-21,10231.8896484375,10038.08984375,193.7998046875
2011-06-22,10226.189453125,10231.8896484375,-5.7001953125
2011-06-23,9942.58984375,10226.189453125,-283.599609375
2011-06-24,9812.6904296875,9942.58984375,-129.8994140625
2011-06-27,9872.1904296875,9812.6904296875,59.5
2011-06-28,9936.6904296875,9872.1904296875,64.5
2011-06-29,10143.5888671875,9936.6904296875,206.8984375
2011-06-30,10359.8896484375,10143.5888671875,216.30078125
2011-07-01,10491.9892578125,10359.8896484375,132.099609375
2011-07-04,10467.9892578125,10491.9892578125,-24.0
2011-07-05,10330.0888671875,10467.9892578125,-137.900390625
2011-07-06,10204.4892578125,10330.0888671875,-125.599609375
2011-07-07,10196.189453125,10204.4892578125,-8.2998046875
2011-07-08,9938.1904296875,10196.189453125,-257.9990234375
2011-07-11,9670.58984375,9938.1904296875,-267.6005859375
2011-07-12,9603.390625,9670.58984375,-67.19921875
2011-07-13,9666.890625,9603.390625,63.5
2011-07-14,9598.58984375,9666.890625,-68.30078125
2011-07-15,9484.1904296875,9598.58984375,-114.3994140625
2011-07-18,9347.7900390625,9484.1904296875,-136.400390625
2011-07-19,9443.7900390625,9347.7900390625,96.0
2011-07-20,9732.7900390625,9443.7900390625,289.0
2011-07-21,10017.58984375,9732.7900390625,284.7998046875
2011-07-22,10059.2900390625,10017.58984375,41.7001953125
2011-07-25,9866.1904296875,10059.2900390625,-193.099609375
2011-07-26,9833.390625,9866.1904296875,-32.7998046875
2011-07-27,9643.2900390625,9833.390625,-190.1005859375
2011-07-28,9656.990234375,9643.2900390625,13.7001953125
2011-07-29,9630.6904296875,9656.990234375,-26.2998046875
2011-08-01,9318.1904296875,9630.6904296875,-312.5
2011-08-02,9114.8916015625,9318.1904296875,-203.298828125
2011-08-03,9037.69140625,9114.8916015625,-77.2001953125
2011-08-04,8686.4912109375,9037.69140625,-351.2001953125
2011-08-05,8671.19140625,8686.4912109375,-15.2998046875
2011-08-08,8459.3916015625,8671.19140625,-211.7998046875
2011-08-09,8428.8916015625,8459.3916015625,-30.5
2011-08-10,7965.99169921875,8428.8916015625,-462.89990234375
2011-08-11,8249.3916015625,7965.99169921875,283.39990234375
2011-08-12,8647.291015625,8249.3916015625,397.8994140625
2011-08-15,8708.9912109375,8647.291015625,61.7001953125
2011-08-16,8674.291015625,8708.9912109375,-34.7001953125
2011-08-17,8728.19140625,8674.291015625,53.900390625
2011-08-18,8317.69140625,8728.19140625,-410.5
2011-08-19,8141.8916015625,8317.69140625,-175.7998046875
2011-08-22,8293.8916015625,8141.8916015625,152.0
2011-08-23,8279.791015625,8293.8916015625,-14.1005859375
2011-08-24,8369.0908203125,8279.791015625,89.2998046875
2011-08-25,8299.0908203125,8369.0908203125,-70.0
2011-08-26,8185.49169921875,8299.0908203125,-113.59912109375
2011-08-29,8394.9912109375,8185.49169921875,209.49951171875
2011-08-30,8444.791015625,8394.9912109375,49.7998046875
2011-08-31,8718.5908203125,8444.791015625,273.7998046875
2011-09-01,8761.0908203125,8718.5908203125,42.5
2011-09-02,8463.4912109375,8761.0908203125,-297.599609375
2011-09-05,8066.49169921875,8463.4912109375,-396.99951171875
2011-09-06,7936.39208984375,8066.49169921875,-130.099609375
2011-09-07,8156.591796875,7936.39208984375,220.19970703125
2011-09-08,8277.791015625,8156.591796875,121.19921875
2011-09-09,7910.1923828125,8277.791015625,-367.5986328125
2011-09-12,7640.6923828125,7910.1923828125,-269.5
2011-09-13,7834.1923828125,7640.6923828125,193.5
2011-09-14,8045.69189453125,7834.1923828125,211.49951171875
2011-09-15,8337.8916015625,8045.69189453125,292.19970703125
2011-09-16,8388.3916015625,8337.8916015625,50.5
2011-09-19,8222.69140625,8388.3916015625,-165.7001953125
2011-09-20,8362.19140625,8222.69140625,139.5
2011-09-21,8210.291015625,8362.19140625,-151.900390625
2011-09-22,7830.7919921875,8210.291015625,-379.4990234375
2011-09-23,7996.8916015625,7830.7919921875,166.099609375
2011-09-26,8201.69140625,7996.8916015625,204.7998046875
2011-09-27,8531.8916015625,8201.69140625,330.2001953125
2011-09-28,8480.19140625,8531.8916015625,-51.7001953125
2011-09-29,8592.4912109375,8480.19140625,112.2998046875
2011-09-30,8546.5908203125,8592.4912109375,-45.900390625
2011-10-03,8353.791015625,8546.5908203125,-192.7998046875
2011-10-04,8225.3916015625,8353.791015625,-128.3994140625
2011-10-05,8477.291015625,8225.3916015625,251.8994140625
2011-10-06,8704.791015625,8477.291015625,227.5
2011-10-07,8798.3916015625,8704.791015625,93.6005859375
2011-10-10,8892.3916015625,8798.3916015625,94.0
2011-10-11,8845.4912109375,8892.3916015625,-46.900390625
2011-10-12,9026.4912109375,8845.4912109375,181.0
2011-10-13,8943.4912109375,9026.4912109375,-83.0
2011-10-14,8975.4912109375,8943.4912109375,32.0
2011-10-17,8864.291015625,8975.4912109375,-111.2001953125
2011-10-18,8811.291015625,8864.291015625,-53.0
2011-10-19,8849.4912109375,8811.291015625,38.2001953125
2011-10-20,8608.19140625,8849.4912109375,-241.2998046875
2011-10-21,8852.9912109375,8608.19140625,244.7998046875
2011-10-24,8957.0908203125,8852.9912109375,104.099609375
2011-10-25,8879.5908203125,8957.0908203125,-77.5
2011-10-26,8832.4912109375,8879.5908203125,-47.099609375
2011-10-27,9270.490234375,8832.4912109375,437.9990234375
2011-10-28,9224.390625,9270.490234375,-46.099609375
2011-10-31,8954.8916015625,9224.390625,-269.4990234375
2011-11-01,8579.5908203125,8954.8916015625,-375.30078125
2011-11-02,8574.4912109375,8579.5908203125,-5.099609375
2011-11-03,8712.5908203125,8574.4912109375,138.099609375
2011-11-04,8596.3916015625,8712.5908203125,-116.19921875
2011-11-07,8476.3916015625,8596.3916015625,-120.0
2011-11-08,8518.4912109375,8476.3916015625,42.099609375
2011-11-09,8340.5908203125,8518.4912109375,-177.900390625
2011-11-10,8310.8916015625,8340.5908203125,-29.69921875
2011-11-11,8556.0908203125,8310.8916015625,245.19921875
2011-11-14,8372.19140625,8556.0908203125,-183.8994140625
2011-11-15,8237.5908203125,8372.19140625,-134.6005859375
2011-11-16,8304.0908203125,8237.5908203125,66.5
2011-11-17,8270.5908203125,8304.0908203125,-33.5
2011-11-18,8310.0908203125,8270.5908203125,39.5
2011-11-21,8020.99169921875,8310.0908203125,-289.09912109375
2011-11-22,7904.89208984375,8020.99169921875,-116.099609375
2011-11-23,7739.2919921875,7904.89208984375,-165.60009765625
2011-11-24,7721.7919921875,7739.2919921875,-17.5
2011-11-25,7763.4921875,7721.7919921875,41.7001953125
2011-11-28,8119.8916015625,7763.4921875,356.3994140625
2011-11-29,8127.99169921875,8119.8916015625,8.10009765625
2011-11-30,8449.4912109375,8127.99169921875,321.49951171875
2011-12-01,8420.9912109375,8449.4912109375,-28.5
2011-12-02,8558.5908203125,8420.9912109375,137.599609375
2011-12-05,8705.791015625,8558.5908203125,147.2001953125
2011-12-06,8712.791015625,8705.791015625,7.0
2011-12-07,8644.291015625,8712.791015625,-68.5
2011-12-08,8461.19140625,8644.291015625,-183.099609375
2011-12-09,8649.69140625,8461.19140625,188.5
2011-12-12,8380.9912109375,8649.69140625,-268.7001953125
2011-12-13,8327.791015625,8380.9912109375,-53.2001953125
2011-12-14,8181.99169921875,8327.791015625,-145.79931640625
2011-12-15,8250.3916015625,8181.99169921875,68.39990234375
2011-12-16,8203.3916015625,8250.3916015625,-47.0
2011-12-19,8252.9912109375,8203.3916015625,49.599609375
2011-12-20,8454.3916015625,8252.9912109375,201.400390625
2011-12-21,8378.3916015625,8454.3916015625,-76.0
2011-12-22,8462.8916015625,8378.3916015625,84.5
2011-12-23,8542.69140625,8462.8916015625,79.7998046875
2011-12-27,8529.5908203125,8542.69140625,-13.1005859375
2011-12-28,8358.3916015625,8529.5908203125,-171.19921875
2011-12-29,8487.8916015625,8358.3916015625,129.5
2011-12-30,8566.291015625,8487.8916015625,78.3994140625
2012-01-03,8732.3916015625,8566.291015625,166.1005859375
2012-01-04,8581.791015625,8732.3916015625,-150.6005859375
2012-01-05,8329.5908203125,8581.791015625,-252.2001953125
2012-01-06,8289.0908203125,8329.5908203125,-40.5
2012-01-09,8278.8916015625,8289.0908203125,-10.19921875
2012-01-10,8472.8916015625,8278.8916015625,194.0
2012-01-11,8426.791015625,8472.8916015625,-46.1005859375
2012-01-12,8426.9912109375,8426.791015625,0.2001953125
2012-01-13,8450.5908203125,8426.9912109375,23.599609375
2012-01-16,8449.5908203125,8450.5908203125,-1.0
2012-01-17,8535.291015625,8449.5908203125,85.7001953125
2012-01-18,8420.69140625,8535.291015625,-114.599609375
2012-01-19,8603.791015625,8420.69140625,183.099609375
2012-01-20,8561.8916015625,8603.791015625,-41.8994140625
2012-01-23,8619.5908203125,8561.8916015625,57.69921875
2012-01-24,8591.3916015625,8619.5908203125,-28.19921875
2012-01-25,8555.3916015625,8591.3916015625,-36.0
2012-01-26,8713.791015625,8555.3916015625,158.3994140625
2012-01-27,8657.291015625,8713.791015625,-56.5
2012-01-30,8516.9912109375,8657.291015625,-140.2998046875
2012-01-31,8509.19140625,8516.9912109375,-7.7998046875
2012-02-01,8696.5908203125,8509.19140625,187.3994140625
2012-02-02,8772.291015625,8696.5908203125,75.7001953125
2012-02-03,8861.19140625,8772.291015625,88.900390625
2012-02-06,8835.291015625,8861.19140625,-25.900390625
2012-02-07,8846.8916015625,8835.291015625,11.6005859375
2012-02-08,8849.291015625,8846.8916015625,2.3994140625
2012-02-09,8902.0908203125,8849.291015625,52.7998046875
2012-02-10,8797.0908203125,8902.0908203125,-105.0
2012-02-13,8788.291015625,8797.0908203125,-8.7998046875
2012-02-14,8771.8916015625,8788.291015625,-16.3994140625
2012-02-15,8741.5908203125,8771.8916015625,-30.30078125
2012-02-16,8558.0908203125,8741.5908203125,-183.5
2012-02-17,8656.9912109375,8558.0908203125,98.900390625
2012-02-20,8818.0908203125,8656.9912109375,161.099609375
2012-02-21,8767.0908203125,8818.0908203125,-51.0
2012-02-22,8656.9912109375,8767.0908203125,-110.099609375
2012-02-23,8527.69140625,8656.9912109375,-129.2998046875
2012-02-24,8527.69140625,8527.69140625,0.0
2012-02-27,8537.19140625,8527.69140625,9.5
2012-02-28,8526.69140625,8537.19140625,-10.5
2012-02-29,8465.8916015625,8526.69140625,-60.7998046875
2012-03-01,8547.69140625,8465.8916015625,81.7998046875
2012-03-02,8563.3916015625,8547.69140625,15.7001953125
2012-03-05,8453.4912109375,8563.3916015625,-109.900390625
2012-03-06,8166.591796875,8453.4912109375,-286.8994140625
2012-03-07,8161.79150390625,8166.591796875,-4.80029296875
2012-03-08,8307.3916015625,8161.79150390625,145.60009765625
2012-03-09,8282.69140625,8307.3916015625,-24.7001953125
2012-03-12,8180.19189453125,8282.69140625,-102.49951171875
2012-03-13,8376.791015625,8180.19189453125,196.59912109375
2012-03-14,8391.0908203125,8376.791015625,14.2998046875
2012-03-15,8426.69140625,8391.0908203125,35.6005859375
2012-03-16,8486.291015625,8426.69140625,59.599609375
2012-03-19,8591.791015625,8486.291015625,105.5
2012-03-20,8567.4912109375,8591.791015625,-24.2998046875
2012-03-21,8490.8916015625,8567.4912109375,-76.599609375
2012-03-22,8353.5908203125,8490.8916015625,-137.30078125
2012-03-23,8281.791015625,8353.5908203125,-71.7998046875
2012-03-26,8224.69140625,8281.791015625,-57.099609375
2012-03-27,8140.29150390625,8224.69140625,-84.39990234375
2012-03-28,7980.79150390625,8140.29150390625,-159.5
2012-03-29,7910.9921875,7980.79150390625,-69.79931640625
2012-03-30,8007.99169921875,7910.9921875,96.99951171875
2012-04-02,8042.79150390625,8007.99169921875,34.7998046875
2012-04-03,7824.4921875,8042.79150390625,-218.29931640625
2012-04-04,7660.6923828125,7824.4921875,-163.7998046875
2012-04-05,7660.4921875,7660.6923828125,-0.2001953125
2012-04-10,7433.5927734375,7660.4921875,-226.8994140625
2012-04-11,7576.6923828125,7433.5927734375,143.099609375
2012-04-12,7519.9921875,7576.6923828125,-56.7001953125
2012-04-13,7250.5927734375,7519.9921875,-269.3994140625
2012-04-16,7209.0927734375,7250.5927734375,-41.5
2012-04-17,7373.29248046875,7209.0927734375,164.19970703125
2012-04-18,7079.19287109375,7373.29248046875,-294.099609375
2012-04-19,6908.09326171875,7079.19287109375,-171.099609375
2012-04-20,7040.5927734375,6908.09326171875,132.49951171875
2012-04-23,6846.59326171875,7040.5927734375,-193.99951171875
2012-04-24,6999.892578125,6846.59326171875,153.29931640625
2012-04-25,7118.892578125,6999.892578125,119.0
2012-04-26,7027.0927734375,7118.892578125,-91.7998046875
2012-04-27,7145.79248046875,7027.0927734375,118.69970703125
2012-04-30,7010.99267578125,7145.79248046875,-134.7998046875
2012-05-02,6831.89306640625,7010.99267578125,-179.099609375
2012-05-03,6851.89306640625,6831.89306640625,20.0
2012-05-04,6875.9931640625,6851.89306640625,24.10009765625
2012-05-07,7063.19287109375,6875.9931640625,187.19970703125
2012-05-08,7006.892578125,7063.19287109375,-56.30029296875
2012-05-09,6812.693359375,7006.892578125,-194.19921875
2012-05-10,7045.69287109375,6812.693359375,232.99951171875
2012-05-11,6995.5927734375,7045.69287109375,-50.10009765625
2012-05-14,6809.39306640625,6995.5927734375,-186.19970703125
2012-05-15,6700.693359375,6809.39306640625,-108.69970703125
2012-05-16,6611.4931640625,6700.693359375,-89.2001953125
2012-05-17,6537.89306640625,6611.4931640625,-73.60009765625
2012-05-18,6566.693359375,6537.89306640625,28.80029296875
2012-05-21,6523.9931640625,6566.693359375,-42.7001953125
2012-05-22,6661.29296875,6523.9931640625,137.2998046875
2012-05-23,6440.49365234375,6661.29296875,-220.79931640625
2012-05-24,6534.39306640625,6440.49365234375,93.8994140625
2012-05-25,6542.9931640625,6534.39306640625,8.60009765625
2012-05-28,6401.19384765625,6542.9931640625,-141.79931640625
2012-05-29,6251.69384765625,6401.19384765625,-149.5
2012-05-30,6090.3935546875,6251.69384765625,-161.30029296875
2012-05-31,6089.79345703125,6090.3935546875,-0.60009765625
2012-06-01,6064.99365234375,6089.79345703125,-24.7998046875
2012-06-04,6239.49365234375,6064.99365234375,174.5
2012-06-05,6267.79345703125,6239.49365234375,28.2998046875
2012-06-06,6418.8935546875,6267.79345703125,151.10009765625
2012-06-07,6438.09375,6418.8935546875,19.2001953125
2012-06-08,6551.9931640625,6438.09375,113.8994140625
2012-06-11,6516.39306640625,6551.9931640625,-35.60009765625
2012-06-12,6522.4931640625,6516.39306640625,6.10009765625
2012-06-13,6615.29296875,6522.4931640625,92.7998046875
2012-06-14,6695.9931640625,6615.29296875,80.7001953125
2012-06-15,6718.9931640625,6695.9931640625,23.0
2012-06-18,6519.89306640625,6718.9931640625,-199.10009765625
2012-06-19,6693.89306640625,6519.89306640625,174.0
2012-06-20,6796.09326171875,6693.89306640625,102.2001953125
2012-06-21,6773.4931640625,6796.09326171875,-22.60009765625
2012-06-22,6876.29296875,6773.4931640625,102.7998046875
2012-06-25,6623.9931640625,6876.29296875,-252.2998046875
2012-06-26,6528.39306640625,6623.9931640625,-95.60009765625
2012-06-27,6666.89306640625,6528.39306640625,138.5
2012-06-28,6721.693359375,6666.89306640625,54.80029296875
2012-06-29,7102.19287109375,6721.693359375,380.49951171875
2012-07-02,7123.99267578125,7102.19287109375,21.7998046875
2012-07-03,7219.49267578125,7123.99267578125,95.5
2012-07-04,7168.49267578125,7219.49267578125,-51.0
2012-07-05,6954.193359375,7168.49267578125,-214.29931640625
2012-07-06,6738.89306640625,6954.193359375,-215.30029296875
2012-07-09,6688.29296875,6738.89306640625,-50.60009765625
2012-07-10,6726.89306640625,6688.29296875,38.60009765625
2012-07-11,6805.89306640625,6726.89306640625,79.0
2012-07-12,6630.09326171875,6805.89306640625,-175.7998046875
2012-07-13,6664.59326171875,6630.09326171875,34.5
2012-07-16,6532.09326171875,6664.59326171875,-132.5
2012-07-17,6558.193359375,6532.09326171875,26.10009765625
2012-07-18,6591.193359375,6558.193359375,33.0
2012-07-19,6632.59326171875,6591.193359375,41.39990234375
2012-07-20,6246.29345703125,6632.59326171875,-386.2998046875
2012-07-23,6177.3935546875,6246.29345703125,-68.89990234375
2012-07-24,5956.2939453125,6177.3935546875,-221.099609375
2012-07-25,6004.89404296875,5956.2939453125,48.60009765625
2012-07-26,6368.79345703125,6004.89404296875,363.8994140625
2012-07-27,6617.59326171875,6368.79345703125,248.7998046875
2012-07-30,6801.79296875,6617.59326171875,184.19970703125
2012-07-31,6738.09326171875,6801.79296875,-63.69970703125
2012-08-01,6719.9931640625,6738.09326171875,-18.10009765625
2012-08-02,6373.3935546875,6719.9931640625,-346.599609375
2012-08-03,6755.693359375,6373.3935546875,382.2998046875
2012-08-06,7053.5927734375,6755.693359375,297.8994140625
2012-08-07,7211.0927734375,7053.5927734375,157.5
2012-08-08,7150.19287109375,7211.0927734375,-60.89990234375
2012-08-09,7110.19287109375,7150.19287109375,-40.0
2012-08-10,7047.69287109375,7110.19287109375,-62.5
2012-08-13,7069.5927734375,7047.69287109375,21.89990234375
2012-08-14,7124.79248046875,7069.5927734375,55.19970703125
2012-08-15,7128.892578125,7124.79248046875,4.10009765625
2012-08-16,7417.29248046875,7128.892578125,288.39990234375
2012-08-17,7560.9921875,7417.29248046875,143.69970703125
2012-08-20,7469.59228515625,7560.9921875,-91.39990234375
2012-08-21,7544.4921875,7469.59228515625,74.89990234375
2012-08-22,7340.69287109375,7544.4921875,-203.79931640625
2012-08-23,7282.892578125,7340.69287109375,-57.80029296875
2012-08-24,7310.29248046875,7282.892578125,27.39990234375
2012-08-27,7398.892578125,7310.29248046875,88.60009765625
2012-08-28,7333.49267578125,7398.892578125,-65.39990234375
2012-08-29,7305.99267578125,7333.49267578125,-27.5
2012-08-30,7194.99267578125,7305.99267578125,-111.0
2012-08-31,7420.49267578125,7194.99267578125,225.5
2012-09-03,7434.19287109375,7420.49267578125,13.7001953125
2012-09-04,7488.1923828125,7434.19287109375,53.99951171875
2012-09-05,7493.9921875,7488.1923828125,5.7998046875
2012-09-06,7861.9921875,7493.9921875,368.0
2012-09-07,7882.7919921875,7861.9921875,20.7998046875
2012-09-10,7857.6923828125,7882.7919921875,-25.099609375
2012-09-11,7930.39208984375,7857.6923828125,72.69970703125
2012-09-12,7992.091796875,7930.39208984375,61.69970703125
2012-09-13,7935.89208984375,7992.091796875,-56.19970703125
2012-09-14,8154.49169921875,7935.89208984375,218.599609375
2012-09-17,8147.99169921875,8154.49169921875,-6.5
2012-09-18,8058.29150390625,8147.99169921875,-89.7001953125
2012-09-19,8098.79150390625,8058.29150390625,40.5
2012-09-20,8022.091796875,8098.79150390625,-76.69970703125
2012-09-21,8230.69140625,8022.091796875,208.599609375
2012-09-24,8138.3916015625,8230.69140625,-92.2998046875
2012-09-25,8174.99169921875,8138.3916015625,36.60009765625
2012-09-26,7854.39208984375,8174.99169921875,-320.599609375
2012-09-27,7842.2919921875,7854.39208984375,-12.10009765625
2012-09-28,7708.4921875,7842.2919921875,-133.7998046875
2012-10-01,7784.09228515625,7708.4921875,75.60009765625
2012-10-02,7867.09228515625,7784.09228515625,83.0
2012-10-03,7826.6923828125,7867.09228515625,-40.39990234375
2012-10-04,7812.7919921875,7826.6923828125,-13.900390625
2012-10-05,7954.3916015625,7812.7919921875,141.599609375
2012-10-08,7890.9921875,7954.3916015625,-63.3994140625
2012-10-09,7745.39208984375,7890.9921875,-145.60009765625
2012-10-10,7667.9921875,7745.39208984375,-77.39990234375
2012-10-11,7734.6923828125,7667.9921875,66.7001953125
2012-10-12,7652.39208984375,7734.6923828125,-82.30029296875
2012-10-15,7678.4921875,7652.39208984375,26.10009765625
2012-10-16,7940.1923828125,7678.4921875,261.7001953125
2012-10-17,8128.19189453125,7940.1923828125,187.99951171875
2012-10-18,8100.29150390625,8128.19189453125,-27.900390625
2012-10-19,7913.39208984375,8100.29150390625,-186.8994140625
2012-10-22,7877.09228515625,7913.39208984375,-36.2998046875
2012-10-23,7747.6923828125,7877.09228515625,-129.39990234375
2012-10-24,7791.4921875,7747.6923828125,43.7998046875
2012-10-25,7779.1923828125,7791.4921875,-12.2998046875
2012-10-26,7775.59228515625,7779.1923828125,-3.60009765625
2012-10-29,7728.59228515625,7775.59228515625,-47.0
2012-10-30,7833.89208984375,7728.59228515625,105.2998046875
2012-10-31,7842.89208984375,7833.89208984375,9.0
2012-11-01,7886.39208984375,7842.89208984375,43.5
2012-11-02,7968.8916015625,7886.39208984375,82.49951171875
2012-11-05,7818.59228515625,7968.8916015625,-150.29931640625
2012-11-06,7837.59228515625,7818.59228515625,19.0
2012-11-07,7660.6923828125,7837.59228515625,-176.89990234375
2012-11-08,7624.09228515625,7660.6923828125,-36.60009765625
2012-11-09,7636.59228515625,7624.09228515625,12.5
2012-11-12,7567.7919921875,7636.59228515625,-68.80029296875
2012-11-13,7693.39208984375,7567.7919921875,125.60009765625
2012-11-14,7672.9921875,7693.39208984375,-20.39990234375
2012-11-15,7695.4921875,7672.9921875,22.5
2012-11-16,7588.1923828125,7695.4921875,-107.2998046875
2012-11-19,7763.7919921875,7588.1923828125,175.599609375
2012-11-20,7778.6923828125,7763.7919921875,14.900390625
2012-11-21,7805.39208984375,7778.6923828125,26.69970703125
2012-11-22,7875.59228515625,7805.39208984375,70.2001953125
2012-11-23,7909.59228515625,7875.59228515625,34.0
2012-11-26,7874.7919921875,7909.59228515625,-34.80029296875
2012-11-27,7863.6923828125,7874.7919921875,-11.099609375
2012-11-28,7837.59228515625,7863.6923828125,-26.10009765625
2012-11-29,7973.69189453125,7837.59228515625,136.099609375
2012-11-30,7934.59228515625,7973.69189453125,-39.099609375
2012-12-03,7889.1923828125,7934.59228515625,-45.39990234375
2012-12-04,7902.39208984375,7889.1923828125,13.19970703125
2012-12-05,7883.1923828125,7902.39208984375,-19.19970703125
2012-12-06,7910.7919921875,7883.1923828125,27.599609375
2012-12-07,7848.4921875,7910.7919921875,-62.2998046875
2012-12-10,7804.39208984375,7848.4921875,-44.10009765625
2012-12-11,7920.89208984375,7804.39208984375,116.5
2012-12-12,7986.79150390625,7920.89208984375,65.8994140625
2012-12-13,8017.091796875,7986.79150390625,30.30029296875
2012-12-14,8024.091796875,8017.091796875,7.0
2012-12-17,8040.29150390625,8024.091796875,16.19970703125
2012-12-18,8168.79150390625,8040.29150390625,128.5
2012-12-19,8264.19140625,8168.79150390625,95.39990234375
2012-12-20,8264.19140625,8264.19140625,0.0
2012-12-21,8290.9912109375,8264.19140625,26.7998046875
2012-12-24,8299.4912109375,8290.9912109375,8.5
2012-12-27,8280.8916015625,8299.4912109375,-18.599609375
2012-12-28,8130.99169921875,8280.8916015625,-149.89990234375
2012-12-31,8167.49169921875,8130.99169921875,36.5
2013-01-02,8447.5908203125,8167.49169921875,280.09912109375
2013-01-03,8403.3916015625,8447.5908203125,-44.19921875
2013-01-04,8435.791015625,8403.3916015625,32.3994140625
2013-01-07,8418.9912109375,8435.791015625,-16.7998046875
2013-01-08,8452.9912109375,8418.9912109375,34.0
2013-01-09,8606.3916015625,8452.9912109375,153.400390625
2013-01-10,8618.8916015625,8606.3916015625,12.5
2013-01-11,8664.69140625,8618.8916015625,45.7998046875
2013-01-14,8632.0908203125,8664.69140625,-32.6005859375
2013-01-15,8600.9912109375,8632.0908203125,-31.099609375
2013-01-16,8581.0908203125,8600.9912109375,-19.900390625
2013-01-17,8628.8916015625,8581.0908203125,47.80078125
2013-01-18,8603.9912109375,8628.8916015625,-24.900390625
2013-01-21,8665.8916015625,8603.9912109375,61.900390625
2013-01-22,8632.0908203125,8665.8916015625,-33.80078125
2013-01-23,8613.291015625,8632.0908203125,-18.7998046875
2013-01-24,8665.5908203125,8613.291015625,52.2998046875
2013-01-25,8724.5908203125,8665.5908203125,59.0
2013-01-28,8672.4912109375,8724.5908203125,-52.099609375
2013-01-29,8642.9912109375,8672.4912109375,-29.5
2013-01-30,8571.8916015625,8642.9912109375,-71.099609375
2013-01-31,8362.291015625,8571.8916015625,-209.6005859375
2013-02-01,8229.69140625,8362.291015625,-132.599609375
2013-02-04,7919.59228515625,8229.69140625,-310.09912109375
2013-02-05,8093.591796875,7919.59228515625,173.99951171875
2013-02-06,8056.19189453125,8093.591796875,-37.39990234375
2013-02-07,8014.591796875,8056.19189453125,-41.60009765625
2013-02-08,8174.8916015625,8014.591796875,160.2998046875
2013-02-11,8078.591796875,8174.8916015625,-96.2998046875
2013-02-12,8234.69140625,8078.591796875,156.099609375
2013-02-13,8306.19140625,8234.69140625,71.5
2013-02-14,8247.3916015625,8306.19140625,-58.7998046875
2013-02-15,8150.19189453125,8247.3916015625,-97.19970703125
2013-02-18,8108.8916015625,8150.19189453125,-41.30029296875
2013-02-19,8225.291015625,8108.8916015625,116.3994140625
2013-02-20,8162.99169921875,8225.291015625,-62.29931640625
2013-02-21,8014.49169921875,8162.99169921875,-148.5
2013-02-22,8178.99169921875,8014.49169921875,164.5
2013-02-25,8244.4912109375,8178.99169921875,65.49951171875
2013-02-26,7980.69189453125,8244.4912109375,-263.79931640625
2013-02-27,8136.69189453125,7980.69189453125,156.0
2013-02-28,8230.291015625,8136.69189453125,93.59912109375
2013-03-01,8187.091796875,8230.291015625,-43.19921875
2013-03-04,8246.291015625,8187.091796875,59.19921875
2013-03-05,8423.291015625,8246.291015625,177.0
2013-03-06,8358.8916015625,8423.291015625,-64.3994140625
2013-03-07,8389.0908203125,8358.8916015625,30.19921875
2013-03-08,8628.0908203125,8389.0908203125,239.0
2013-03-11,8554.3916015625,8628.0908203125,-73.69921875
2013-03-12,8532.291015625,8554.3916015625,-22.1005859375
2013-03-13,8498.291015625,8532.291015625,-34.0
2013-03-14,8657.8916015625,8498.291015625,159.6005859375
2013-03-15,8619.0908203125,8657.8916015625,-38.80078125
2013-03-18,8507.791015625,8619.0908203125,-111.2998046875
2013-03-19,8320.9912109375,8507.791015625,-186.7998046875
2013-03-20,8416.291015625,8320.9912109375,95.2998046875
2013-03-21,8351.19140625,8416.291015625,-65.099609375
2013-03-22,8329.4912109375,8351.19140625,-21.7001953125
2013-03-25,8140.591796875,8329.4912109375,-188.8994140625
2013-03-26,7990.49169921875,8140.591796875,-150.10009765625
2013-03-27,7900.39208984375,7990.49169921875,-90.099609375
2013-03-28,7919.9921875,7900.39208984375,19.60009765625
2013-04-02,8050.3916015625,7919.9921875,130.3994140625
2013-04-03,7904.2919921875,8050.3916015625,-146.099609375
2013-04-04,7847.89208984375,7904.2919921875,-56.39990234375
2013-04-05,7798.39208984375,7847.89208984375,-49.5
2013-04-08,7787.09228515625,7798.39208984375,-11.2998046875
2013-04-09,7872.4921875,7787.09228515625,85.39990234375
2013-04-10,8136.3916015625,7872.4921875,263.8994140625
2013-04-11,8159.49169921875,8136.3916015625,23.10009765625
2013-04-12,8040.3916015625,8159.49169921875,-119.10009765625
2013-04-15,8014.091796875,8040.3916015625,-26.2998046875
2013-04-16,7948.6923828125,8014.091796875,-65.3994140625
2013-04-17,7802.9921875,7948.6923828125,-145.7001953125
2013-04-18,7812.4921875,7802.9921875,9.5
2013-04-19,7915.4921875,7812.4921875,103.0
2013-04-22,8027.69189453125,7915.4921875,112.19970703125
2013-04-23,8289.291015625,8027.69189453125,261.59912109375
2013-04-24,8389.291015625,8289.291015625,100.0
2013-04-25,8365.0908203125,8389.291015625,-24.2001953125
2013-04-26,8296.9912109375,8365.0908203125,-68.099609375
2013-04-29,8450.8916015625,8296.9912109375,153.900390625
2013-04-30,8418.9912109375,8450.8916015625,-31.900390625
2013-05-02,8406.3916015625,8418.9912109375,-12.599609375
2013-05-03,8544.791015625,8406.3916015625,138.3994140625
2013-05-06,8503.791015625,8544.791015625,-41.0
2013-05-07,8543.9912109375,8503.791015625,40.2001953125
2013-05-08,8596.9912109375,8543.9912109375,53.0
2013-05-09,8572.69140625,8596.9912109375,-24.2998046875
2013-05-10,8544.4912109375,8572.69140625,-28.2001953125
2013-05-13,8457.791015625,8544.4912109375,-86.7001953125
2013-05-14,8474.5908203125,8457.791015625,16.7998046875
2013-05-15,8582.4912109375,8474.5908203125,107.900390625
2013-05-16,8542.291015625,8582.4912109375,-40.2001953125
2013-05-17,8582.3916015625,8542.291015625,40.1005859375
2013-05-20,8515.19140625,8582.3916015625,-67.2001953125
2013-05-21,8464.4912109375,8515.19140625,-50.7001953125
2013-05-22,8462.3916015625,8464.4912109375,-2.099609375
2013-05-23,8343.5908203125,8462.3916015625,-118.80078125
2013-05-24,8264.5908203125,8343.5908203125,-79.0
2013-05-27,8363.5908203125,8264.5908203125,99.0
2013-05-28,8511.291015625,8363.5908203125,147.7001953125
2013-05-29,8441.69140625,8511.291015625,-69.599609375
2013-05-30,8433.4912109375,8441.69140625,-8.2001953125
2013-05-31,8320.5908203125,8433.4912109375,-112.900390625
2013-06-03,8284.3916015625,8320.5908203125,-36.19921875
2013-06-04,8362.9912109375,8284.3916015625,78.599609375
2013-06-05,8290.69140625,8362.9912109375,-72.2998046875
2013-06-06,8216.69140625,8290.69140625,-74.0
2013-06-07,8266.5908203125,8216.69140625,49.8994140625
2013-06-10,8227.3916015625,8266.5908203125,-39.19921875
2013-06-11,8089.29150390625,8227.3916015625,-138.10009765625
2013-06-12,8123.79150390625,8089.29150390625,34.5
2013-06-13,8071.69189453125,8123.79150390625,-52.099609375
2013-06-14,8070.8916015625,8071.69189453125,-0.80029296875
2013-06-17,8136.29150390625,8070.8916015625,65.39990234375
2013-06-18,8180.19189453125,8136.29150390625,43.900390625
2013-06-19,8098.29150390625,8180.19189453125,-81.900390625
2013-06-20,7822.09228515625,8098.29150390625,-276.19921875
2013-06-21,7700.1923828125,7822.09228515625,-121.89990234375
2013-06-24,7553.1923828125,7700.1923828125,-147.0
2013-06-25,7607.6923828125,7553.1923828125,54.5
2013-06-26,7822.9921875,7607.6923828125,215.2998046875
2013-06-27,7844.39208984375,7822.9921875,21.39990234375
2013-06-28,7762.6923828125,7844.39208984375,-81.69970703125
2013-07-01,7907.09228515625,7762.6923828125,144.39990234375
2013-07-02,7886.59228515625,7907.09228515625,-20.5
2013-07-03,7763.7919921875,7886.59228515625,-122.80029296875
2013-07-04,8001.99169921875,7763.7919921875,238.19970703125
2013-07-05,7868.39208984375,8001.99169921875,-133.599609375
2013-07-08,8017.591796875,7868.39208984375,149.19970703125
2013-07-09,8014.79150390625,8017.591796875,-2.80029296875
2013-07-10,7994.99169921875,8014.79150390625,-19.7998046875
2013-07-11,8030.69189453125,7994.99169921875,35.7001953125
2013-07-12,7844.6923828125,8030.69189453125,-185.99951171875
2013-07-15,7855.09228515625,7844.6923828125,10.39990234375
2013-07-16,7798.1923828125,7855.09228515625,-56.89990234375
2013-07-17,7812.6923828125,7798.1923828125,14.5
2013-07-18,7957.29150390625,7812.6923828125,144.59912109375
2013-07-19,7943.1923828125,7957.29150390625,-14.09912109375
2013-07-22,7965.99169921875,7943.1923828125,22.79931640625
2013-07-23,8073.69189453125,7965.99169921875,107.7001953125
2013-07-24,8192.4912109375,8073.69189453125,118.79931640625
2013-07-25,8282.0908203125,8192.4912109375,89.599609375
2013-07-26,8353.5908203125,8282.0908203125,71.5
2013-07-29,8376.0908203125,8353.5908203125,22.5
2013-07-30,8456.4912109375,8376.0908203125,80.400390625
2013-07-31,8433.3916015625,8456.4912109375,-23.099609375
2013-08-01,8540.19140625,8433.3916015625,106.7998046875
2013-08-02,8573.9912109375,8540.19140625,33.7998046875
2013-08-05,8560.791015625,8573.9912109375,-13.2001953125
2013-08-06,8529.4912109375,8560.791015625,-31.2998046875
2013-08-07,8574.0908203125,8529.4912109375,44.599609375
2013-08-08,8671.791015625,8574.0908203125,97.7001953125
2013-08-09,8735.4912109375,8671.791015625,63.7001953125
2013-08-12,8717.69140625,8735.4912109375,-17.7998046875
2013-08-13,8758.4912109375,8717.69140625,40.7998046875
2013-08-14,8789.291015625,8758.4912109375,30.7998046875
2013-08-15,8737.5908203125,8789.291015625,-51.7001953125
2013-08-16,8821.291015625,8737.5908203125,83.7001953125
2013-08-19,8657.0908203125,8821.291015625,-164.2001953125
2013-08-20,8502.3916015625,8657.0908203125,-154.69921875
2013-08-21,8461.791015625,8502.3916015625,-40.6005859375
2013-08-22,8629.69140625,8461.791015625,167.900390625
2013-08-23,8686.791015625,8629.69140625,57.099609375
2013-08-26,8649.8916015625,8686.791015625,-36.8994140625
2013-08-27,8393.9912109375,8649.8916015625,-255.900390625
2013-08-28,8398.0908203125,8393.9912109375,4.099609375
2013-08-29,8432.0908203125,8398.0908203125,34.0
2013-08-30,8290.4912109375,8432.0908203125,-141.599609375
2013-09-02,8429.5908203125,8290.4912109375,139.099609375
2013-09-03,8445.19140625,8429.5908203125,15.6005859375
2013-09-04,8490.291015625,8445.19140625,45.099609375
2013-09-05,8549.9912109375,8490.291015625,59.7001953125
2013-09-06,8654.9912109375,8549.9912109375,105.0
2013-09-09,8632.4912109375,8654.9912109375,-22.5
2013-09-10,8801.5908203125,8632.4912109375,169.099609375
2013-09-11,8875.19140625,8801.5908203125,73.6005859375
2013-09-12,8924.19140625,8875.19140625,49.0
2013-09-13,8941.5908203125,8924.19140625,17.3994140625
2013-09-16,8999.4912109375,8941.5908203125,57.900390625
2013-09-17,8991.9912109375,8999.4912109375,-7.5
2013-09-18,9062.4912109375,8991.9912109375,70.5
2013-09-19,9153.69140625,9062.4912109375,91.2001953125
2013-09-20,9171.7900390625,9153.69140625,18.0986328125
2013-09-23,9109.4912109375,9171.7900390625,-62.298828125
2013-09-24,9167.58984375,9109.4912109375,58.0986328125
2013-09-25,9242.890625,9167.58984375,75.30078125
2013-09-26,9272.390625,9242.890625,29.5
2013-09-27,9228.390625,9272.390625,-44.0
2013-09-30,9186.08984375,9228.390625,-42.30078125
2013-10-01,9341.490234375,9186.08984375,155.400390625
2013-10-02,9349.990234375,9341.490234375,8.5
2013-10-03,9295.6904296875,9349.990234375,-54.2998046875
2013-10-04,9420.890625,9295.6904296875,125.2001953125
2013-10-07,9381.890625,9420.890625,-39.0
2013-10-08,9318.890625,9381.890625,-63.0
2013-10-09,9438.990234375,9318.890625,120.099609375
2013-10-10,9660.490234375,9438.990234375,221.5
2013-10-11,9668.490234375,9660.490234375,8.0
2013-10-14,9695.990234375,9668.490234375,27.5
2013-10-15,9805.2900390625,9695.990234375,109.2998046875
2013-10-16,9878.990234375,9805.2900390625,73.7001953125
2013-10-17,9917.990234375,9878.990234375,39.0
2013-10-18,10001.7900390625,9917.990234375,83.7998046875
2013-10-21,10037.7900390625,10001.7900390625,36.0
2013-10-22,10012.890625,10037.7900390625,-24.8994140625
2013-10-23,9828.2900390625,10012.890625,-184.6005859375
2013-10-24,9915.390625,9828.2900390625,87.1005859375
2013-10-25,9815.490234375,9915.390625,-99.900390625
2013-10-28,9736.1904296875,9815.490234375,-79.2998046875
2013-10-29,9863.890625,9736.1904296875,127.7001953125
2013-10-30,9778.6904296875,9863.890625,-85.2001953125
2013-10-31,9907.890625,9778.6904296875,129.2001953125
2013-11-01,9838.2900390625,9907.890625,-69.6005859375
2013-11-04,9873.7900390625,9838.2900390625,35.5
2013-11-05,9795.6904296875,9873.7900390625,-78.099609375
2013-11-06,9837.08984375,9795.6904296875,41.3994140625
2013-11-07,9740.390625,9837.08984375,-96.69921875
2013-11-08,9747.1904296875,9740.390625,6.7998046875
2013-11-11,9789.490234375,9747.1904296875,42.2998046875
2013-11-12,9707.58984375,9789.490234375,-81.900390625
2013-11-13,9675.1904296875,9707.58984375,-32.3994140625
2013-11-14,9708.6904296875,9675.1904296875,33.5
2013-11-15,9695.890625,9708.6904296875,-12.7998046875
2013-11-18,9783.08984375,9695.890625,87.19921875
2013-11-19,9629.7900390625,9783.08984375,-153.2998046875
2013-11-20,9559.490234375,9629.7900390625,-70.2998046875
2013-11-21,9599.2900390625,9559.490234375,39.7998046875
2013-11-22,9677.390625,9599.2900390625,78.1005859375
2013-11-25,9689.08984375,9677.390625,11.69921875
2013-11-26,9714.58984375,9689.08984375,25.5
2013-11-27,9808.390625,9714.58984375,93.80078125
2013-11-28,9859.7900390625,9808.390625,51.3994140625
2013-11-29,9837.58984375,9859.7900390625,-22.2001953125
2013-12-02,9745.490234375,9837.58984375,-92.099609375
2013-12-03,9604.990234375,9745.490234375,-140.5
2013-12-04,9540.490234375,9604.990234375,-64.5
2013-12-05,9392.08984375,9540.490234375,-148.400390625
2013-12-06,9400.490234375,9392.08984375,8.400390625
2013-12-09,9487.390625,9400.490234375,86.900390625
2013-12-10,9438.2900390625,9487.390625,-49.1005859375
2013-12-11,9358.6904296875,9438.2900390625,-79.599609375
2013-12-12,9272.08984375,9358.6904296875,-86.6005859375
2013-12-13,9272.6904296875,9272.08984375,0.6005859375
2013-12-16,9429.490234375,9272.6904296875,156.7998046875
2013-12-17,9343.390625,9429.490234375,-86.099609375
2013-12-18,9443.58984375,9343.390625,100.19921875
2013-12-19,9617.08984375,9443.58984375,173.5
2013-12-20,9689.890625,9617.08984375,72.80078125
2013-12-23,9758.390625,9689.890625,68.5
2013-12-24,9819.490234375,9758.390625,61.099609375
2013-12-27,9900.08984375,9819.490234375,80.599609375
2013-12-30,9901.890625,9900.08984375,1.80078125
2013-12-31,9916.6904296875,9901.890625,14.7998046875
2014-01-02,9760.2900390625,9916.6904296875,-156.400390625
2014-01-03,9797.990234375,9760.2900390625,37.7001953125
2014-01-06,9888.490234375,9797.990234375,90.5
2014-01-07,10178.689453125,9888.490234375,290.19921875
2014-01-08,10253.5888671875,10178.689453125,74.8994140625
2014-01-09,10234.189453125,10253.5888671875,-19.3994140625
2014-01-10,10290.5888671875,10234.189453125,56.3994140625
2014-01-13,10365.4892578125,10290.5888671875,74.900390625
2014-01-14,10381.9892578125,10365.4892578125,16.5
2014-01-15,10524.9892578125,10381.9892578125,143.0
2014-01-16,10455.4892578125,10524.9892578125,-69.5
2014-01-17,10465.689453125,10455.4892578125,10.2001953125
2014-01-20,10454.0888671875,10465.689453125,-11.6005859375
2014-01-21,10357.3896484375,10454.0888671875,-96.69921875
2014-01-22,10279.689453125,10357.3896484375,-77.7001953125
2014-01-23,10241.189453125,10279.689453125,-38.5
2014-01-24,9868.890625,10241.189453125,-372.298828125
2014-01-27,9758.390625,9868.890625,-110.5
2014-01-28,9879.08984375,9758.390625,120.69921875
2014-01-29,9896.1904296875,9879.08984375,17.1005859375
2014-01-30,9964.490234375,9896.1904296875,68.2998046875
2014-01-31,9920.1904296875,9964.490234375,-44.2998046875
2014-02-03,9725.390625,9920.1904296875,-194.7998046875
2014-02-04,9754.2900390625,9725.390625,28.8994140625
2014-02-05,9774.990234375,9754.2900390625,20.7001953125
2014-02-06,9964.58984375,9774.990234375,189.599609375
2014-02-07,10072.390625,9964.58984375,107.80078125
2014-02-10,9982.6904296875,10072.390625,-89.7001953125
2014-02-11,10091.1904296875,9982.6904296875,108.5
2014-02-12,10080.7900390625,10091.1904296875,-10.400390625
2014-02-13,10098.890625,10080.7900390625,18.1005859375
2014-02-14,10132.7890625,10098.890625,33.8984375
2014-02-17,10118.58984375,10132.7890625,-14.19921875
2014-02-18,10042.6904296875,10118.58984375,-75.8994140625
2014-02-19,10053.7900390625,10042.6904296875,11.099609375
2014-02-20,10062.1904296875,10053.7900390625,8.400390625
2014-02-21,10070.990234375,10062.1904296875,8.7998046875
2014-02-24,10193.0888671875,10070.990234375,122.0986328125
2014-02-25,10242.4892578125,10193.0888671875,49.400390625
2014-02-26,10224.2890625,10242.4892578125,-18.2001953125
2014-02-27,10164.0888671875,10224.2890625,-60.2001953125
2014-02-28,10114.1904296875,10164.0888671875,-49.8984375
2014-03-03,9878.6904296875,10114.1904296875,-235.5
2014-03-04,10126.689453125,9878.6904296875,247.9990234375
2014-03-05,10215.189453125,10126.689453125,88.5
2014-03-06,10303.9892578125,10215.189453125,88.7998046875
2014-03-07,10164.189453125,10303.9892578125,-139.7998046875
2014-03-10,10194.5888671875,10164.189453125,30.3994140625
2014-03-11,10163.2890625,10194.5888671875,-31.2998046875
2014-03-12,10070.390625,10163.2890625,-92.8984375
2014-03-13,9950.2900390625,10070.390625,-120.1005859375
2014-03-14,9811.990234375,9950.2900390625,-138.2998046875
2014-03-17,9974.990234375,9811.990234375,163.0
2014-03-18,10051.390625,9974.990234375,76.400390625
2014-03-19,10093.2900390625,10051.390625,41.8994140625
2014-03-20,10079.890625,10093.2900390625,-13.3994140625
2014-03-21,10053.08984375,10079.890625,-26.80078125
2014-03-24,9913.08984375,10053.08984375,-140.0
2014-03-25,9990.490234375,9913.08984375,77.400390625
2014-03-26,10140.7890625,9990.490234375,150.298828125
2014-03-27,10198.9892578125,10140.7890625,58.2001953125
2014-03-28,10328.8896484375,10198.9892578125,129.900390625
2014-03-31,10340.4892578125,10328.8896484375,11.599609375
2014-04-01,10463.0888671875,10340.4892578125,122.599609375
2014-04-02,10435.7890625,10463.0888671875,-27.2998046875
2014-04-03,10584.0888671875,10435.7890625,148.2998046875
2014-04-04,10677.189453125,10584.0888671875,93.1005859375
2014-04-07,10606.189453125,10677.189453125,-71.0
2014-04-08,10480.4892578125,10606.189453125,-125.7001953125
2014-04-09,10485.189453125,10480.4892578125,4.7001953125
2014-04-10,10336.0888671875,10485.189453125,-149.1005859375
2014-04-11,10205.3896484375,10336.0888671875,-130.69921875
2014-04-14,10188.189453125,10205.3896484375,-17.2001953125
2014-04-15,10103.490234375,10188.189453125,-84.69921875
2014-04-16,10267.8896484375,10103.490234375,164.3994140625
2014-04-17,10292.3896484375,10267.8896484375,24.5
2014-04-22,10437.7890625,10292.3896484375,145.3994140625
2014-04-23,10424.3896484375,10437.7890625,-13.3994140625
2014-04-24,10461.9892578125,10424.3896484375,37.599609375
2014-04-25,10306.189453125,10461.9892578125,-155.7998046875
2014-04-28,10320.8896484375,10306.189453125,14.7001953125
2014-04-29,10460.9892578125,10320.8896484375,140.099609375
2014-04-30,10458.9892578125,10460.9892578125,-2.0
2014-05-02,10474.4892578125,10458.9892578125,15.5
2014-05-05,10476.9892578125,10474.4892578125,2.5
2014-05-06,10481.3896484375,10476.9892578125,4.400390625
2014-05-07,10413.7890625,10481.3896484375,-67.6005859375
2014-05-08,10591.189453125,10413.7890625,177.400390625
2014-05-09,10487.189453125,10591.189453125,-104.0
2014-05-12,10566.9892578125,10487.189453125,79.7998046875
2014-05-13,10587.189453125,10566.9892578125,20.2001953125
2014-05-14,10613.8896484375,10587.189453125,26.7001953125
2014-05-15,10364.9892578125,10613.8896484375,-248.900390625
2014-05-16,10478.689453125,10364.9892578125,113.7001953125
2014-05-19,10425.4892578125,10478.689453125,-53.2001953125
2014-05-20,10453.7890625,10425.4892578125,28.2998046875
2014-05-21,10531.3896484375,10453.7890625,77.6005859375
2014-05-22,10520.5888671875,10531.3896484375,-10.80078125
2014-05-23,10558.8896484375,10520.5888671875,38.30078125
2014-05-26,10687.4892578125,10558.8896484375,128.599609375
2014-05-27,10714.189453125,10687.4892578125,26.7001953125
2014-05-28,10757.189453125,10714.189453125,43.0
2014-05-29,10734.7890625,10757.189453125,-22.400390625
2014-05-30,10798.689453125,10734.7890625,63.900390625
2014-06-02,10827.3896484375,10798.689453125,28.7001953125
2014-06-03,10776.689453125,10827.3896484375,-50.7001953125
2014-06-04,10755.5888671875,10776.689453125,-21.1005859375
2014-06-05,10876.3896484375,10755.5888671875,120.80078125
2014-06-06,11064.2890625,10876.3896484375,187.8994140625
2014-06-09,11164.087890625,11064.2890625,99.798828125
2014-06-10,11153.48828125,11164.087890625,-10.599609375
2014-06-11,11074.8896484375,11153.48828125,-78.5986328125
2014-06-12,11088.48828125,11074.8896484375,13.5986328125
2014-06-13,11113.6884765625,11088.48828125,25.2001953125
2014-06-16,11008.189453125,11113.6884765625,-105.4990234375
2014-06-17,11058.4892578125,11008.189453125,50.2998046875
2014-06-18,11112.2880859375,11058.4892578125,53.798828125
2014-06-19,11187.7880859375,11112.2880859375,75.5
2014-06-20,11155.087890625,11187.7880859375,-32.7001953125
2014-06-23,11118.2880859375,11155.087890625,-36.7998046875
2014-06-24,11105.888671875,11118.2880859375,-12.3994140625
2014-06-25,10966.689453125,11105.888671875,-139.19921875
2014-06-26,10988.9892578125,10966.689453125,22.2998046875
2014-06-27,10959.8896484375,10988.9892578125,-29.099609375
2014-06-30,10923.4892578125,10959.8896484375,-36.400390625
2014-07-01,11007.7890625,10923.4892578125,84.2998046875
2014-07-02,11016.189453125,11007.7890625,8.400390625
2014-07-03,11089.98828125,11016.189453125,73.798828125
2014-07-04,11009.3896484375,11089.98828125,-80.5986328125
2014-07-07,10888.4892578125,11009.3896484375,-120.900390625
2014-07-08,10689.0888671875,10888.4892578125,-199.400390625
2014-07-09,10746.8896484375,10689.0888671875,57.80078125
2014-07-10,10533.5888671875,10746.8896484375,-213.30078125
2014-07-11,10538.7890625,10533.5888671875,5.2001953125
2014-07-14,10606.2890625,10538.7890625,67.5
2014-07-15,10475.8896484375,10606.2890625,-130.3994140625
2014-07-16,10668.3896484375,10475.8896484375,192.5
2014-07-17,10543.2890625,10668.3896484375,-125.1005859375
2014-07-18,10526.9892578125,10543.2890625,-16.2998046875
2014-07-21,10481.9892578125,10526.9892578125,-45.0
2014-07-22,10648.8896484375,10481.9892578125,166.900390625
2014-07-23,10659.0888671875,10648.8896484375,10.19921875
2014-07-24,10860.689453125,10659.0888671875,201.6005859375
2014-07-25,10888.0888671875,10860.689453125,27.3994140625
2014-07-28,10879.7890625,10888.0888671875,-8.2998046875
2014-07-29,10901.189453125,10879.7890625,21.400390625
2014-07-30,10937.3896484375,10901.189453125,36.2001953125
2014-07-31,10707.189453125,10937.3896484375,-230.2001953125
2014-08-01,10513.9892578125,10707.189453125,-193.2001953125
2014-08-04,10496.189453125,10513.9892578125,-17.7998046875
2014-08-05,10353.7890625,10496.189453125,-142.400390625
2014-08-06,10246.189453125,10353.7890625,-107.599609375
2014-08-07,10078.58984375,10246.189453125,-167.599609375
2014-08-08,10104.7900390625,10078.58984375,26.2001953125
2014-08-11,10193.4892578125,10104.7900390625,88.69921875
2014-08-12,10241.4892578125,10193.4892578125,48.0
2014-08-13,10303.9892578125,10241.4892578125,62.5
2014-08-14,10294.7890625,10303.9892578125,-9.2001953125
2014-08-15,10222.189453125,10294.7890625,-72.599609375
2014-08-18,10353.3896484375,10222.189453125,131.2001953125
2014-08-19,10386.4892578125,10353.3896484375,33.099609375
2014-08-20,10420.8896484375,10386.4892578125,34.400390625
2014-08-21,10556.3896484375,10420.8896484375,135.5
2014-08-22,10500.189453125,10556.3896484375,-56.2001953125
2014-08-25,10690.0888671875,10500.189453125,189.8994140625
2014-08-26,10826.8896484375,10690.0888671875,136.80078125
2014-08-27,10837.3896484375,10826.8896484375,10.5
2014-08-28,10722.189453125,10837.3896484375,-115.2001953125
2014-08-29,10728.7890625,10722.189453125,6.599609375
2014-09-01,10746.4892578125,10728.7890625,17.7001953125
2014-09-02,10754.9892578125,10746.4892578125,8.5
2014-09-03,10886.7890625,10754.9892578125,131.7998046875
2014-09-04,11100.087890625,10886.7890625,213.298828125
2014-09-05,11148.888671875,11100.087890625,48.80078125
2014-09-08,11102.587890625,11148.888671875,-46.30078125
2014-09-09,10951.5888671875,11102.587890625,-150.9990234375
2014-09-10,10937.7890625,10951.5888671875,-13.7998046875
2014-09-11,10886.2890625,10937.7890625,-51.5
2014-09-12,10888.8896484375,10886.2890625,2.6005859375
2014-09-15,10841.2890625,10888.8896484375,-47.6005859375
2014-09-16,10798.689453125,10841.2890625,-42.599609375
2014-09-17,10907.3896484375,10798.689453125,108.7001953125
2014-09-18,10990.9892578125,10907.3896484375,83.599609375
2014-09-19,11001.8896484375,10990.9892578125,10.900390625
2014-09-22,10947.8896484375,11001.8896484375,-54.0
2014-09-23,10801.7890625,10947.8896484375,-146.1005859375
2014-09-24,10856.8896484375,10801.7890625,55.1005859375
2014-09-25,10783.0888671875,10856.8896484375,-73.80078125
2014-09-26,10851.3896484375,10783.0888671875,68.30078125
2014-09-29,10685.9892578125,10851.3896484375,-165.400390625
2014-09-30,10825.4892578125,10685.9892578125,139.5
2014-10-01,10753.189453125,10825.4892578125,-72.2998046875
2014-10-02,10418.0888671875,10753.189453125,-335.1005859375
2014-10-03,10567.5888671875,10418.0888671875,149.5
2014-10-06,10645.689453125,10567.5888671875,78.1005859375
2014-10-07,10430.689453125,10645.689453125,-215.0
2014-10-08,10338.9892578125,10430.689453125,-91.7001953125
2014-10-09,10273.689453125,10338.9892578125,-65.2998046875
2014-10-10,10150.4892578125,10273.689453125,-123.2001953125
2014-10-13,10187.2890625,10150.4892578125,36.7998046875
2014-10-14,10204.8896484375,10187.2890625,17.6005859375
2014-10-15,9838.490234375,10204.8896484375,-366.3994140625
2014-10-16,9669.6904296875,9838.490234375,-168.7998046875
2014-10-17,9956.7900390625,9669.6904296875,287.099609375
2014-10-20,9915.1904296875,9956.7900390625,-41.599609375
2014-10-21,10152.0888671875,9915.1904296875,236.8984375
2014-10-22,10249.8896484375,10152.0888671875,97.80078125
2014-10-23,10333.689453125,10249.8896484375,83.7998046875
2014-10-24,10339.2890625,10333.689453125,5.599609375
2014-10-27,10195.189453125,10339.2890625,-144.099609375
2014-10-28,10394.7890625,10195.189453125,199.599609375
2014-10-29,10247.7890625,10394.7890625,-147.0
2014-10-30,10263.689453125,10247.7890625,15.900390625
2014-10-31,10477.7890625,10263.689453125,214.099609375
2014-11-03,10374.3896484375,10477.7890625,-103.3994140625
2014-11-04,10154.3896484375,10374.3896484375,-220.0
2014-11-05,10276.8896484375,10154.3896484375,122.5
2014-11-06,10261.7890625,10276.8896484375,-15.1005859375
2014-11-07,10126.2890625,10261.7890625,-135.5
2014-11-10,10272.9892578125,10126.2890625,146.7001953125
2014-11-11,10338.7890625,10272.9892578125,65.7998046875
2014-11-12,10157.2890625,10338.7890625,-181.5
2014-11-13,10140.3896484375,10157.2890625,-16.8994140625
2014-11-14,10147.9892578125,10140.3896484375,7.599609375
2014-11-17,10308.9892578125,10147.9892578125,161.0
2014-11-18,10432.8896484375,10308.9892578125,123.900390625
2014-11-19,10376.7890625,10432.8896484375,-56.1005859375
2014-11-20,10209.189453125,10376.7890625,-167.599609375
2014-11-21,10520.7890625,10209.189453125,311.599609375
2014-11-24,10642.4892578125,10520.7890625,121.7001953125
2014-11-25,10699.5888671875,10642.4892578125,57.099609375
2014-11-26,10646.9892578125,10699.5888671875,-52.599609375
2014-11-27,10727.5888671875,10646.9892578125,80.599609375
2014-11-28,10770.689453125,10727.5888671875,43.1005859375
2014-12-01,10672.7890625,10770.689453125,-97.900390625
2014-12-02,10749.189453125,10672.7890625,76.400390625
2014-12-03,10875.8896484375,10749.189453125,126.7001953125
2014-12-04,10619.8896484375,10875.8896484375,-256.0
2014-12-05,10900.689453125,10619.8896484375,280.7998046875
2014-12-08,10805.189453125,10900.689453125,-95.5
2014-12-09,10461.5888671875,10805.189453125,-343.6005859375
2014-12-10,10396.8896484375,10461.5888671875,-64.69921875
2014-12-11,10431.7890625,10396.8896484375,34.8994140625
2014-12-12,10144.9892578125,10431.7890625,-286.7998046875
2014-12-15,9903.890625,10144.9892578125,-241.0986328125
2014-12-16,10081.890625,9903.890625,178.0
2014-12-17,10049.490234375,10081.890625,-32.400390625
2014-12-18,10391.2890625,10049.490234375,341.798828125
2014-12-19,10363.5888671875,10391.2890625,-27.7001953125
2014-12-22,10370.9892578125,10363.5888671875,7.400390625
2014-12-23,10477.689453125,10370.9892578125,106.7001953125
2014-12-24,10481.7890625,10477.689453125,4.099609375
2014-12-29,10394.189453125,10481.7890625,-87.599609375
2014-12-30,10279.189453125,10394.189453125,-115.0
2014-12-31,10279.4892578125,10279.189453125,0.2998046875
2015-01-02,10350.7890625,10279.4892578125,71.2998046875
2015-01-05,9993.2900390625,10350.7890625,-357.4990234375
2015-01-06,9871.08984375,9993.2900390625,-122.2001953125
2015-01-07,9891.390625,9871.08984375,20.30078125
2015-01-08,10114.990234375,9891.390625,223.599609375
2015-01-09,9718.990234375,10114.990234375,-396.0
2015-01-12,9797.490234375,9718.990234375,78.5
2015-01-13,9965.990234375,9797.490234375,168.5
2015-01-14,9845.990234375,9965.990234375,-120.0
2015-01-15,9982.490234375,9845.990234375,136.5
2015-01-16,10038.890625,9982.490234375,56.400390625
2015-01-19,10157.4892578125,10038.890625,118.5986328125
2015-01-20,10283.8896484375,10157.4892578125,126.400390625
2015-01-21,10335.2890625,10283.8896484375,51.3994140625
2015-01-22,10510.5888671875,10335.2890625,175.2998046875
2015-01-23,10581.4892578125,10510.5888671875,70.900390625
2015-01-26,10696.0888671875,10581.4892578125,114.599609375
2015-01-27,10598.8896484375,10696.0888671875,-97.19921875
2015-01-28,10456.8896484375,10598.8896484375,-142.0
2015-01-29,10507.5888671875,10456.8896484375,50.69921875
2015-01-30,10403.2890625,10507.5888671875,-104.2998046875
2015-02-02,10328.0888671875,10403.2890625,-75.2001953125
2015-02-03,10598.189453125,10328.0888671875,270.1005859375
2015-02-04,10577.7890625,10598.189453125,-20.400390625
2015-02-05,10535.4892578125,10577.7890625,-42.2998046875
2015-02-06,10573.0888671875,10535.4892578125,37.599609375
2015-02-09,10364.8896484375,10573.0888671875,-208.19921875
2015-02-10,10500.0888671875,10364.8896484375,135.19921875
2015-02-11,10364.7890625,10500.0888671875,-135.2998046875
2015-02-12,10562.189453125,10364.7890625,197.400390625
2015-02-13,10739.4892578125,10562.189453125,177.2998046875
2015-02-16,10689.4892578125,10739.4892578125,-50.0
2015-02-17,10697.9892578125,10689.4892578125,8.5
2015-02-18,10805.2890625,10697.9892578125,107.2998046875
2015-02-19,10910.3896484375,10805.2890625,105.1005859375
2015-02-20,10879.2890625,10910.3896484375,-31.1005859375
2015-02-23,10990.0888671875,10879.2890625,110.7998046875
2015-02-24,11064.4892578125,10990.0888671875,74.400390625
2015-02-25,11049.4892578125,11064.4892578125,-15.0
2015-02-26,11139.48828125,11049.4892578125,89.9990234375
2015-02-27,11178.2880859375,11139.48828125,38.7998046875
2015-03-02,11178.48828125,11178.2880859375,0.2001953125
2015-03-03,11014.689453125,11178.48828125,-163.798828125
2015-03-04,11051.2890625,11014.689453125,36.599609375
2015-03-05,11124.388671875,11051.2890625,73.099609375
2015-03-06,11091.888671875,11124.388671875,-32.5
2015-03-09,11054.189453125,11091.888671875,-37.69921875
2015-03-10,10902.189453125,11054.189453125,-152.0
2015-03-11,11021.7890625,10902.189453125,119.599609375
2015-03-12,11011.7890625,11021.7890625,-10.0
2015-03-13,11033.7890625,11011.7890625,22.0
2015-03-16,11114.6884765625,11033.7890625,80.8994140625
2015-03-17,11028.0888671875,11114.6884765625,-86.599609375
2015-03-18,11049.9892578125,11028.0888671875,21.900390625
2015-03-19,11090.98828125,11049.9892578125,40.9990234375
2015-03-20,11419.587890625,11090.98828125,328.599609375
2015-03-23,11452.7880859375,11419.587890625,33.2001953125
2015-03-24,11579.2880859375,11452.7880859375,126.5
2015-03-25,11464.6884765625,11579.2880859375,-114.599609375
2015-03-26,11453.7880859375,11464.6884765625,-10.900390625
2015-03-27,11427.388671875,11453.7880859375,-26.3994140625
2015-03-30,11529.087890625,11427.388671875,101.69921875
2015-03-31,11521.087890625,11529.087890625,-8.0
2015-04-01,11569.7880859375,11521.087890625,48.7001953125
2015-04-02,11633.98828125,11569.7880859375,64.2001953125
2015-04-07,11730.48828125,11633.98828125,96.5
2015-04-08,11655.48828125,11730.48828125,-75.0
2015-04-09,11734.587890625,11655.48828125,79.099609375
2015-04-10,11749.2880859375,11734.587890625,14.7001953125
2015-04-13,11866.388671875,11749.2880859375,117.1005859375
2015-04-14,11704.6884765625,11866.388671875,-161.7001953125
2015-04-15,11778.388671875,11704.6884765625,73.7001953125
2015-04-16,11611.6884765625,11778.388671875,-166.7001953125
2015-04-17,11359.388671875,11611.6884765625,-252.2998046875
2015-04-20,11384.587890625,11359.388671875,25.19921875
2015-04-21,11422.2880859375,11384.587890625,37.7001953125
2015-04-22,11399.1884765625,11422.2880859375,-23.099609375
2015-04-23,11425.7880859375,11399.1884765625,26.599609375
2015-04-24,11505.388671875,11425.7880859375,79.6005859375
2015-04-27,11640.1884765625,11505.388671875,134.7998046875
2015-04-28,11607.6884765625,11640.1884765625,-32.5
2015-04-29,11378.888671875,11607.6884765625,-228.7998046875
2015-04-30,11384.98828125,11378.888671875,6.099609375
2015-05-04,11429.087890625,11384.98828125,44.099609375
2015-05-05,11115.587890625,11429.087890625,-313.5
2015-05-06,11163.587890625,11115.587890625,48.0
2015-05-07,11180.2880859375,11163.587890625,16.7001953125
2015-05-08,11424.6884765625,11180.2880859375,244.400390625
2015-05-11,11445.7880859375,11424.6884765625,21.099609375
2015-05-12,11322.587890625,11445.7880859375,-123.2001953125
2015-05-13,11324.587890625,11322.587890625,2.0
2015-05-14,11398.6884765625,11324.587890625,74.1005859375
2015-05-15,11317.2880859375,11398.6884765625,-81.400390625
2015-05-18,11344.98828125,11317.2880859375,27.7001953125
2015-05-19,11497.6884765625,11344.98828125,152.7001953125
2015-05-20,11574.087890625,11497.6884765625,76.3994140625
2015-05-21,11595.388671875,11574.087890625,21.30078125
2015-05-22,11554.1884765625,11595.388671875,-41.2001953125
2015-05-25,11322.2880859375,11554.1884765625,-231.900390625
2015-05-26,11240.2880859375,11322.2880859375,-82.0
2015-05-27,11431.087890625,11240.2880859375,190.7998046875
2015-05-28,11382.7880859375,11431.087890625,-48.2998046875
2015-05-29,11217.587890625,11382.7880859375,-165.2001953125
2015-06-01,11238.087890625,11217.587890625,20.5
2015-06-02,11271.388671875,11238.087890625,33.30078125
2015-06-03,11267.587890625,11271.388671875,-3.80078125
2015-06-04,11146.087890625,11267.587890625,-121.5
2015-06-05,11061.9892578125,11146.087890625,-84.0986328125
2015-06-08,10917.2890625,11061.9892578125,-144.7001953125
2015-06-09,10938.0888671875,10917.2890625,20.7998046875
2015-06-10,11097.48828125,10938.0888671875,159.3994140625
2015-06-11,11156.6884765625,11097.48828125,59.2001953125
2015-06-12,11030.4892578125,11156.6884765625,-126.19921875
2015-06-15,10842.0888671875,11030.4892578125,-188.400390625
2015-06-16,10871.3896484375,10842.0888671875,29.30078125
2015-06-17,10813.3896484375,10871.3896484375,-58.0
2015-06-18,10871.8896484375,10813.3896484375,58.5
2015-06-19,10944.2890625,10871.8896484375,72.3994140625
2015-06-22,11368.1884765625,10944.2890625,423.8994140625
2015-06-23,11402.48828125,11368.1884765625,34.2998046875
2015-06-24,11321.888671875,11402.48828125,-80.599609375
2015-06-25,11308.388671875,11321.888671875,-13.5
2015-06-26,11372.2880859375,11308.388671875,63.8994140625
2015-06-29,10853.8896484375,11372.2880859375,-518.3984375
2015-06-30,10769.4892578125,10853.8896484375,-84.400390625
2015-07-01,10911.4892578125,10769.4892578125,142.0
2015-07-02,10846.3896484375,10911.4892578125,-65.099609375
2015-07-03,10779.7890625,10846.3896484375,-66.6005859375
2015-07-06,10540.0888671875,10779.7890625,-239.7001953125
2015-07-07,10345.9892578125,10540.0888671875,-194.099609375
2015-07-08,10430.2890625,10345.9892578125,84.2998046875
2015-07-09,10706.3896484375,10430.2890625,276.1005859375
2015-07-10,11036.0888671875,10706.3896484375,329.69921875
2015-07-13,11224.1884765625,11036.0888671875,188.099609375
2015-07-14,11258.2880859375,11224.1884765625,34.099609375
2015-07-15,11335.6884765625,11258.2880859375,77.400390625
2015-07-16,11510.587890625,11335.6884765625,174.8994140625
2015-07-17,11480.6884765625,11510.587890625,-29.8994140625
2015-07-20,11556.087890625,11480.6884765625,75.3994140625
2015-07-21,11458.587890625,11556.087890625,-97.5
2015-07-22,11484.2880859375,11458.587890625,25.7001953125
2015-07-23,11441.888671875,11484.2880859375,-42.3994140625
2015-07-24,11309.2880859375,11441.888671875,-132.6005859375
2015-07-27,11145.388671875,11309.2880859375,-163.8994140625
2015-07-28,11252.388671875,11145.388671875,107.0
2015-07-29,11282.888671875,11252.388671875,30.5
2015-07-30,11168.587890625,11282.888671875,-114.30078125
2015-07-31,11180.6884765625,11168.587890625,12.1005859375
2015-08-03,11265.888671875,11180.6884765625,85.2001953125
2015-08-04,11150.48828125,11265.888671875,-115.400390625
2015-08-05,11279.48828125,11150.48828125,129.0
2015-08-06,11253.587890625,11279.48828125,-25.900390625
2015-08-07,11178.1884765625,11253.587890625,-75.3994140625
2015-08-10,11311.6884765625,11178.1884765625,133.5
2015-08-11,11152.2880859375,11311.6884765625,-159.400390625
2015-08-12,10880.0888671875,11152.2880859375,-272.19921875
2015-08-13,10947.8896484375,10880.0888671875,67.80078125
2015-08-14,10879.2890625,10947.8896484375,-68.6005859375
2015-08-17,10900.2890625,10879.2890625,21.0
2015-08-18,10897.8896484375,10900.2890625,-2.3994140625
2015-08-19,10782.3896484375,10897.8896484375,-115.5
2015-08-20,10586.9892578125,10782.3896484375,-195.400390625
2015-08-21,10271.689453125,10586.9892578125,-315.2998046875
2015-08-24,9756.58984375,10271.689453125,-515.099609375
2015-08-25,10115.390625,9756.58984375,358.80078125
2015-08-26,9984.490234375,10115.390625,-130.900390625
2015-08-27,10290.189453125,9984.490234375,305.69921875
2015-08-28,10352.8896484375,10290.189453125,62.7001953125
2015-08-31,10258.9892578125,10352.8896484375,-93.900390625
2015-09-01,9992.7900390625,10258.9892578125,-266.19921875
2015-09-02,9938.2900390625,9992.7900390625,-54.5
2015-09-03,10042.390625,9938.2900390625,104.1005859375
2015-09-04,9821.7900390625,10042.390625,-220.6005859375
2015-09-07,9805.390625,9821.7900390625,-16.3994140625
2015-09-08,9866.1904296875,9805.390625,60.7998046875
2015-09-09,10037.7900390625,9866.1904296875,171.599609375
2015-09-10,9858.990234375,10037.7900390625,-178.7998046875
2015-09-11,9737.890625,9858.990234375,-121.099609375
2015-09-14,9696.390625,9737.890625,-41.5
2015-09-15,9782.490234375,9696.390625,86.099609375
2015-09-16,9976.7900390625,9782.490234375,194.2998046875
2015-09-17,10106.58984375,9976.7900390625,129.7998046875
2015-09-18,9847.1904296875,10106.58984375,-259.3994140625
2015-09-21,9856.7900390625,9847.1904296875,9.599609375
2015-09-22,9550.1904296875,9856.7900390625,-306.599609375
2015-09-23,9474.58984375,9550.1904296875,-75.6005859375
2015-09-24,9291.390625,9474.58984375,-183.19921875
2015-09-25,9519.490234375,9291.390625,228.099609375
2015-09-28,9394.1904296875,9519.490234375,-125.2998046875
2015-09-29,9393.890625,9394.1904296875,-0.2998046875
2015-09-30,9559.890625,9393.890625,166.0
2015-10-01,9567.2900390625,9559.890625,7.3994140625
2015-10-02,9603.58984375,9567.2900390625,36.2998046875
2015-10-05,9971.2900390625,9603.58984375,367.7001953125
2015-10-06,10103.2900390625,9971.2900390625,132.0
2015-10-07,10169.9892578125,10103.2900390625,66.69921875
2015-10-08,10181.189453125,10169.9892578125,11.2001953125
2015-10-09,10309.5888671875,10181.189453125,128.3994140625
2015-10-12,10246.3896484375,10309.5888671875,-63.19921875
2015-10-13,10115.2900390625,10246.3896484375,-131.099609375
2015-10-14,10037.58984375,10115.2900390625,-77.7001953125
2015-10-15,10101.6904296875,10037.58984375,64.1005859375
2015-10-16,10231.4892578125,10101.6904296875,129.798828125
2015-10-19,10207.2890625,10231.4892578125,-24.2001953125
2015-10-20,10100.58984375,10207.2890625,-106.69921875
2015-10-21,10157.4892578125,10100.58984375,56.8994140625
2015-10-22,10365.3896484375,10157.4892578125,207.900390625
2015-10-23,10476.2890625,10365.3896484375,110.8994140625
2015-10-26,10478.2890625,10476.2890625,2.0
2015-10-27,10322.3896484375,10478.2890625,-155.8994140625
2015-10-28,10421.8896484375,10322.3896484375,99.5
2015-10-29,10397.189453125,10421.8896484375,-24.7001953125
2015-10-30,10360.689453125,10397.189453125,-36.5
2015-11-02,10418.189453125,10360.689453125,57.5
2015-11-03,10465.189453125,10418.189453125,47.0
2015-11-04,10473.4892578125,10465.189453125,8.2998046875
2015-11-05,10431.189453125,10473.4892578125,-42.2998046875
2015-11-06,10453.189453125,10431.189453125,22.0
2015-11-09,10325.189453125,10453.189453125,-128.0
2015-11-10,10336.7890625,10325.189453125,11.599609375
2015-11-11,10377.189453125,10336.7890625,40.400390625
2015-11-12,10143.9892578125,10377.189453125,-233.2001953125
2015-11-13,10111.390625,10143.9892578125,-32.5986328125
2015-11-16,10124.4892578125,10111.390625,13.0986328125
2015-11-17,10363.7890625,10124.4892578125,239.2998046875
2015-11-18,10261.0888671875,10363.7890625,-102.7001953125
2015-11-19,10354.689453125,10261.0888671875,93.6005859375
2015-11-20,10290.2890625,10354.689453125,-64.400390625
2015-11-23,10277.3896484375,10290.2890625,-12.8994140625
2015-11-24,10207.189453125,10277.3896484375,-70.2001953125
2015-11-25,10227.2890625,10207.189453125,20.099609375
2015-11-26,10332.2890625,10227.2890625,105.0
2015-11-27,10310.689453125,10332.2890625,-21.599609375
2015-11-30,10386.8896484375,10310.689453125,76.2001953125
2015-12-01,10379.189453125,10386.8896484375,-7.7001953125
2015-12-02,10341.9892578125,10379.189453125,-37.2001953125
2015-12-03,10092.890625,10341.9892578125,-249.0986328125
2015-12-04,10078.6904296875,10092.890625,-14.2001953125
2015-12-07,10042.390625,10078.6904296875,-36.2998046875
2015-12-08,9837.08984375,10042.390625,-205.30078125
2015-12-09,9835.490234375,9837.08984375,-1.599609375
2015-12-10,9778.6904296875,9835.490234375,-56.7998046875
2015-12-11,9630.6904296875,9778.6904296875,-148.0
2015-12-14,9428.490234375,9630.6904296875,-202.2001953125
2015-12-15,9711.58984375,9428.490234375,283.099609375
2015-12-16,9710.990234375,9711.58984375,-0.599609375
2015-12-17,9878.490234375,9710.990234375,167.5
2015-12-18,9717.08984375,9878.490234375,-161.400390625
2015-12-21,9365.7900390625,9717.08984375,-351.2998046875
2015-12-22,9415.58984375,9365.7900390625,49.7998046875
2015-12-23,9640.990234375,9415.58984375,225.400390625
2015-12-24,9682.890625,9640.990234375,41.900390625
2015-12-28,9552.490234375,9682.890625,-130.400390625
2015-12-29,9670.390625,9552.490234375,117.900390625
2015-12-30,9641.890625,9670.390625,-28.5
2015-12-31,9544.1904296875,9641.890625,-97.7001953125
2016-01-04,9313.1904296875,9544.1904296875,-231.0
2016-01-05,9335.1904296875,9313.1904296875,22.0
2016-01-06,9197.390625,9335.1904296875,-137.7998046875
2016-01-07,9059.291015625,9197.390625,-138.099609375
2016-01-08,8909.19140625,9059.291015625,-150.099609375
2016-01-11,8886.0908203125,8909.19140625,-23.1005859375
2016-01-12,8915.3916015625,8886.0908203125,29.30078125
2016-01-13,8934.4912109375,8915.3916015625,19.099609375
2016-01-14,8787.69140625,8934.4912109375,-146.7998046875
2016-01-15,8543.5908203125,8787.69140625,-244.1005859375
2016-01-18,8469.291015625,8543.5908203125,-74.2998046875
2016-01-19,8554.8916015625,8469.291015625,85.6005859375
2016-01-20,8281.3916015625,8554.8916015625,-273.5
2016-01-21,8444.19140625,8281.3916015625,162.7998046875
2016-01-22,8722.8916015625,8444.19140625,278.7001953125
2016-01-25,8567.69140625,8722.8916015625,-155.2001953125
2016-01-26,8692.4912109375,8567.69140625,124.7998046875
2016-01-27,8740.9912109375,8692.4912109375,48.5
2016-01-28,8590.5908203125,8740.9912109375,-150.400390625
2016-01-29,8815.791015625,8590.5908203125,225.2001953125
2016-02-01,8788.4912109375,8815.791015625,-27.2998046875
2016-02-02,8528.69140625,8788.4912109375,-259.7998046875
2016-02-03,8314.4912109375,8528.69140625,-214.2001953125
2016-02-04,8468.0908203125,8314.4912109375,153.599609375
2016-02-05,8499.4912109375,8468.0908203125,31.400390625
2016-02-08,8122.091796875,8499.4912109375,-377.3994140625
2016-02-09,7927.59228515625,8122.091796875,-194.49951171875
2016-02-10,8143.69189453125,7927.59228515625,216.099609375
2016-02-11,7746.2919921875,8143.69189453125,-397.39990234375
2016-02-12,7920.7919921875,7746.2919921875,174.5
2016-02-15,8179.19189453125,7920.7919921875,258.39990234375
2016-02-16,8137.591796875,8179.19189453125,-41.60009765625
2016-02-17,8364.8916015625,8137.591796875,227.2998046875
2016-02-18,8295.3916015625,8364.8916015625,-69.5
2016-02-19,8194.19140625,8295.3916015625,-101.2001953125
2016-02-22,8386.9912109375,8194.19140625,192.7998046875
2016-02-23,8267.5908203125,8386.9912109375,-119.400390625
2016-02-24,8013.69189453125,8267.5908203125,-253.89892578125
2016-02-25,8215.5908203125,8013.69189453125,201.89892578125
2016-02-26,8349.19140625,8215.5908203125,133.6005859375
2016-02-29,8461.3916015625,8349.19140625,112.2001953125
2016-03-01,8610.9912109375,8461.3916015625,149.599609375
2016-03-02,8764.4912109375,8610.9912109375,153.5
2016-03-03,8766.9912109375,8764.4912109375,2.5
2016-03-04,8811.5908203125,8766.9912109375,44.599609375
2016-03-07,8786.791015625,8811.5908203125,-24.7998046875
2016-03-08,8740.291015625,8786.791015625,-46.5
2016-03-09,8761.0908203125,8740.291015625,20.7998046875
2016-03-10,8766.8916015625,8761.0908203125,5.80078125
2016-03-11,9090.5908203125,8766.8916015625,323.69921875
2016-03-14,9142.69140625,9090.5908203125,52.1005859375
2016-03-15,8988.291015625,9142.69140625,-154.400390625
2016-03-16,8962.791015625,8988.291015625,-25.5
2016-03-17,8978.791015625,8962.791015625,16.0
2016-03-18,9051.0908203125,8978.791015625,72.2998046875
2016-03-21,9020.9912109375,9051.0908203125,-30.099609375
2016-03-22,8991.9912109375,9020.9912109375,-29.0
2016-03-23,8927.0908203125,8991.9912109375,-64.900390625
2016-03-24,8789.791015625,8927.0908203125,-137.2998046875
2016-03-29,8808.291015625,8789.791015625,18.5
2016-03-30,8870.19140625,8808.291015625,61.900390625
2016-03-31,8723.0908203125,8870.19140625,-147.1005859375
2016-04-01,8602.291015625,8723.0908203125,-120.7998046875
2016-04-04,8597.4912109375,8602.291015625,-4.7998046875
2016-04-05,8387.69140625,8597.4912109375,-209.7998046875
2016-04-06,8398.5908203125,8387.69140625,10.8994140625
2016-04-07,8292.8916015625,8398.5908203125,-105.69921875
2016-04-08,8427.5908203125,8292.8916015625,134.69921875
2016-04-11,8497.5908203125,8427.5908203125,70.0
2016-04-12,8546.291015625,8497.5908203125,48.7001953125
2016-04-13,8820.69140625,8546.291015625,274.400390625
2016-04-14,8861.4912109375,8820.69140625,40.7998046875
2016-04-15,8850.8916015625,8861.4912109375,-10.599609375
2016-04-18,8881.5908203125,8850.8916015625,30.69921875
2016-04-19,8971.291015625,8881.5908203125,89.7001953125
2016-04-20,9147.19140625,8971.291015625,175.900390625
2016-04-21,9197.1904296875,9147.19140625,49.9990234375
2016-04-22,9232.7900390625,9197.1904296875,35.599609375
2016-04-25,9139.9912109375,9232.7900390625,-92.798828125
2016-04-26,9282.990234375,9139.9912109375,142.9990234375
2016-04-27,9332.58984375,9282.990234375,49.599609375
2016-04-28,9268.990234375,9332.58984375,-63.599609375
2016-04-29,9025.69140625,9268.990234375,-243.298828125
2016-05-02,9022.0908203125,9025.69140625,-3.6005859375
2016-05-03,8764.8916015625,9022.0908203125,-257.19921875
2016-05-04,8654.291015625,8764.8916015625,-110.6005859375
2016-05-05,8689.3916015625,8654.291015625,35.1005859375
2016-05-06,8702.0908203125,8689.3916015625,12.69921875
2016-05-09,8660.791015625,8702.0908203125,-41.2998046875
2016-05-10,8775.19140625,8660.791015625,114.400390625
2016-05-11,8663.8916015625,8775.19140625,-111.2998046875
2016-05-12,8663.0908203125,8663.8916015625,-0.80078125
2016-05-13,8721.4912109375,8663.0908203125,58.400390625
2016-05-16,8682.0908203125,8721.4912109375,-39.400390625
2016-05-17,8698.69140625,8682.0908203125,16.6005859375
2016-05-18,8775.0908203125,8698.69140625,76.3994140625
2016-05-19,8674.69140625,8775.0908203125,-100.3994140625
2016-05-20,8771.19140625,8674.69140625,96.5
2016-05-23,8713.9912109375,8771.19140625,-57.2001953125
2016-05-24,8918.0908203125,8713.9912109375,204.099609375
2016-05-25,9124.9912109375,8918.0908203125,206.900390625
2016-05-26,9079.19140625,9124.9912109375,-45.7998046875
2016-05-27,9107.291015625,9079.19140625,28.099609375
2016-05-30,9116.8916015625,9107.291015625,9.6005859375
2016-05-31,9033.9912109375,9116.8916015625,-82.900390625
2016-06-01,8916.8916015625,9033.9912109375,-117.099609375
2016-06-02,8957.8916015625,8916.8916015625,41.0
2016-06-03,8801.5908203125,8957.8916015625,-156.30078125
2016-06-06,8823.4912109375,8801.5908203125,21.900390625
2016-06-07,8894.4912109375,8823.4912109375,71.0
2016-06-08,8831.3916015625,8894.4912109375,-63.099609375
2016-06-09,8769.4912109375,8831.3916015625,-61.900390625
2016-06-10,8490.4912109375,8769.4912109375,-279.0
2016-06-13,8303.791015625,8490.4912109375,-186.7001953125
2016-06-14,8126.69189453125,8303.791015625,-177.09912109375
2016-06-15,8250.791015625,8126.69189453125,124.09912109375
2016-06-16,8199.8916015625,8250.791015625,-50.8994140625
2016-06-17,8361.9912109375,8199.8916015625,162.099609375
2016-06-20,8647.0908203125,8361.9912109375,285.099609375
2016-06-21,8667.291015625,8647.0908203125,20.2001953125
2016-06-22,8701.9912109375,8667.291015625,34.7001953125
2016-06-23,8885.291015625,8701.9912109375,183.2998046875
2016-06-24,7787.7001953125,8885.291015625,-1097.5908203125
2016-06-27,7645.5,7787.7001953125,-142.2001953125
2016-06-28,7835.0,7645.5,189.5
2016-06-29,8105.2998046875,7835.0,270.2998046875
2016-06-30,8163.2998046875,8105.2998046875,58.0
2016-07-01,8268.900390625,8163.2998046875,105.6005859375
2016-07-04,8255.900390625,8268.900390625,-13.0
2016-07-05,8067.60009765625,8255.900390625,-188.30029296875
2016-07-06,7926.2001953125,8067.60009765625,-141.39990234375
2016-07-07,8008.2001953125,7926.2001953125,82.0
2016-07-08,8185.89990234375,8008.2001953125,177.69970703125
2016-07-11,8305.099609375,8185.89990234375,119.19970703125
2016-07-12,8506.0,8305.099609375,200.900390625
2016-07-13,8473.900390625,8506.0,-32.099609375
2016-07-14,8552.2998046875,8473.900390625,78.3994140625
2016-07-15,8531.0,8552.2998046875,-21.2998046875
2016-07-18,8524.400390625,8531.0,-6.599609375
2016-07-19,8485.2001953125,8524.400390625,-39.2001953125
2016-07-20,8575.5,8485.2001953125,90.2998046875
2016-07-21,8583.599609375,8575.5,8.099609375
2016-07-22,8599.900390625,8583.599609375,16.30078125
2016-07-25,8575.7001953125,8599.900390625,-24.2001953125
2016-07-26,8560.2001953125,8575.7001953125,-15.5
2016-07-27,8661.400390625,8560.2001953125,101.2001953125
2016-07-28,8479.2001953125,8661.400390625,-182.2001953125
2016-07-29,8587.2001953125,8479.2001953125,108.0
2016-08-01,8513.400390625,8587.2001953125,-73.7998046875
2016-08-02,8277.2998046875,8513.400390625,-236.1005859375
2016-08-03,8263.5,8277.2998046875,-13.7998046875
2016-08-04,8385.5,8263.5,122.0
2016-08-05,8539.400390625,8385.5,153.900390625
2016-08-08,8562.5,8539.400390625,23.099609375
2016-08-09,8665.400390625,8562.5,102.900390625
2016-08-10,8658.900390625,8665.400390625,-6.5
2016-08-11,8719.5,8658.900390625,60.599609375
2016-08-12,8716.400390625,8719.5,-3.099609375
2016-08-15,8720.599609375,8716.400390625,4.19921875
2016-08-16,8621.7001953125,8720.599609375,-98.8994140625
2016-08-17,8487.0,8621.7001953125,-134.7001953125
2016-08-18,8550.099609375,8487.0,63.099609375
2016-08-19,8450.599609375,8550.099609375,-99.5
2016-08-22,8468.0,8450.599609375,17.400390625
2016-08-23,8580.900390625,8468.0,112.900390625
2016-08-24,8655.5,8580.900390625,74.599609375
2016-08-25,8599.5,8655.5,-56.0
2016-08-26,8659.5,8599.5,60.0
2016-08-29,8616.400390625,8659.5,-43.099609375
2016-08-30,8685.400390625,8616.400390625,69.0
2016-08-31,8716.7998046875,8685.400390625,31.3994140625
2016-09-01,8762.7998046875,8716.7998046875,46.0
2016-09-02,8908.900390625,8762.7998046875,146.1005859375
2016-09-05,8953.2998046875,8908.900390625,44.3994140625
2016-09-06,8899.5,8953.2998046875,-53.7998046875
2016-09-07,9015.2998046875,8899.5,115.7998046875
2016-09-08,9101.099609375,9015.2998046875,85.7998046875
2016-09-09,9025.5,9101.099609375,-75.599609375
2016-09-12,8866.599609375,9025.5,-158.900390625
2016-09-13,8724.2001953125,8866.599609375,-142.3994140625
2016-09-14,8702.400390625,8724.2001953125,-21.7998046875
2016-09-15,8720.5,8702.400390625,18.099609375
2016-09-16,8633.400390625,8720.5,-87.099609375
2016-09-19,8715.5,8633.400390625,82.099609375
2016-09-20,8686.099609375,8715.5,-29.400390625
2016-09-21,8758.5,8686.099609375,72.400390625
2016-09-22,8934.900390625,8758.5,176.400390625
2016-09-23,8823.599609375,8934.900390625,-111.30078125
2016-09-26,8711.400390625,8823.599609375,-112.19921875
2016-09-27,8688.2001953125,8711.400390625,-23.2001953125
2016-09-28,8740.400390625,8688.2001953125,52.2001953125
2016-09-29,8796.2998046875,8740.400390625,55.8994140625
2016-09-30,8779.400390625,8796.2998046875,-16.8994140625
2016-10-03,8751.599609375,8779.400390625,-27.80078125
2016-10-04,8769.0,8751.599609375,17.400390625
2016-10-05,8778.2998046875,8769.0,9.2998046875
2016-10-06,8757.400390625,8778.2998046875,-20.8994140625
2016-10-07,8624.2998046875,8757.400390625,-133.1005859375
2016-10-10,8701.5,8624.2998046875,77.2001953125
2016-10-11,8693.2001953125,8701.5,-8.2998046875
2016-10-12,8686.5,8693.2001953125,-6.7001953125
2016-10-13,8608.7001953125,8686.5,-77.7998046875
2016-10-14,8767.900390625,8608.7001953125,159.2001953125
2016-10-17,8740.7001953125,8767.900390625,-27.2001953125
2016-10-18,8865.2998046875,8740.7001953125,124.599609375
2016-10-19,8950.099609375,8865.2998046875,84.7998046875
2016-10-20,9061.2001953125,8950.099609375,111.1005859375
2016-10-21,9100.400390625,9061.2001953125,39.2001953125
2016-10-24,9216.2001953125,9100.400390625,115.7998046875
2016-10-25,9139.7001953125,9216.2001953125,-76.5
2016-10-26,9173.2998046875,9139.7001953125,33.599609375
2016-10-27,9197.2001953125,9173.2998046875,23.900390625
2016-10-28,9201.2998046875,9197.2001953125,4.099609375
2016-10-31,9143.2998046875,9201.2998046875,-58.0
2016-11-01,9040.7001953125,9143.2998046875,-102.599609375
2016-11-02,8873.400390625,9040.7001953125,-167.2998046875
2016-11-03,8879.900390625,8873.400390625,6.5
2016-11-04,8791.599609375,8879.900390625,-88.30078125
2016-11-07,8918.7998046875,8791.599609375,127.2001953125
2016-11-08,8937.0,8918.7998046875,18.2001953125
2016-11-09,8901.5,8937.0,-35.5
2016-11-10,8756.7998046875,8901.5,-144.7001953125
2016-11-11,8639.2001953125,8756.7998046875,-117.599609375
2016-11-14,8658.2001953125,8639.2001953125,19.0
2016-11-15,8687.099609375,8658.2001953125,28.8994140625
2016-11-16,8638.5,8687.099609375,-48.599609375
2016-11-17,8718.0,8638.5,79.5
2016-11-18,8622.900390625,8718.0,-95.099609375
2016-11-21,8614.599609375,8622.900390625,-8.30078125
2016-11-22,8651.5,8614.599609375,36.900390625
2016-11-23,8627.5,8651.5,-24.0
2016-11-24,8657.2001953125,8627.5,29.7001953125
2016-11-25,8674.400390625,8657.2001953125,17.2001953125
2016-11-28,8619.2998046875,8674.400390625,-55.1005859375
2016-11-29,8667.0,8619.2998046875,47.7001953125
2016-11-30,8688.2001953125,8667.0,21.2001953125
2016-12-01,8669.2001953125,8688.2001953125,-19.0
2016-12-02,8607.099609375,8669.2001953125,-62.1005859375
2016-12-05,8664.7001953125,8607.099609375,57.6005859375
2016-12-06,8893.2998046875,8664.7001953125,228.599609375
2016-12-07,8960.400390625,8893.2998046875,67.1005859375
2016-12-08,9145.400390625,8960.400390625,185.0
2016-12-09,9169.599609375,9145.400390625,24.19921875
2016-12-12,9186.400390625,9169.599609375,16.80078125
2016-12-13,9331.2998046875,9186.400390625,144.8994140625
2016-12-14,9218.400390625,9331.2998046875,-112.8994140625
2016-12-15,9340.7998046875,9218.400390625,122.3994140625
2016-12-16,9412.7998046875,9340.7998046875,72.0
2016-12-19,9336.7001953125,9412.7998046875,-76.099609375
2016-12-20,9407.900390625,9336.7001953125,71.2001953125
2016-12-21,9371.7001953125,9407.900390625,-36.2001953125
2016-12-22,9333.599609375,9371.7001953125,-38.1005859375
2016-12-23,9367.7001953125,9333.599609375,34.1005859375
2016-12-27,9376.599609375,9367.7001953125,8.8994140625
2016-12-28,9344.900390625,9376.599609375,-31.69921875
2016-12-29,9327.099609375,9344.900390625,-17.80078125
2016-12-30,9352.099609375,9327.099609375,25.0
2017-01-03,9494.7001953125,9352.099609375,142.6005859375
2017-01-04,9462.900390625,9494.7001953125,-31.7998046875
2017-01-05,9488.2001953125,9462.900390625,25.2998046875
2017-01-06,9515.900390625,9488.2001953125,27.7001953125
2017-01-09,9492.7998046875,9515.900390625,-23.1005859375
2017-01-10,9452.0,9492.7998046875,-40.7998046875
2017-01-11,9408.599609375,9452.0,-43.400390625
2017-01-12,9407.400390625,9408.599609375,-1.19921875
2017-01-13,9511.599609375,9407.400390625,104.19921875
2017-01-16,9410.0,9511.599609375,-101.599609375
2017-01-17,9394.900390625,9410.0,-15.099609375
2017-01-18,9386.2001953125,9394.900390625,-8.7001953125
2017-01-19,9379.099609375,9386.2001953125,-7.1005859375
2017-01-20,9380.099609375,9379.099609375,1.0
2017-01-23,9304.7998046875,9380.099609375,-75.2998046875
2017-01-24,9387.2001953125,9304.7998046875,82.400390625
2017-01-25,9549.2998046875,9387.2001953125,162.099609375
2017-01-26,9512.7998046875,9549.2998046875,-36.5
2017-01-27,9504.099609375,9512.7998046875,-8.7001953125
2017-01-30,9361.2998046875,9504.099609375,-142.7998046875
2017-01-31,9315.2001953125,9361.2998046875,-46.099609375
2017-02-01,9330.7998046875,9315.2001953125,15.599609375
2017-02-02,9406.400390625,9330.7998046875,75.6005859375
2017-02-03,9462.7001953125,9406.400390625,56.2998046875
2017-02-06,9357.2998046875,9462.7001953125,-105.400390625
2017-02-07,9331.5,9357.2998046875,-25.7998046875
2017-02-08,9329.7001953125,9331.5,-1.7998046875
2017-02-09,9438.400390625,9329.7001953125,108.7001953125
2017-02-10,9378.099609375,9438.400390625,-60.30078125
2017-02-13,9484.099609375,9378.099609375,106.0
2017-02-14,9510.2001953125,9484.099609375,26.1005859375
2017-02-15,9584.099609375,9510.2001953125,73.8994140625
2017-02-16,9554.7001953125,9584.099609375,-29.3994140625
2017-02-17,9500.2998046875,9554.7001953125,-54.400390625
2017-02-20,9526.599609375,9500.2998046875,26.2998046875
2017-02-21,9561.0,9526.599609375,34.400390625
2017-02-22,9477.2001953125,9561.0,-83.7998046875
2017-02-23,9493.400390625,9477.2001953125,16.2001953125
2017-02-24,9453.5,9493.400390625,-39.900390625
2017-02-27,9464.2998046875,9453.5,10.7998046875
2017-02-28,9555.5,9464.2998046875,91.2001953125
2017-03-01,9751.5,9555.5,196.0
2017-03-02,9716.0,9751.5,-35.5
2017-03-03,9798.5,9716.0,82.5
2017-03-06,9804.099609375,9798.5,5.599609375
2017-03-07,9801.7001953125,9804.099609375,-2.3994140625
2017-03-08,9850.5,9801.7001953125,48.7998046875
2017-03-09,9998.400390625,9850.5,147.900390625
2017-03-10,10006.400390625,9998.400390625,8.0
2017-03-13,9995.900390625,10006.400390625,-10.5
2017-03-14,9905.099609375,9995.900390625,-90.80078125
2017-03-15,9983.2001953125,9905.099609375,78.1005859375
2017-03-16,10168.0,9983.2001953125,184.7998046875
2017-03-17,10245.7998046875,10168.0,77.7998046875
2017-03-20,10214.0,10245.7998046875,-31.7998046875
2017-03-21,10211.900390625,10214.0,-2.099609375
2017-03-22,10229.2998046875,10211.900390625,17.3994140625
2017-03-23,10324.900390625,10229.2998046875,95.6005859375
2017-03-24,10309.400390625,10324.900390625,-15.5
2017-03-27,10302.900390625,10309.400390625,-6.5
2017-03-28,10389.0,10302.900390625,86.099609375
2017-03-29,10367.599609375,10389.0,-21.400390625
2017-03-30,10405.900390625,10367.599609375,38.30078125
2017-03-31,10462.900390625,10405.900390625,57.0
2017-04-03,10325.2998046875,10462.900390625,-137.6005859375
2017-04-04,10361.2001953125,10325.2998046875,35.900390625
2017-04-05,10402.7001953125,10361.2001953125,41.5
2017-04-06,10518.900390625,10402.7001953125,116.2001953125
2017-04-07,10529.0,10518.900390625,10.099609375
2017-04-10,10437.7001953125,10529.0,-91.2998046875
2017-04-11,10416.2998046875,10437.7001953125,-21.400390625
2017-04-12,10360.5,10416.2998046875,-55.7998046875
2017-04-13,10326.099609375,10360.5,-34.400390625
2017-04-18,10264.5,10326.099609375,-61.599609375
2017-04-19,10370.2998046875,10264.5,105.7998046875
2017-04-20,10372.5,10370.2998046875,2.2001953125
2017-04-21,10377.0,10372.5,4.5
2017-04-24,10766.7998046875,10377.0,389.7998046875
2017-04-25,10783.099609375,10766.7998046875,16.2998046875
2017-04-26,10763.400390625,10783.099609375,-19.69921875
2017-04-27,10683.900390625,10763.400390625,-79.5
2017-04-28,10715.7998046875,10683.900390625,31.8994140625
2017-05-02,10820.2998046875,10715.7998046875,104.5
2017-05-03,10837.0,10820.2998046875,16.7001953125
2017-05-04,11012.900390625,10837.0,175.900390625
2017-05-05,11135.400390625,11012.900390625,122.5
2017-05-08,11096.2998046875,11135.400390625,-39.1005859375
2017-05-09,11049.2001953125,11096.2998046875,-47.099609375
2017-05-10,11034.7998046875,11049.2001953125,-14.400390625
2017-05-11,10861.400390625,11034.7998046875,-173.3994140625
2017-05-12,10897.0,10861.400390625,35.599609375
2017-05-15,10957.7998046875,10897.0,60.7998046875
2017-05-16,10982.400390625,10957.7998046875,24.6005859375
2017-05-17,10786.099609375,10982.400390625,-196.30078125
2017-05-18,10684.900390625,10786.099609375,-101.19921875
2017-05-19,10835.400390625,10684.900390625,150.5
2017-05-22,10793.400390625,10835.400390625,-42.0
2017-05-23,10916.2998046875,10793.400390625,122.8994140625
2017-05-24,10907.400390625,10916.2998046875,-8.8994140625
2017-05-25,10937.7001953125,10907.400390625,30.2998046875
2017-05-26,10904.2001953125,10937.7001953125,-33.5
2017-05-29,10884.0,10904.2001953125,-20.2001953125
2017-05-30,10876.900390625,10884.0,-7.099609375
2017-05-31,10880.0,10876.900390625,3.099609375
2017-06-01,10881.0,10880.0,1.0
2017-06-02,10905.900390625,10881.0,24.900390625
2017-06-05,10884.7001953125,10905.900390625,-21.2001953125
2017-06-06,10879.7001953125,10884.7001953125,-5.0
2017-06-07,10871.7001953125,10879.7001953125,-8.0
2017-06-08,10953.099609375,10871.7001953125,81.3994140625
2017-06-09,10978.2998046875,10953.099609375,25.2001953125
2017-06-12,10842.400390625,10978.2998046875,-135.8994140625
2017-06-13,10882.099609375,10842.400390625,39.69921875
2017-06-14,10775.7998046875,10882.099609375,-106.2998046875
2017-06-15,10699.599609375,10775.7998046875,-76.2001953125
2017-06-16,10759.400390625,10699.599609375,59.80078125
2017-06-19,10848.900390625,10759.400390625,89.5
2017-06-20,10746.099609375,10848.900390625,-102.80078125
2017-06-21,10740.7001953125,10746.099609375,-5.3994140625
2017-06-22,10709.900390625,10740.7001953125,-30.7998046875
2017-06-23,10630.7998046875,10709.900390625,-79.1005859375
2017-06-26,10696.599609375,10630.7998046875,65.7998046875
2017-06-27,10647.900390625,10696.599609375,-48.69921875
2017-06-28,10702.7001953125,10647.900390625,54.7998046875
2017-06-29,10531.099609375,10702.7001953125,-171.6005859375
2017-06-30,10444.5,10531.099609375,-86.599609375
2017-07-03,10604.2001953125,10444.5,159.7001953125
2017-07-04,10566.7001953125,10604.2001953125,-37.5
2017-07-05,10523.599609375,10566.7001953125,-43.1005859375
2017-07-06,10498.400390625,10523.599609375,-25.19921875
2017-07-07,10488.7998046875,10498.400390625,-9.6005859375
2017-07-10,10509.5,10488.7998046875,20.7001953125
2017-07-11,10449.099609375,10509.5,-60.400390625
2017-07-12,10560.400390625,10449.099609375,111.30078125
2017-07-13,10658.2998046875,10560.400390625,97.8994140625
2017-07-14,10655.099609375,10658.2998046875,-3.2001953125
2017-07-17,10651.2001953125,10655.099609375,-3.8994140625
2017-07-18,10524.5,10651.2001953125,-126.7001953125
2017-07-19,10588.099609375,10524.5,63.599609375
2017-07-20,10564.7998046875,10588.099609375,-23.2998046875
2017-07-21,10426.599609375,10564.7998046875,-138.2001953125
2017-07-24,10446.5,10426.599609375,19.900390625
2017-07-25,10523.400390625,10446.5,76.900390625
2017-07-26,10575.400390625,10523.400390625,52.0
2017-07-27,10603.400390625,10575.400390625,28.0
2017-07-28,10536.099609375,10603.400390625,-67.30078125
2017-07-31,10502.2001953125,10536.099609375,-33.8994140625
2017-08-01,10586.7001953125,10502.2001953125,84.5
2017-08-02,10513.900390625,10586.7001953125,-72.7998046875
2017-08-03,10549.099609375,10513.900390625,35.19921875
2017-08-04,10658.400390625,10549.099609375,109.30078125
2017-08-07,10676.5,10658.400390625,18.099609375
2017-08-08,10734.7001953125,10676.5,58.2001953125
2017-08-09,10596.0,10734.7001953125,-138.7001953125
2017-08-10,10450.0,10596.0,-146.0
2017-08-11,10282.900390625,10450.0,-167.099609375
2017-08-14,10461.2001953125,10282.900390625,178.2998046875
2017-08-15,10481.5,10461.2001953125,20.2998046875
2017-08-16,10544.2998046875,10481.5,62.7998046875
2017-08-17,10443.7998046875,10544.2998046875,-100.5
2017-08-18,10385.7001953125,10443.7998046875,-58.099609375
2017-08-21,10360.2001953125,10385.7001953125,-25.5
2017-08-22,10409.7998046875,10360.2001953125,49.599609375
2017-08-23,10338.099609375,10409.7998046875,-71.7001953125
2017-08-24,10357.400390625,10338.099609375,19.30078125
2017-08-25,10345.2998046875,10357.400390625,-12.1005859375
2017-08-28,10285.900390625,10345.2998046875,-59.3994140625
2017-08-29,10192.599609375,10285.900390625,-93.30078125
2017-08-30,10245.7998046875,10192.599609375,53.2001953125
2017-08-31,10299.5,10245.7998046875,53.7001953125
2017-09-01,10325.5,10299.5,26.0
2017-09-04,10243.2001953125,10325.5,-82.2998046875
2017-09-05,10179.7998046875,10243.2001953125,-63.400390625
2017-09-06,10131.0,10179.7998046875,-48.7998046875
2017-09-07,10124.900390625,10131.0,-6.099609375
2017-09-08,10129.599609375,10124.900390625,4.69921875
2017-09-11,10322.599609375,10129.599609375,193.0
2017-09-12,10336.2001953125,10322.599609375,13.6005859375
2017-09-13,10371.0,10336.2001953125,34.7998046875
2017-09-14,10361.099609375,10371.0,-9.900390625
2017-09-15,10317.400390625,10361.099609375,-43.69921875
2017-09-18,10338.400390625,10317.400390625,21.0
2017-09-19,10378.400390625,10338.400390625,40.0
2017-09-20,10292.099609375,10378.400390625,-86.30078125
2017-09-21,10297.0,10292.099609375,4.900390625
2017-09-22,10305.0,10297.0,8.0
2017-09-25,10216.5,10305.0,-88.5
2017-09-26,10189.599609375,10216.5,-26.900390625
2017-09-27,10368.900390625,10189.599609375,179.30078125
2017-09-28,10328.5,10368.900390625,-40.400390625
2017-09-29,10381.5,10328.5,53.0
2017-10-02,10255.7001953125,10381.5,-125.7998046875
2017-10-03,10257.5,10255.7001953125,1.7998046875
2017-10-04,9964.900390625,10257.5,-292.599609375
2017-10-05,10214.7001953125,9964.900390625,249.7998046875
2017-10-06,10185.5,10214.7001953125,-29.2001953125
2017-10-09,10236.0,10185.5,50.5
2017-10-10,10142.2998046875,10236.0,-93.7001953125
2017-10-11,10278.400390625,10142.2998046875,136.1005859375
2017-10-12,10275.900390625,10278.400390625,-2.5
2017-10-13,10258.0,10275.900390625,-17.900390625
2017-10-16,10181.400390625,10258.0,-76.599609375
2017-10-17,10216.7998046875,10181.400390625,35.3994140625
2017-10-18,10273.400390625,10216.7998046875,56.6005859375
2017-10-19,10197.5,10273.400390625,-75.900390625
2017-10-20,10222.7001953125,10197.5,25.2001953125
2017-10-23,10161.400390625,10222.7001953125,-61.2998046875
2017-10-24,10205.7001953125,10161.400390625,44.2998046875
2017-10-25,10153.2998046875,10205.7001953125,-52.400390625
2017-10-26,10347.7998046875,10153.2998046875,194.5
2017-10-27,10197.5,10347.7998046875,-150.2998046875
2017-10-30,10446.0,10197.5,248.5
2017-10-31,10523.5,10446.0,77.5
2017-11-01,10506.7001953125,10523.5,-16.7998046875
2017-11-02,10457.7998046875,10506.7001953125,-48.900390625
2017-11-03,10357.7998046875,10457.7998046875,-100.0
2017-11-06,10316.5,10357.7998046875,-41.2998046875
2017-11-07,10230.7001953125,10316.5,-85.7998046875
2017-11-08,10228.7001953125,10230.7001953125,-2.0
2017-11-09,10141.099609375,10228.7001953125,-87.6005859375
2017-11-10,10092.7001953125,10141.099609375,-48.3994140625
2017-11-13,10049.900390625,10092.7001953125,-42.7998046875
2017-11-14,9990.400390625,10049.900390625,-59.5
2017-11-15,10013.900390625,9990.400390625,23.5
2017-11-16,10088.7001953125,10013.900390625,74.7998046875
2017-11-17,10010.400390625,10088.7001953125,-78.2998046875
2017-11-20,10025.5,10010.400390625,15.099609375
2017-11-21,9993.400390625,10025.5,-32.099609375
2017-11-22,10013.900390625,9993.400390625,20.5
2017-11-23,10032.7998046875,10013.900390625,18.8994140625
2017-11-24,10053.5,10032.7998046875,20.7001953125
2017-11-27,10063.099609375,10053.5,9.599609375
2017-11-28,10144.400390625,10063.099609375,81.30078125
2017-11-29,10267.7001953125,10144.400390625,123.2998046875
2017-11-30,10211.0,10267.7001953125,-56.7001953125
2017-12-01,10085.0,10211.0,-126.0
2017-12-04,10208.599609375,10085.0,123.599609375
2017-12-05,10211.2998046875,10208.599609375,2.7001953125
2017-12-06,10184.0,10211.2998046875,-27.2998046875
2017-12-07,10262.599609375,10184.0,78.599609375
2017-12-08,10321.099609375,10262.599609375,58.5
2017-12-11,10306.900390625,10321.099609375,-14.19921875
2017-12-12,10288.2998046875,10306.900390625,-18.6005859375
2017-12-13,10260.5,10288.2998046875,-27.7998046875
2017-12-14,10176.5,10260.5,-84.0
2017-12-15,10150.400390625,10176.5,-26.099609375
2017-12-18,10244.099609375,10150.400390625,93.69921875
2017-12-19,10234.2998046875,10244.099609375,-9.7998046875
2017-12-20,10207.7001953125,10234.2998046875,-26.599609375
2017-12-21,10304.599609375,10207.7001953125,96.8994140625
2017-12-22,10182.0,10304.599609375,-122.599609375
2017-12-27,10165.2001953125,10182.0,-16.7998046875
2017-12-28,10093.099609375,10165.2001953125,-72.1005859375
2017-12-29,10043.900390625,10093.099609375,-49.19921875
2018-01-02,10079.099609375,10043.900390625,35.19921875
2018-01-03,10116.0,10079.099609375,36.900390625
2018-01-04,10314.400390625,10116.0,198.400390625
2018-01-05,10411.400390625,10314.400390625,97.0
2018-01-08,10398.400390625,10411.400390625,-13.0
2018-01-09,10426.5,10398.400390625,28.099609375
2018-01-10,10428.2998046875,10426.5,1.7998046875
2018-01-11,10435.2001953125,10428.2998046875,6.900390625
2018-01-12,10462.400390625,10435.2001953125,27.2001953125
2018-01-15,10467.2001953125,10462.400390625,4.7998046875
2018-01-16,10520.400390625,10467.2001953125,53.2001953125
2018-01-17,10474.599609375,10520.400390625,-45.80078125
2018-01-18,10432.7001953125,10474.599609375,-41.8994140625
2018-01-19,10479.5,10432.7001953125,46.7998046875
2018-01-22,10584.0,10479.5,104.5
2018-01-23,10609.5,10584.0,25.5
2018-01-24,10563.0,10609.5,-46.5
2018-01-25,10595.2998046875,10563.0,32.2998046875
2018-01-26,10595.400390625,10595.2998046875,0.1005859375
2018-01-29,10555.599609375,10595.400390625,-39.80078125
2018-01-30,10428.2001953125,10555.599609375,-127.3994140625
2018-01-31,10451.5,10428.2001953125,23.2998046875
2018-02-01,10399.0,10451.5,-52.5
2018-02-02,10211.2001953125,10399.0,-187.7998046875
2018-02-05,10064.5,10211.2001953125,-146.7001953125
2018-02-06,9810.0,10064.5,-254.5
2018-02-07,9976.900390625,9810.0,166.900390625
2018-02-08,9756.2998046875,9976.900390625,-220.6005859375
2018-02-09,9639.599609375,9756.2998046875,-116.7001953125
2018-02-12,9771.099609375,9639.599609375,131.5
2018-02-13,9650.7001953125,9771.099609375,-120.3994140625
2018-02-14,9686.2001953125,9650.7001953125,35.5
2018-02-15,9714.900390625,9686.2001953125,28.7001953125
2018-02-16,9832.099609375,9714.900390625,117.19921875
2018-02-19,9806.2001953125,9832.099609375,-25.8994140625
2018-02-20,9895.2998046875,9806.2001953125,89.099609375
2018-02-21,9823.2998046875,9895.2998046875,-72.0
2018-02-22,9876.5,9823.2998046875,53.2001953125
2018-02-23,9822.400390625,9876.5,-54.099609375
2018-02-26,9902.400390625,9822.400390625,80.0
2018-02-27,9900.2001953125,9902.400390625,-2.2001953125
2018-02-28,9840.2998046875,9900.2001953125,-59.900390625
2018-03-01,9738.599609375,9840.2998046875,-101.7001953125
2018-03-02,9531.099609375,9738.599609375,-207.5
2018-03-05,9590.7998046875,9531.099609375,59.7001953125
2018-03-06,9586.7998046875,9590.7998046875,-4.0
2018-03-07,9599.2998046875,9586.7998046875,12.5
2018-03-08,9646.2001953125,9599.2998046875,46.900390625
2018-03-09,9686.099609375,9646.2001953125,39.8994140625
2018-03-12,9727.5,9686.099609375,41.400390625
2018-03-13,9691.7001953125,9727.5,-35.7998046875
2018-03-14,9688.5,9691.7001953125,-3.2001953125
2018-03-15,9684.2001953125,9688.5,-4.2998046875
2018-03-16,9761.0,9684.2001953125,76.7998046875
2018-03-19,9664.099609375,9761.0,-96.900390625
2018-03-20,9681.599609375,9664.099609375,17.5
2018-03-21,9630.900390625,9681.599609375,-50.69921875
2018-03-22,9487.400390625,9630.900390625,-143.5
2018-03-23,9393.099609375,9487.400390625,-94.30078125
2018-03-26,9381.0,9393.099609375,-12.099609375
2018-03-27,9473.599609375,9381.0,92.599609375
2018-03-28,9555.0,9473.599609375,81.400390625
2018-03-29,9600.400390625,9555.0,45.400390625
2018-04-03,9549.599609375,9600.400390625,-50.80078125
2018-04-04,9513.2998046875,9549.599609375,-36.2998046875
2018-04-05,9740.900390625,9513.2998046875,227.6005859375
2018-04-06,9682.7998046875,9740.900390625,-58.1005859375
2018-04-09,9742.7998046875,9682.7998046875,60.0
2018-04-10,9763.5,9742.7998046875,20.7001953125
2018-04-11,9735.7998046875,9763.5,-27.7001953125
2018-04-12,9747.0,9735.7998046875,11.2001953125
2018-04-13,9767.2998046875,9747.0,20.2998046875
2018-04-16,9766.099609375,9767.2998046875,-1.2001953125
2018-04-17,9803.900390625,9766.099609375,37.80078125
2018-04-18,9857.2998046875,9803.900390625,53.3994140625
2018-04-19,9868.0,9857.2998046875,10.7001953125
2018-04-20,9884.2001953125,9868.0,16.2001953125
2018-04-23,9922.0,9884.2001953125,37.7998046875
2018-04-24,9883.400390625,9922.0,-38.599609375
2018-04-25,9858.0,9883.400390625,-25.400390625
2018-04-26,9902.2998046875,9858.0,44.2998046875
2018-04-27,9925.400390625,9902.2998046875,23.1005859375
2018-04-30,9980.599609375,9925.400390625,55.19921875
2018-05-02,10088.900390625,9980.599609375,108.30078125
2018-05-03,10038.7998046875,10088.900390625,-50.1005859375
2018-05-04,10104.099609375,10038.7998046875,65.2998046875
2018-05-07,10140.900390625,10104.099609375,36.80078125
2018-05-08,10168.099609375,10140.900390625,27.19921875
2018-05-09,10221.2001953125,10168.099609375,53.1005859375
2018-05-10,10246.599609375,10221.2001953125,25.3994140625
2018-05-11,10271.400390625,10246.599609375,24.80078125
2018-05-14,10257.7998046875,10271.400390625,-13.6005859375
2018-05-15,10207.599609375,10257.7998046875,-50.2001953125
2018-05-16,10111.0,10207.599609375,-96.599609375
2018-05-17,10216.400390625,10111.0,105.400390625
2018-05-18,10112.400390625,10216.400390625,-104.0
2018-05-21,10066.5,10112.400390625,-45.900390625
2018-05-22,10138.7998046875,10066.5,72.2998046875
2018-05-23,10025.0,10138.7998046875,-113.7998046875
2018-05-24,9996.0,10025.0,-29.0
2018-05-25,9826.5,9996.0,-169.5
2018-05-28,9764.400390625,9826.5,-62.099609375
2018-05-29,9521.2998046875,9764.400390625,-243.1005859375
2018-05-30,9566.2001953125,9521.2998046875,44.900390625
2018-05-31,9465.5,9566.2001953125,-100.7001953125
2018-06-01,9632.400390625,9465.5,166.900390625
2018-06-04,9750.2998046875,9632.400390625,117.8994140625
2018-06-05,9686.400390625,9750.2998046875,-63.8994140625
2018-06-06,9791.599609375,9686.400390625,105.19921875
2018-06-07,9829.0,9791.599609375,37.400390625
2018-06-08,9746.2998046875,9829.0,-82.7001953125
2018-06-11,9898.2998046875,9746.2998046875,152.0
2018-06-12,9914.400390625,9898.2998046875,16.1005859375
2018-06-13,9899.099609375,9914.400390625,-15.30078125
2018-06-14,9957.7001953125,9899.099609375,58.6005859375
2018-06-15,9851.0,9957.7001953125,-106.7001953125
2018-06-18,9769.400390625,9851.0,-81.599609375
2018-06-19,9755.400390625,9769.400390625,-14.0
2018-06-20,9788.900390625,9755.400390625,33.5
2018-06-21,9702.099609375,9788.900390625,-86.80078125
2018-06-22,9792.099609375,9702.099609375,90.0
2018-06-25,9617.900390625,9792.099609375,-174.19921875
2018-06-26,9637.400390625,9617.900390625,19.5
2018-06-27,9658.599609375,9637.400390625,21.19921875
2018-06-28,9589.0,9658.599609375,-69.599609375
2018-06-29,9622.7001953125,9589.0,33.7001953125
2018-07-02,9558.2998046875,9622.7001953125,-64.400390625
2018-07-03,9660.900390625,9558.2998046875,102.6005859375
2018-07-04,9757.5,9660.900390625,96.599609375
2018-07-05,9866.2001953125,9757.5,108.7001953125
2018-07-06,9905.0,9866.2001953125,38.7998046875
2018-07-09,9927.0,9905.0,22.0
2018-07-10,9889.2998046875,9927.0,-37.7001953125
2018-07-11,9733.599609375,9889.2998046875,-155.7001953125
2018-07-12,9767.400390625,9733.599609375,33.80078125
2018-07-13,9734.7998046875,9767.400390625,-32.6005859375
2018-07-16,9716.900390625,9734.7998046875,-17.8994140625
2018-07-17,9719.400390625,9716.900390625,2.5
2018-07-18,9753.2001953125,9719.400390625,33.7998046875
2018-07-19,9721.099609375,9753.2001953125,-32.1005859375
2018-07-20,9724.7998046875,9721.099609375,3.7001953125
2018-07-23,9726.099609375,9724.7998046875,1.2998046875
2018-07-24,9773.099609375,9726.099609375,47.0
2018-07-25,9703.099609375,9773.099609375,-70.0
2018-07-26,9780.0,9703.099609375,76.900390625
2018-07-27,9867.900390625,9780.0,87.900390625
2018-07-30,9854.099609375,9867.900390625,-13.80078125
2018-07-31,9870.7001953125,9854.099609375,16.6005859375
2018-08-01,9799.2998046875,9870.7001953125,-71.400390625
2018-08-02,9698.2001953125,9799.2998046875,-101.099609375
2018-08-03,9739.7998046875,9698.2001953125,41.599609375
2018-08-06,9722.7001953125,9739.7998046875,-17.099609375
2018-08-07,9772.7998046875,9722.7001953125,50.099609375
2018-08-08,9747.099609375,9772.7998046875,-25.7001953125
2018-08-09,9754.599609375,9747.099609375,7.5
2018-08-10,9602.099609375,9754.599609375,-152.5
2018-08-13,9530.400390625,9602.099609375,-71.69921875
2018-08-14,9507.0,9530.400390625,-23.400390625
2018-08-15,9386.7998046875,9507.0,-120.2001953125
2018-08-16,9427.400390625,9386.7998046875,40.6005859375
2018-08-17,9417.2998046875,9427.400390625,-10.1005859375
2018-08-20,9468.599609375,9417.2998046875,51.2998046875
2018-08-21,9549.0,9468.599609375,80.400390625
2018-08-22,9580.2001953125,9549.0,31.2001953125
2018-08-23,9567.2998046875,9580.2001953125,-12.900390625
2018-08-24,9589.5,9567.2998046875,22.2001953125
2018-08-27,9659.7998046875,9589.5,70.2998046875
2018-08-28,9606.5,9659.7998046875,-53.2998046875
2018-08-29,9569.5,9606.5,-37.0
2018-08-30,9467.599609375,9569.5,-101.900390625
2018-08-31,9399.099609375,9467.599609375,-68.5
2018-09-03,9376.099609375,9399.099609375,-23.0
2018-09-04,9376.2998046875,9376.099609375,0.2001953125
2018-09-05,9301.2998046875,9376.2998046875,-75.0
2018-09-06,9208.7001953125,9301.2998046875,-92.599609375
2018-09-07,9171.2001953125,9208.7001953125,-37.5
2018-09-10,9270.7998046875,9171.2001953125,99.599609375
2018-09-11,9284.099609375,9270.7998046875,13.2998046875
2018-09-12,9306.7998046875,9284.099609375,22.7001953125
2018-09-13,9329.2001953125,9306.7998046875,22.400390625
2018-09-14,9365.2998046875,9329.2001953125,36.099609375
2018-09-17,9404.599609375,9365.2998046875,39.2998046875
2018-09-18,9447.5,9404.599609375,42.900390625
2018-09-19,9486.2998046875,9447.5,38.7998046875
2018-09-20,9583.7001953125,9486.2998046875,97.400390625
2018-09-21,9590.400390625,9583.7001953125,6.7001953125
2018-09-24,9512.7998046875,9590.400390625,-77.6005859375
2018-09-25,9493.599609375,9512.7998046875,-19.2001953125
2018-09-26,9524.7998046875,9493.599609375,31.2001953125
2018-09-27,9527.5,9524.7998046875,2.7001953125
2018-09-28,9389.2001953125,9527.5,-138.2998046875
2018-10-01,9407.0,9389.2001953125,17.7998046875
2018-10-02,9305.5,9407.0,-101.5
2018-10-03,9361.099609375,9305.5,55.599609375
2018-10-04,9314.5,9361.099609375,-46.599609375
2018-10-05,9253.900390625,9314.5,-60.599609375
2018-10-08,9199.2001953125,9253.900390625,-54.7001953125
2018-10-09,9260.5,9199.2001953125,61.2998046875
2018-10-10,9162.900390625,9260.5,-97.599609375
2018-10-11,9007.900390625,9162.900390625,-155.0
2018-10-12,8902.0,9007.900390625,-105.900390625
2018-10-15,8923.7001953125,8902.0,21.7001953125
2018-10-16,9074.7001953125,8923.7001953125,151.0
2018-10-17,8997.2001953125,9074.7001953125,-77.5
2018-10-18,8889.599609375,8997.2001953125,-107.6005859375
2018-10-19,8892.099609375,8889.599609375,2.5
2018-10-22,8806.5,8892.099609375,-85.599609375
2018-10-23,8726.099609375,8806.5,-80.400390625
2018-10-24,8677.400390625,8726.099609375,-48.69921875
2018-10-25,8785.2001953125,8677.400390625,107.7998046875
2018-10-26,8730.400390625,8785.2001953125,-54.7998046875
2018-10-29,8821.2001953125,8730.400390625,90.7998046875
2018-10-30,8806.099609375,8821.2001953125,-15.1005859375
2018-10-31,8893.5,8806.099609375,87.400390625
2018-11-01,8954.7998046875,8893.5,61.2998046875
2018-11-02,8993.0,8954.7998046875,38.2001953125
2018-11-05,9010.7001953125,8993.0,17.7001953125
2018-11-06,8988.900390625,9010.7001953125,-21.7998046875
2018-11-07,9167.900390625,8988.900390625,179.0
2018-11-08,9177.0,9167.900390625,9.099609375
2018-11-09,9134.7998046875,9177.0,-42.2001953125
2018-11-12,9076.2998046875,9134.7998046875,-58.5
2018-11-13,9145.400390625,9076.2998046875,69.1005859375
2018-11-14,9106.599609375,9145.400390625,-38.80078125
2018-11-15,9073.5,9106.599609375,-33.099609375
2018-11-16,9056.7998046875,9073.5,-16.7001953125
2018-11-19,9006.2998046875,9056.7998046875,-50.5
2018-11-20,8866.5,9006.2998046875,-139.7998046875
2018-11-21,8960.599609375,8866.5,94.099609375
2018-11-22,8906.2001953125,8960.599609375,-54.3994140625
2018-11-23,8916.7001953125,8906.2001953125,10.5
2018-11-26,9091.2001953125,8916.7001953125,174.5
2018-11-27,9085.599609375,9091.2001953125,-5.6005859375
2018-11-28,9102.7001953125,9085.599609375,17.1005859375
2018-11-29,9098.900390625,9102.7001953125,-3.7998046875
2018-11-30,9077.2001953125,9098.900390625,-21.7001953125
2018-12-03,9179.599609375,9077.2001953125,102.3994140625
2018-12-04,9061.7001953125,9179.599609375,-117.8994140625
2018-12-05,9012.2001953125,9061.7001953125,-49.5
2018-12-06,8764.5,9012.2001953125,-247.7001953125
2018-12-07,8815.5,8764.5,51.0
2018-12-10,8660.0,8815.5,-155.5
2018-12-11,8735.5,8660.0,75.5
2018-12-12,8853.400390625,8735.5,117.900390625
2018-12-13,8926.2998046875,8853.400390625,72.8994140625
2018-12-14,8886.099609375,8926.2998046875,-40.2001953125
2018-12-17,8812.5,8886.099609375,-73.599609375
2018-12-18,8700.7998046875,8812.5,-111.7001953125
2018-12-19,8769.099609375,8700.7998046875,68.2998046875
2018-12-20,8596.5,8769.099609375,-172.599609375
2018-12-21,8556.7998046875,8596.5,-39.7001953125
2018-12-24,8480.599609375,8556.7998046875,-76.2001953125
2018-12-27,8363.900390625,8480.599609375,-116.69921875
2018-12-28,8493.7001953125,8363.900390625,129.7998046875
2018-12-31,8539.900390625,8493.7001953125,46.2001953125
2019-01-02,8550.0,8539.900390625,10.099609375
2019-01-03,8523.2998046875,8550.0,-26.7001953125
2019-01-04,8737.7998046875,8523.2998046875,214.5
2019-01-07,8776.2998046875,8737.7998046875,38.5
2019-01-08,8847.2998046875,8776.2998046875,71.0
2019-01-09,8823.599609375,8847.2998046875,-23.7001953125
2019-01-10,8856.7998046875,8823.599609375,33.2001953125
2019-01-11,8877.099609375,8856.7998046875,20.2998046875
2019-01-14,8818.599609375,8877.099609375,-58.5
2019-01-15,8850.099609375,8818.599609375,31.5
2019-01-16,8912.7001953125,8850.099609375,62.6005859375
2019-01-17,8908.599609375,8912.7001953125,-4.1005859375
2019-01-18,9069.099609375,8908.599609375,160.5
2019-01-21,9053.7998046875,9069.099609375,-15.2998046875
2019-01-22,9037.5,9053.7998046875,-16.2998046875
2019-01-23,9128.7998046875,9037.5,91.2998046875
2019-01-24,9150.0,9128.7998046875,21.2001953125
2019-01-25,9185.2001953125,9150.0,35.2001953125
2019-01-28,9062.400390625,9185.2001953125,-122.7998046875
2019-01-29,9119.099609375,9062.400390625,56.69921875
2019-01-30,9071.5,9119.099609375,-47.599609375
2019-01-31,9056.7001953125,9071.5,-14.7998046875
2019-02-01,9019.400390625,9056.7001953125,-37.2998046875
2019-02-04,8975.2001953125,9019.400390625,-44.2001953125
2019-02-05,9092.0,8975.2001953125,116.7998046875
2019-02-06,9100.900390625,9092.0,8.900390625
2019-02-07,8938.2998046875,9100.900390625,-162.6005859375
2019-02-08,8856.7998046875,8938.2998046875,-81.5
2019-02-11,8936.400390625,8856.7998046875,79.6005859375
2019-02-12,8983.099609375,8936.400390625,46.69921875
2019-02-13,8982.400390625,8983.099609375,-0.69921875
2019-02-14,8952.5,8982.400390625,-29.900390625
2019-02-15,9123.2001953125,8952.5,170.7001953125
2019-02-18,9155.5,9123.2001953125,32.2998046875
2019-02-19,9136.400390625,9155.5,-19.099609375
2019-02-20,9181.099609375,9136.400390625,44.69921875
2019-02-21,9191.2001953125,9181.099609375,10.1005859375
2019-02-22,9204.599609375,9191.2001953125,13.3994140625
2019-02-25,9204.2998046875,9204.599609375,-0.2998046875
2019-02-26,9227.2001953125,9204.2998046875,22.900390625
2019-02-27,9211.7001953125,9227.2001953125,-15.5
2019-02-28,9277.7001953125,9211.7001953125,66.0
2019-03-01,9267.7001953125,9277.7001953125,-10.0
2019-03-04,9259.7998046875,9267.7001953125,-7.900390625
2019-03-05,9258.2001953125,9259.7998046875,-1.599609375
2019-03-06,9296.7001953125,9258.2001953125,38.5
2019-03-07,9249.900390625,9296.7001953125,-46.7998046875
2019-03-08,9129.2998046875,9249.900390625,-120.6005859375
2019-03-11,9171.900390625,9129.2998046875,42.6005859375
2019-03-12,9161.7001953125,9171.900390625,-10.2001953125
2019-03-13,9192.7001953125,9161.7001953125,31.0
2019-03-14,9209.7998046875,9192.7001953125,17.099609375
2019-03-15,9342.2001953125,9209.7998046875,132.400390625
2019-03-18,9409.099609375,9342.2001953125,66.8994140625
2019-03-19,9492.2998046875,9409.099609375,83.2001953125
2019-03-20,9405.599609375,9492.2998046875,-86.7001953125
2019-03-21,9355.599609375,9405.599609375,-50.0
2019-03-22,9199.400390625,9355.599609375,-156.19921875
2019-03-25,9179.900390625,9199.400390625,-19.5
2019-03-26,9183.099609375,9179.900390625,3.19921875
2019-03-27,9229.900390625,9183.099609375,46.80078125
2019-03-28,9174.7001953125,9229.900390625,-55.2001953125
2019-03-29,9240.2998046875,9174.7001953125,65.599609375
2019-04-01,9341.7001953125,9240.2998046875,101.400390625
2019-04-02,9363.5,9341.7001953125,21.7998046875
2019-04-03,9487.7998046875,9363.5,124.2998046875
2019-04-04,9534.099609375,9487.7998046875,46.2998046875
2019-04-05,9510.2998046875,9534.099609375,-23.7998046875
2019-04-08,9437.7001953125,9510.2998046875,-72.599609375
2019-04-09,9407.7998046875,9437.7001953125,-29.900390625
2019-04-10,9406.5,9407.7998046875,-1.2998046875
2019-04-11,9445.400390625,9406.5,38.900390625
2019-04-12,9468.5,9445.400390625,23.099609375
2019-04-15,9497.099609375,9468.5,28.599609375
2019-04-16,9497.2998046875,9497.099609375,0.2001953125
2019-04-17,9549.7998046875,9497.2998046875,52.5
2019-04-18,9581.900390625,9549.7998046875,32.1005859375
2019-04-23,9527.2001953125,9581.900390625,-54.7001953125
2019-04-24,9456.400390625,9527.2001953125,-70.7998046875
2019-04-25,9501.2001953125,9456.400390625,44.7998046875
2019-04-26,9506.0,9501.2001953125,4.7998046875
2019-04-29,9517.2001953125,9506.0,11.2001953125
2019-04-30,9570.599609375,9517.2001953125,53.3994140625
2019-05-02,9418.2001953125,9570.599609375,-152.3994140625
2019-05-03,9409.599609375,9418.2001953125,-8.6005859375
2019-05-06,9331.0,9409.599609375,-78.599609375
2019-05-07,9235.099609375,9331.0,-95.900390625
2019-05-08,9227.0,9235.099609375,-8.099609375
2019-05-09,9095.2001953125,9227.0,-131.7998046875
2019-05-10,9117.5,9095.2001953125,22.2998046875
2019-05-13,9046.7998046875,9117.5,-70.7001953125
2019-05-14,9127.599609375,9046.7998046875,80.7998046875
2019-05-15,9177.099609375,9127.599609375,49.5
2019-05-16,9304.2998046875,9177.099609375,127.2001953125
2019-05-17,9280.099609375,9304.2998046875,-24.2001953125
2019-05-20,9199.7001953125,9280.099609375,-80.3994140625
2019-05-21,9239.099609375,9199.7001953125,39.3994140625
2019-05-22,9232.2001953125,9239.099609375,-6.8994140625
2019-05-23,9114.0,9232.2001953125,-118.2001953125
2019-05-24,9174.599609375,9114.0,60.599609375
2019-05-27,9216.400390625,9174.599609375,41.80078125
2019-05-28,9191.7998046875,9216.400390625,-24.6005859375
2019-05-29,9080.5,9191.7998046875,-111.2998046875
2019-05-30,9157.7998046875,9080.5,77.2998046875
2019-05-31,9004.2001953125,9157.7998046875,-153.599609375
2019-06-03,9022.7998046875,9004.2001953125,18.599609375
2019-06-04,9117.599609375,9022.7998046875,94.7998046875
2019-06-05,9150.5,9117.599609375,32.900390625
2019-06-06,9169.2001953125,9150.5,18.7001953125
2019-06-07,9236.099609375,9169.2001953125,66.8994140625
2019-06-10,9294.099609375,9236.099609375,58.0
2019-06-11,9282.099609375,9294.099609375,-12.0
2019-06-12,9238.5,9282.099609375,-43.599609375
2019-06-13,9247.099609375,9238.5,8.599609375
2019-06-14,9194.2001953125,9247.099609375,-52.8994140625
2019-06-17,9131.7001953125,9194.2001953125,-62.5
2019-06-18,9240.7001953125,9131.7001953125,109.0
2019-06-19,9231.2001953125,9240.7001953125,-9.5
2019-06-20,9208.5,9231.2001953125,-22.7001953125
2019-06-21,9227.2001953125,9208.5,18.7001953125
2019-06-24,9192.5,9227.2001953125,-34.7001953125
2019-06-25,9159.7998046875,9192.5,-32.7001953125
2019-06-26,9157.400390625,9159.7998046875,-2.3994140625
2019-06-27,9147.7998046875,9157.400390625,-9.6005859375
2019-06-28,9198.7998046875,9147.7998046875,51.0
2019-07-01,9264.599609375,9198.7998046875,65.7998046875
2019-07-02,9281.5,9264.599609375,16.900390625
2019-07-03,9394.400390625,9281.5,112.900390625
2019-07-04,9401.0,9394.400390625,6.599609375
2019-07-05,9335.0,9401.0,-66.0
2019-07-08,9284.7001953125,9335.0,-50.2998046875
2019-07-09,9273.900390625,9284.7001953125,-10.7998046875
2019-07-10,9252.900390625,9273.900390625,-21.0
2019-07-11,9280.2998046875,9252.900390625,27.3994140625
2019-07-12,9293.2001953125,9280.2998046875,12.900390625
2019-07-15,9323.599609375,9293.2001953125,30.3994140625
2019-07-16,9377.099609375,9323.599609375,53.5
2019-07-17,9284.2001953125,9377.099609375,-92.8994140625
2019-07-18,9225.7001953125,9284.2001953125,-58.5
2019-07-19,9170.5,9225.7001953125,-55.2001953125
2019-07-22,9163.5,9170.5,-7.0
2019-07-23,9281.599609375,9163.5,118.099609375
2019-07-24,9329.7001953125,9281.599609375,48.1005859375
2019-07-25,9289.900390625,9329.7001953125,-39.7998046875
2019-07-26,9225.5,9289.900390625,-64.400390625
2019-07-29,9215.400390625,9225.5,-10.099609375
2019-07-30,8986.599609375,9215.400390625,-228.80078125
2019-07-31,8971.0,8986.599609375,-15.599609375
2019-08-01,9038.2001953125,8971.0,67.2001953125
2019-08-02,8897.599609375,9038.2001953125,-140.6005859375
2019-08-05,8777.2001953125,8897.599609375,-120.3994140625
2019-08-06,8699.400390625,8777.2001953125,-77.7998046875
2019-08-07,8746.099609375,8699.400390625,46.69921875
2019-08-08,8869.0,8746.099609375,122.900390625
2019-08-09,8757.7998046875,8869.0,-111.2001953125
2019-08-12,8676.400390625,8757.7998046875,-81.3994140625
2019-08-13,8695.099609375,8676.400390625,18.69921875
2019-08-14,8522.7001953125,8695.099609375,-172.3994140625
2019-08-15,8519.0,8522.7001953125,-3.7001953125
2019-08-16,8670.400390625,8519.0,151.400390625
2019-08-19,8733.2998046875,8670.400390625,62.8994140625
2019-08-20,8618.2998046875,8733.2998046875,-115.0
2019-08-21,8701.5,8618.2998046875,83.2001953125
2019-08-22,8716.400390625,8701.5,14.900390625
2019-08-23,8649.5,8716.400390625,-66.900390625
2019-08-26,8679.2001953125,8649.5,29.7001953125
2019-08-27,8728.900390625,8679.2001953125,49.7001953125
2019-08-28,8747.099609375,8728.900390625,18.19921875
2019-08-29,8794.2998046875,8747.099609375,47.2001953125
2019-08-30,8812.900390625,8794.2998046875,18.6005859375
2019-09-02,8815.5,8812.900390625,2.599609375
2019-09-03,8809.2001953125,8815.5,-6.2998046875
2019-09-04,8856.599609375,8809.2001953125,47.3994140625
2019-09-05,8992.7001953125,8856.599609375,136.1005859375
2019-09-06,8990.099609375,8992.7001953125,-2.6005859375
2019-09-09,9010.599609375,8990.099609375,20.5
2019-09-10,9078.2001953125,9010.599609375,67.6005859375
2019-09-11,9059.5,9078.2001953125,-18.7001953125
2019-09-12,9082.2998046875,9059.5,22.7998046875
2019-09-13,9137.900390625,9082.2998046875,55.6005859375
2019-09-16,9052.0,9137.900390625,-85.900390625
2019-09-17,9004.2001953125,9052.0,-47.7998046875
2019-09-18,9031.7001953125,9004.2001953125,27.5
2019-09-19,9136.0,9031.7001953125,104.2998046875
2019-09-20,9179.0,9136.0,43.0
2019-09-23,9093.599609375,9179.0,-85.400390625
2019-09-24,9118.2001953125,9093.599609375,24.6005859375
2019-09-25,9085.2998046875,9118.2001953125,-32.900390625
2019-09-26,9129.7001953125,9085.2998046875,44.400390625
2019-09-27,9184.099609375,9129.7001953125,54.3994140625
2019-09-30,9244.599609375,9184.099609375,60.5
2019-10-01,9165.900390625,9244.599609375,-78.69921875
2019-10-02,8912.2001953125,9165.900390625,-253.7001953125
2019-10-03,8902.2001953125,8912.2001953125,-10.0
2019-10-04,8961.7998046875,8902.2001953125,59.599609375
2019-10-07,9044.099609375,8961.7998046875,82.2998046875
2019-10-08,8940.099609375,9044.099609375,-104.0
2019-10-09,8991.900390625,8940.099609375,51.80078125
2019-10-10,9104.400390625,8991.900390625,112.5
2019-10-11,9273.7998046875,9104.400390625,169.3994140625
2019-10-14,9246.5,9273.7998046875,-27.2998046875
2019-10-15,9356.099609375,9246.5,109.599609375
2019-10-16,9386.7001953125,9356.099609375,30.6005859375
2019-10-17,9340.0,9386.7001953125,-46.7001953125
2019-10-18,9329.7998046875,9340.0,-10.2001953125
2019-10-21,9402.2998046875,9329.7998046875,72.5
2019-10-22,9380.2001953125,9402.2998046875,-22.099609375
2019-10-23,9385.0,9380.2001953125,4.7998046875
2019-10-24,9391.7998046875,9385.0,6.7998046875
2019-10-25,9430.2001953125,9391.7998046875,38.400390625
2019-10-28,9433.0,9430.2001953125,2.7998046875
2019-10-29,9400.099609375,9433.0,-32.900390625
2019-10-30,9284.5,9400.099609375,-115.599609375
2019-10-31,9257.5,9284.5,-27.0
2019-11-01,9328.0,9257.5,70.5
2019-11-04,9416.400390625,9328.0,88.400390625
2019-11-05,9407.900390625,9416.400390625,-8.5
2019-11-06,9398.400390625,9407.900390625,-9.5
2019-11-07,9447.2998046875,9398.400390625,48.8994140625
2019-11-08,9393.7001953125,9447.2998046875,-53.599609375
2019-11-11,9388.5,9393.7001953125,-5.2001953125
2019-11-12,9306.7001953125,9388.5,-81.7998046875
2019-11-13,9194.5,9306.7001953125,-112.2001953125
2019-11-14,9173.2998046875,9194.5,-21.2001953125
2019-11-15,9261.400390625,9173.2998046875,88.1005859375
2019-11-18,9258.0,9261.400390625,-3.400390625
2019-11-19,9259.2001953125,9258.0,1.2001953125
2019-11-20,9225.400390625,9259.2001953125,-33.7998046875
2019-11-21,9214.0,9225.400390625,-11.400390625
2019-11-22,9254.7001953125,9214.0,40.7001953125
2019-11-25,9319.900390625,9254.7001953125,65.2001953125
2019-11-26,9324.7998046875,9319.900390625,4.8994140625
2019-11-27,9362.7001953125,9324.7998046875,37.900390625
2019-11-28,9359.0,9362.7001953125,-3.7001953125
2019-11-29,9352.0,9359.0,-7.0
2019-12-02,9156.2998046875,9352.0,-195.7001953125
2019-12-03,9135.7001953125,9156.2998046875,-20.599609375
2019-12-04,9270.7998046875,9135.7001953125,135.099609375
2019-12-05,9243.400390625,9270.7998046875,-27.3994140625
2019-12-06,9382.7001953125,9243.400390625,139.2998046875
2019-12-09,9354.599609375,9382.7001953125,-28.1005859375
2019-12-10,9321.099609375,9354.599609375,-33.5
2019-12-11,9392.5,9321.099609375,71.400390625
2019-12-12,9468.5,9392.5,76.0
2019-12-13,9563.7001953125,9468.5,95.2001953125
2019-12-16,9680.599609375,9563.7001953125,116.8994140625
2019-12-17,9615.900390625,9680.599609375,-64.69921875
2019-12-18,9621.7998046875,9615.900390625,5.8994140625
2019-12-19,9617.2001953125,9621.7998046875,-4.599609375
2019-12-20,9675.5,9617.2001953125,58.2998046875
2019-12-23,9659.599609375,9675.5,-15.900390625
2019-12-24,9661.7998046875,9659.599609375,2.2001953125
2019-12-27,9700.5,9661.7998046875,38.7001953125
2019-12-30,9612.599609375,9700.5,-87.900390625
2019-12-31,9549.2001953125,9612.599609375,-63.3994140625
2020-01-02,9691.2001953125,9549.2001953125,142.0
2020-01-03,9646.599609375,9691.2001953125,-44.6005859375
2020-01-06,9600.900390625,9646.599609375,-45.69921875
2020-01-07,9579.7998046875,9600.900390625,-21.1005859375
2020-01-08,9591.400390625,9579.7998046875,11.6005859375
2020-01-09,9581.7998046875,9591.400390625,-9.6005859375
2020-01-10,9573.599609375,9581.7998046875,-8.2001953125
2020-01-13,9543.900390625,9573.599609375,-29.69921875
2020-01-14,9528.2998046875,9543.900390625,-15.6005859375
2020-01-15,9511.7001953125,9528.2998046875,-16.599609375
2020-01-16,9572.5,9511.7001953125,60.7998046875
2020-01-17,9681.2998046875,9572.5,108.7998046875
2020-01-20,9658.7998046875,9681.2998046875,-22.5
2020-01-21,9611.2998046875,9658.7998046875,-47.5
2020-01-22,9573.7001953125,9611.2998046875,-37.599609375
2020-01-23,9518.5,9573.7001953125,-55.2001953125
2020-01-24,9562.0,9518.5,43.5
2020-01-27,9366.2998046875,9562.0,-195.7001953125
2020-01-28,9484.2001953125,9366.2998046875,117.900390625
2020-01-29,9546.7001953125,9484.2001953125,62.5
2020-01-30,9477.900390625,9546.7001953125,-68.7998046875
2020-01-31,9367.900390625,9477.900390625,-110.0
2020-02-03,9404.7001953125,9367.900390625,36.7998046875
2020-02-04,9562.900390625,9404.7001953125,158.2001953125
2020-02-05,9717.7998046875,9562.900390625,154.8994140625
2020-02-06,9811.2998046875,9717.7998046875,93.5
2020-02-07,9811.0,9811.2998046875,-0.2998046875
2020-02-10,9816.0,9811.0,5.0
2020-02-11,9882.599609375,9816.0,66.599609375
2020-02-12,9940.400390625,9882.599609375,57.80078125
2020-02-13,9909.7998046875,9940.400390625,-30.6005859375
2020-02-14,9956.7998046875,9909.7998046875,47.0
2020-02-17,10022.2001953125,9956.7998046875,65.400390625
2020-02-18,10005.7998046875,10022.2001953125,-16.400390625
2020-02-19,10083.599609375,10005.7998046875,77.7998046875
2020-02-20,9931.0,10083.599609375,-152.599609375
2020-02-21,9886.2001953125,9931.0,-44.7998046875
2020-02-24,9483.5,9886.2001953125,-402.7001953125
2020-02-25,9250.7998046875,9483.5,-232.7001953125
2020-02-26,9316.7998046875,9250.7998046875,66.0
2020-02-27,8985.900390625,9316.7998046875,-330.8994140625
2020-02-28,8723.2001953125,8985.900390625,-262.7001953125
2020-03-02,8741.5,8723.2001953125,18.2998046875
2020-03-03,8811.599609375,8741.5,70.099609375
2020-03-04,8910.0,8811.599609375,98.400390625
2020-03-05,8683.0,8910.0,-227.0
2020-03-06,8375.599609375,8683.0,-307.400390625
2020-03-09,7708.7001953125,8375.599609375,-666.8994140625
2020-03-10,7461.5,7708.7001953125,-247.2001953125
2020-03-11,7436.39990234375,7461.5,-25.10009765625
2020-03-12,6390.89990234375,7436.39990234375,-1045.5
2020-03-13,6629.60009765625,6390.89990234375,238.7001953125
2020-03-16,6107.2001953125,6629.60009765625,-522.39990234375
2020-03-17,6498.5,6107.2001953125,391.2998046875
2020-03-18,6274.7998046875,6498.5,-223.7001953125
2020-03-19,6395.7998046875,6274.7998046875,121.0
2020-03-20,6443.2998046875,6395.7998046875,47.5
2020-03-23,6230.2001953125,6443.2998046875,-213.099609375
2020-03-24,6717.2998046875,6230.2001953125,487.099609375
2020-03-25,6942.39990234375,6717.2998046875,225.10009765625
2020-03-26,7033.2001953125,6942.39990234375,90.80029296875
2020-03-27,6777.89990234375,7033.2001953125,-255.30029296875
2020-03-30,6659.89990234375,6777.89990234375,-118.0
2020-03-31,6785.39990234375,6659.89990234375,125.5
2020-04-01,6579.39990234375,6785.39990234375,-206.0
2020-04-02,6574.10009765625,6579.39990234375,-5.2998046875
2020-04-03,6581.60009765625,6574.10009765625,7.5
2020-04-06,6844.2998046875,6581.60009765625,262.69970703125
2020-04-07,7002.0,6844.2998046875,157.7001953125
2020-04-08,6951.7998046875,7002.0,-50.2001953125
2020-04-09,7070.60009765625,6951.7998046875,118.80029296875
2020-04-14,7108.60009765625,7070.60009765625,38.0
2020-04-15,6839.5,7108.60009765625,-269.10009765625
2020-04-16,6763.39990234375,6839.5,-76.10009765625
2020-04-17,6875.7998046875,6763.39990234375,112.39990234375
2020-04-20,6831.5,6875.7998046875,-44.2998046875
2020-04-21,6634.89990234375,6831.5,-196.60009765625
2020-04-22,6719.7998046875,6634.89990234375,84.89990234375
2020-04-23,6746.5,6719.7998046875,26.7001953125
2020-04-24,6613.89990234375,6746.5,-132.60009765625
2020-04-27,6731.7998046875,6613.89990234375,117.89990234375
2020-04-28,6836.39990234375,6731.7998046875,104.60009765625
2020-04-29,7055.7001953125,6836.39990234375,219.30029296875
2020-04-30,6922.2998046875,7055.7001953125,-133.400390625
2020-05-04,6673.2998046875,6922.2998046875,-249.0
2020-05-05,6747.7001953125,6673.2998046875,74.400390625
2020-05-06,6671.7001953125,6747.7001953125,-76.0
2020-05-07,6730.89990234375,6671.7001953125,59.19970703125
2020-05-08,6783.10009765625,6730.89990234375,52.2001953125
2020-05-11,6672.2001953125,6783.10009765625,-110.89990234375
2020-05-12,6762.7001953125,6672.2001953125,90.5
2020-05-13,6631.39990234375,6762.7001953125,-131.30029296875
2020-05-14,6545.60009765625,6631.39990234375,-85.7998046875
2020-05-15,6474.89990234375,6545.60009765625,-70.7001953125
2020-05-18,6779.2998046875,6474.89990234375,304.39990234375
2020-05-19,6609.10009765625,6779.2998046875,-170.19970703125
2020-05-20,6683.60009765625,6609.10009765625,74.5
2020-05-21,6686.10009765625,6683.60009765625,2.5
2020-05-22,6697.5,6686.10009765625,11.39990234375
2020-05-25,6856.7998046875,6697.5,159.2998046875
2020-05-26,7003.89990234375,6856.7998046875,147.10009765625
2020-05-27,7174.5,7003.89990234375,170.60009765625
2020-05-28,7224.10009765625,7174.5,49.60009765625
2020-05-29,7096.5,7224.10009765625,-127.60009765625
2020-06-01,7221.39990234375,7096.5,124.89990234375
2020-06-02,7408.10009765625,7221.39990234375,186.7001953125
2020-06-03,7626.39990234375,7408.10009765625,218.2998046875
2020-06-04,7566.7998046875,7626.39990234375,-59.60009765625
2020-06-05,7872.60009765625,7566.7998046875,305.80029296875
2020-06-08,7896.10009765625,7872.60009765625,23.5
2020-06-09,7752.2998046875,7896.10009765625,-143.80029296875
2020-06-10,7663.89990234375,7752.2998046875,-88.39990234375
2020-06-11,7278.0,7663.89990234375,-385.89990234375
2020-06-12,7292.7001953125,7278.0,14.7001953125
2020-06-15,7259.2998046875,7292.7001953125,-33.400390625
2020-06-16,7495.2998046875,7259.2998046875,236.0
2020-06-17,7478.7001953125,7495.2998046875,-16.599609375
2020-06-18,7390.2001953125,7478.7001953125,-88.5
2020-06-19,7414.2001953125,7390.2001953125,24.0
2020-06-22,7345.7001953125,7414.2001953125,-68.5
2020-06-23,7438.39990234375,7345.7001953125,92.69970703125
2020-06-24,7195.5,7438.39990234375,-242.89990234375
2020-06-25,7270.2998046875,7195.5,74.7998046875
2020-06-26,7178.39990234375,7270.2998046875,-91.89990234375
2020-06-29,7278.10009765625,7178.39990234375,99.7001953125
2020-06-30,7231.39990234375,7278.10009765625,-46.7001953125
2020-07-01,7227.39990234375,7231.39990234375,-4.0
2020-07-02,7498.60009765625,7227.39990234375,271.2001953125
2020-07-03,7403.5,7498.60009765625,-95.10009765625
2020-07-06,7556.2001953125,7403.5,152.7001953125
2020-07-07,7447.39990234375,7556.2001953125,-108.80029296875
2020-07-08,7326.39990234375,7447.39990234375,-121.0
2020-07-09,7236.89990234375,7326.39990234375,-89.5
2020-07-10,7321.10009765625,7236.89990234375,84.2001953125
2020-07-13,7426.89990234375,7321.10009765625,105.7998046875
2020-07-14,7352.0,7426.89990234375,-74.89990234375
2020-07-15,7487.60009765625,7352.0,135.60009765625
2020-07-16,7474.7001953125,7487.60009765625,-12.89990234375
2020-07-17,7440.39990234375,7474.7001953125,-34.30029296875
2020-07-20,7478.0,7440.39990234375,37.60009765625
2020-07-21,7494.5,7478.0,16.5
2020-07-22,7390.10009765625,7494.5,-104.39990234375
2020-07-23,7384.89990234375,7390.10009765625,-5.2001953125
2020-07-24,7294.7001953125,7384.89990234375,-90.19970703125
2020-07-27,7170.60009765625,7294.7001953125,-124.10009765625
2020-07-28,7246.39990234375,7170.60009765625,75.7998046875
2020-07-29,7206.2001953125,7246.39990234375,-40.19970703125
2020-07-30,6996.60009765625,7206.2001953125,-209.60009765625
2020-07-31,6877.39990234375,6996.60009765625,-119.2001953125
2020-08-03,6975.0,6877.39990234375,97.60009765625
2020-08-04,7021.60009765625,6975.0,46.60009765625
2020-08-05,7039.7001953125,7021.60009765625,18.10009765625
2020-08-06,6957.89990234375,7039.7001953125,-81.80029296875
2020-08-07,6950.5,6957.89990234375,-7.39990234375
2020-08-10,7053.89990234375,6950.5,103.39990234375
2020-08-11,7263.5,7053.89990234375,209.60009765625
2020-08-12,7296.0,7263.5,32.5
2020-08-13,7250.5,7296.0,-45.5
2020-08-14,7154.2998046875,7250.5,-96.2001953125
2020-08-17,7090.10009765625,7154.2998046875,-64.19970703125
2020-08-18,7043.5,7090.10009765625,-46.60009765625
2020-08-19,7094.2998046875,7043.5,50.7998046875
2020-08-20,6993.2998046875,7094.2998046875,-101.0
2020-08-21,6982.10009765625,6993.2998046875,-11.19970703125
2020-08-24,7109.10009765625,6982.10009765625,127.0
2020-08-25,7108.39990234375,7109.10009765625,-0.7001953125
2020-08-26,7123.0,7108.39990234375,14.60009765625
2020-08-27,7090.7001953125,7123.0,-32.2998046875
2020-08-28,7133.0,7090.7001953125,42.2998046875
2020-08-31,6969.5,7133.0,-163.5
2020-09-01,6956.89990234375,6969.5,-12.60009765625
2020-09-02,6996.89990234375,6956.89990234375,40.0
2020-09-03,7006.0,6996.89990234375,9.10009765625
2020-09-04,6989.7001953125,7006.0,-16.2998046875
2020-09-07,7080.7001953125,6989.7001953125,91.0
2020-09-08,6955.0,7080.7001953125,-125.7001953125
2020-09-09,7020.89990234375,6955.0,65.89990234375
2020-09-10,6999.2001953125,7020.89990234375,-21.69970703125
2020-09-11,6943.2001953125,6999.2001953125,-56.0
2020-09-14,6951.10009765625,6943.2001953125,7.89990234375
2020-09-15,7036.0,6951.10009765625,84.89990234375
2020-09-16,7110.7998046875,7036.0,74.7998046875
2020-09-17,7086.2001953125,7110.7998046875,-24.599609375
2020-09-18,6929.7998046875,7086.2001953125,-156.400390625
2020-09-21,6692.2998046875,6929.7998046875,-237.5
2020-09-22,6648.60009765625,6692.2998046875,-43.69970703125
2020-09-23,6654.2001953125,6648.60009765625,5.60009765625
2020-09-24,6643.39990234375,6654.2001953125,-10.80029296875
2020-09-25,6628.2998046875,6643.39990234375,-15.10009765625
2020-09-28,6791.5,6628.2998046875,163.2001953125
2020-09-29,6713.60009765625,6791.5,-77.89990234375
2020-09-30,6716.60009765625,6713.60009765625,3.0
2020-10-01,6730.7001953125,6716.60009765625,14.10009765625
2020-10-02,6754.5,6730.7001953125,23.7998046875
2020-10-05,6837.89990234375,6754.5,83.39990234375
2020-10-06,6936.2001953125,6837.89990234375,98.30029296875
2020-10-07,6910.10009765625,6936.2001953125,-26.10009765625
2020-10-08,6992.7998046875,6910.10009765625,82.69970703125
2020-10-09,6950.89990234375,6992.7998046875,-41.89990234375
2020-10-12,6951.0,6950.89990234375,0.10009765625
2020-10-13,6875.2001953125,6951.0,-75.7998046875
2020-10-14,6916.60009765625,6875.2001953125,41.39990234375
2020-10-15,6816.7998046875,6916.60009765625,-99.80029296875
2020-10-16,6849.7001953125,6816.7998046875,32.900390625
2020-10-19,6860.2001953125,6849.7001953125,10.5
2020-10-20,6927.2998046875,6860.2001953125,67.099609375
2020-10-21,6811.5,6927.2998046875,-115.7998046875
2020-10-22,6796.60009765625,6811.5,-14.89990234375
2020-10-23,6893.39990234375,6796.60009765625,96.7998046875
2020-10-26,6796.89990234375,6893.39990234375,-96.5
2020-10-27,6651.2998046875,6796.89990234375,-145.60009765625
2020-10-28,6474.39990234375,6651.2998046875,-176.89990234375
2020-10-29,6411.7998046875,6474.39990234375,-62.60009765625
2020-10-30,6452.2001953125,6411.7998046875,40.400390625
2020-11-02,6585.60009765625,6452.2001953125,133.39990234375
2020-11-03,6751.60009765625,6585.60009765625,166.0
2020-11-04,6781.89990234375,6751.60009765625,30.2998046875
2020-11-05,6924.2001953125,6781.89990234375,142.30029296875
2020-11-06,6870.39990234375,6924.2001953125,-53.80029296875
2020-11-09,7459.39990234375,6870.39990234375,589.0
2020-11-10,7711.39990234375,7459.39990234375,252.0
2020-11-11,7793.7001953125,7711.39990234375,82.30029296875
2020-11-12,7726.0,7793.7001953125,-67.7001953125
2020-11-13,7783.7001953125,7726.0,57.7001953125
2020-11-16,7986.2001953125,7783.7001953125,202.5
2020-11-17,7934.2998046875,7986.2001953125,-51.900390625
2020-11-18,7981.5,7934.2998046875,47.2001953125
2020-11-19,7930.2001953125,7981.5,-51.2998046875
2020-11-20,7977.89990234375,7930.2001953125,47.69970703125
2020-11-23,7981.2001953125,7977.89990234375,3.30029296875
2020-11-24,8143.2001953125,7981.2001953125,162.0
2020-11-25,8164.7001953125,8143.2001953125,21.5
2020-11-26,8104.60009765625,8164.7001953125,-60.10009765625
2020-11-27,8190.7001953125,8104.60009765625,86.10009765625
2020-11-30,8076.89990234375,8190.7001953125,-113.80029296875
2020-12-01,8140.7998046875,8076.89990234375,63.89990234375
2020-12-02,8220.7998046875,8140.7998046875,80.0
2020-12-03,8200.7001953125,8220.7998046875,-20.099609375
2020-12-04,8322.900390625,8200.7001953125,122.2001953125
2020-12-07,8275.599609375,8322.900390625,-47.30078125
2020-12-08,8227.599609375,8275.599609375,-48.0
2020-12-09,8235.2998046875,8227.599609375,7.7001953125
2020-12-10,8182.2998046875,8235.2998046875,-53.0
2020-12-11,8063.10009765625,8182.2998046875,-119.19970703125
2020-12-14,8140.7998046875,8063.10009765625,77.69970703125
2020-12-15,8152.39990234375,8140.7998046875,11.60009765625
2020-12-16,8139.5,8152.39990234375,-12.89990234375
2020-12-17,8153.39990234375,8139.5,13.89990234375
2020-12-18,8037.39990234375,8153.39990234375,-116.0
2020-12-21,7789.7998046875,8037.39990234375,-247.60009765625
2020-12-22,7934.2001953125,7789.7998046875,144.400390625
2020-12-23,8073.60009765625,7934.2001953125,139.39990234375
2020-12-24,8111.5,8073.60009765625,37.89990234375
2020-12-28,8155.60009765625,8111.5,44.10009765625
2020-12-29,8174.7998046875,8155.60009765625,19.19970703125
2020-12-30,8154.39990234375,8174.7998046875,-20.39990234375
2020-12-31,8073.7001953125,8154.39990234375,-80.69970703125
2021-01-04,8099.2001953125,8073.7001953125,25.5
2021-01-05,8091.5,8099.2001953125,-7.7001953125
2021-01-06,8350.2998046875,8091.5,258.7998046875
2021-01-07,8385.7998046875,8350.2998046875,35.5
2021-01-08,8407.7001953125,8385.7998046875,21.900390625
2021-01-11,8357.5,8407.7001953125,-50.2001953125
2021-01-12,8345.900390625,8357.5,-11.599609375
2021-01-13,8361.099609375,8345.900390625,15.19921875
2021-01-14,8372.400390625,8361.099609375,11.30078125
2021-01-15,8230.7001953125,8372.400390625,-141.7001953125
2021-01-18,8254.5,8230.7001953125,23.7998046875
2021-01-19,8199.0,8254.5,-55.5
2021-01-20,8204.099609375,8199.0,5.099609375
2021-01-21,8122.10009765625,8204.099609375,-81.99951171875
2021-01-22,8036.39990234375,8122.10009765625,-85.7001953125
2021-01-25,7897.2998046875,8036.39990234375,-139.10009765625
2021-01-26,7964.89990234375,7897.2998046875,67.60009765625
2021-01-27,7852.7001953125,7964.89990234375,-112.19970703125
2021-01-28,7932.5,7852.7001953125,79.7998046875
2021-01-29,7757.5,7932.5,-175.0
2021-02-01,7798.2001953125,7757.5,40.7001953125
2021-02-02,7950.89990234375,7798.2001953125,152.69970703125
2021-02-03,8012.7998046875,7950.89990234375,61.89990234375
2021-02-04,8122.60009765625,8012.7998046875,109.80029296875
2021-02-05,8214.7001953125,8122.60009765625,92.10009765625
2021-02-08,8219.0,8214.7001953125,4.2998046875
2021-02-09,8101.0,8219.0,-118.0
2021-02-10,8065.39990234375,8101.0,-35.60009765625
2021-02-11,8037.60009765625,8065.39990234375,-27.7998046875
2021-02-12,8055.0,8037.60009765625,17.39990234375
2021-02-15,8203.5,8055.0,148.5
2021-02-16,8153.7001953125,8203.5,-49.7998046875
2021-02-17,8122.7001953125,8153.7001953125,-31.0
2021-02-18,8058.10009765625,8122.7001953125,-64.60009765625
2021-02-19,8151.60009765625,8058.10009765625,93.5
2021-02-22,8112.2001953125,8151.60009765625,-39.39990234375
2021-02-23,8252.099609375,8112.2001953125,139.8994140625
2021-02-24,8269.599609375,8252.099609375,17.5
2021-02-25,8317.7998046875,8269.599609375,48.2001953125
2021-02-26,8225.0,8317.7998046875,-92.7998046875
2021-03-01,8378.099609375,8225.0,153.099609375
2021-03-02,8355.7998046875,8378.099609375,-22.2998046875
2021-03-03,8329.2998046875,8355.7998046875,-26.5
2021-03-04,8354.0,8329.2998046875,24.7001953125
2021-03-05,8286.7998046875,8354.0,-67.2001953125
2021-03-08,8444.2001953125,8286.7998046875,157.400390625
2021-03-09,8496.400390625,8444.2001953125,52.2001953125
2021-03-10,8525.2001953125,8496.400390625,28.7998046875
2021-03-11,8593.0,8525.2001953125,67.7998046875
2021-03-12,8644.5,8593.0,51.5
2021-03-15,8635.400390625,8644.5,-9.099609375
2021-03-16,8657.7001953125,8635.400390625,22.2998046875
2021-03-17,8599.5,8657.7001953125,-58.2001953125
2021-03-18,8624.599609375,8599.5,25.099609375
2021-03-19,8493.0,8624.599609375,-131.599609375
2021-03-22,8343.5,8493.0,-149.5
2021-03-23,8390.2998046875,8343.5,46.7998046875
2021-03-24,8443.7001953125,8390.2998046875,53.400390625
2021-03-25,8409.5,8443.7001953125,-34.2001953125
2021-03-26,8498.2001953125,8409.5,88.7001953125
2021-03-29,8492.099609375,8498.2001953125,-6.1005859375
2021-03-30,8595.2001953125,8492.099609375,103.1005859375
2021-03-31,8580.0,8595.2001953125,-15.2001953125
2021-04-01,8577.599609375,8580.0,-2.400390625
2021-04-06,8634.599609375,8577.599609375,57.0
2021-04-07,8597.400390625,8634.599609375,-37.19921875
2021-04-08,8637.7998046875,8597.400390625,40.3994140625
2021-04-09,8565.7998046875,8637.7998046875,-72.0
2021-04-12,8532.599609375,8565.7998046875,-33.2001953125
2021-04-13,8525.099609375,8532.599609375,-7.5
2021-04-14,8588.400390625,8525.099609375,63.30078125
2021-04-15,8571.599609375,8588.400390625,-16.80078125
2021-04-16,8613.5,8571.599609375,41.900390625
2021-04-19,8711.400390625,8613.5,97.900390625
2021-04-20,8459.400390625,8711.400390625,-252.0
2021-04-21,8519.7998046875,8459.400390625,60.3994140625
2021-04-22,8656.7998046875,8519.7998046875,137.0
2021-04-23,8618.599609375,8656.7998046875,-38.2001953125
2021-04-26,8701.900390625,8618.599609375,83.30078125
2021-04-27,8756.7001953125,8701.900390625,54.7998046875
2021-04-28,8799.599609375,8756.7001953125,42.8994140625
2021-04-29,8823.2001953125,8799.599609375,23.6005859375
2021-04-30,8815.0,8823.2001953125,-8.2001953125
2021-05-03,8893.7001953125,8815.0,78.7001953125
2021-05-04,8830.400390625,8893.7001953125,-63.2998046875
2021-05-05,8967.7998046875,8830.400390625,137.3994140625
2021-05-06,8982.2001953125,8967.7998046875,14.400390625
2021-05-07,9059.2001953125,8982.2001953125,77.0
2021-05-10,9144.2998046875,9059.2001953125,85.099609375
2021-05-11,8987.2001953125,9144.2998046875,-157.099609375
2021-05-12,9007.7001953125,8987.2001953125,20.5
2021-05-13,8966.2001953125,9007.7001953125,-41.5
2021-05-14,9145.599609375,8966.2001953125,179.3994140625
2021-05-17,9155.599609375,9145.599609375,10.0
2021-05-18,9183.900390625,9155.599609375,28.30078125
2021-05-19,9070.7001953125,9183.900390625,-113.2001953125
2021-05-20,9124.2998046875,9070.7001953125,53.599609375
2021-05-21,9204.0,9124.2998046875,79.7001953125
2021-05-24,9205.5,9204.0,1.5
2021-05-25,9208.7001953125,9205.5,3.2001953125
2021-05-26,9196.900390625,9208.7001953125,-11.7998046875
2021-05-27,9186.099609375,9196.900390625,-10.80078125
2021-05-28,9224.599609375,9186.099609375,38.5
2021-05-31,9148.900390625,9224.599609375,-75.69921875
2021-06-01,9189.7001953125,9148.900390625,40.7998046875
2021-06-02,9180.7001953125,9189.7001953125,-9.0
2021-06-03,9142.400390625,9180.7001953125,-38.2998046875
2021-06-04,9088.2998046875,9142.400390625,-54.1005859375
2021-06-07,9163.599609375,9088.2998046875,75.2998046875
2021-06-08,9153.599609375,9163.599609375,-10.0
2021-06-09,9156.099609375,9153.599609375,2.5
2021-06-10,9133.7998046875,9156.099609375,-22.2998046875
2021-06-11,9205.0,9133.7998046875,71.2001953125
2021-06-14,9281.099609375,9205.0,76.099609375
2021-06-15,9230.7001953125,9281.099609375,-50.3994140625
2021-06-16,9202.2001953125,9230.7001953125,-28.5
2021-06-17,9195.900390625,9202.2001953125,-6.2998046875
2021-06-18,9030.599609375,9195.900390625,-165.30078125
2021-06-21,9051.7001953125,9030.599609375,21.1005859375
2021-06-22,9053.2998046875,9051.7001953125,1.599609375
2021-06-23,8954.099609375,9053.2998046875,-99.2001953125
2021-06-24,9074.099609375,8954.099609375,120.0
2021-06-25,9095.0,9074.099609375,20.900390625
2021-06-28,8913.7001953125,9095.0,-181.2998046875
2021-06-29,8915.099609375,8913.7001953125,1.3994140625
2021-06-30,8821.2001953125,8915.099609375,-93.8994140625
2021-07-01,8932.2998046875,8821.2001953125,111.099609375
2021-07-02,8907.599609375,8932.2998046875,-24.7001953125
2021-07-05,8946.400390625,8907.599609375,38.80078125
2021-07-06,8860.7998046875,8946.400390625,-85.6005859375
2021-07-07,8854.5,8860.7998046875,-6.2998046875
2021-07-08,8650.099609375,8854.5,-204.400390625
2021-07-09,8776.599609375,8650.099609375,126.5
2021-07-12,8816.7001953125,8776.599609375,40.1005859375
2021-07-13,8694.7998046875,8816.7001953125,-121.900390625
2021-07-14,8658.2998046875,8694.7998046875,-36.5
2021-07-15,8527.0,8658.2998046875,-131.2998046875
2021-07-16,8506.2001953125,8527.0,-20.7998046875
2021-07-19,8301.7001953125,8506.2001953125,-204.5
2021-07-20,8358.0,8301.7001953125,56.2998046875
2021-07-21,8567.0,8358.0,209.0
2021-07-22,8621.7998046875,8567.0,54.7998046875
2021-07-23,8717.2001953125,8621.7998046875,95.400390625
2021-07-26,8775.2001953125,8717.2001953125,58.0
2021-07-27,8699.2001953125,8775.2001953125,-76.0
2021-07-28,8733.7001953125,8699.2001953125,34.5
2021-07-29,8786.2998046875,8733.7001953125,52.599609375
2021-07-30,8675.7001953125,8786.2998046875,-110.599609375
2021-08-02,8758.7001953125,8675.7001953125,83.0
2021-08-03,8772.7998046875,8758.7001953125,14.099609375
2021-08-04,8792.900390625,8772.7998046875,20.1005859375
2021-08-05,8836.5,8792.900390625,43.599609375
2021-08-06,8879.0,8836.5,42.5
2021-08-09,8865.900390625,8879.0,-13.099609375
2021-08-10,8899.0,8865.900390625,33.099609375
2021-08-11,8975.7998046875,8899.0,76.7998046875
2021-08-12,8979.400390625,8975.7998046875,3.6005859375
2021-08-13,8999.7998046875,8979.400390625,20.3994140625
2021-08-16,8926.599609375,8999.7998046875,-73.2001953125
2021-08-17,8865.7001953125,8926.599609375,-60.8994140625
2021-08-18,8970.2001953125,8865.7001953125,104.5
2021-08-19,8902.2001953125,8970.2001953125,-68.0
2021-08-20,8915.2998046875,8902.2001953125,13.099609375
2021-08-23,8968.099609375,8915.2998046875,52.7998046875
2021-08-24,8948.599609375,8968.099609375,-19.5
2021-08-25,8977.400390625,8948.599609375,28.80078125
2021-08-26,8892.7001953125,8977.400390625,-84.7001953125
2021-08-27,8922.2001953125,8892.7001953125,29.5
2021-08-30,8867.900390625,8922.2001953125,-54.2998046875
2021-08-31,8846.599609375,8867.900390625,-21.30078125
2021-09-01,8991.5,8846.599609375,144.900390625
2021-09-02,8981.400390625,8991.5,-10.099609375
2021-09-03,8864.0,8981.400390625,-117.400390625
2021-09-06,8882.2998046875,8864.0,18.2998046875
2021-09-07,8894.5,8882.2998046875,12.2001953125
2021-09-08,8838.7001953125,8894.5,-55.7998046875
2021-09-09,8800.599609375,8838.7001953125,-38.1005859375
2021-09-10,8695.2998046875,8800.599609375,-105.2998046875
2021-09-13,8816.099609375,8695.2998046875,120.7998046875
2021-09-14,8780.0,8816.099609375,-36.099609375
2021-09-15,8635.400390625,8780.0,-144.599609375
2021-09-16,8733.7001953125,8635.400390625,98.2998046875
2021-09-17,8760.900390625,8733.7001953125,27.2001953125
2021-09-20,8655.400390625,8760.900390625,-105.5
2021-09-21,8756.0,8655.400390625,100.599609375
2021-09-22,8808.400390625,8756.0,52.400390625
2021-09-23,8876.900390625,8808.400390625,68.5
2021-09-24,8873.099609375,8876.900390625,-3.80078125
2021-09-27,9002.900390625,8873.099609375,129.80078125
2021-09-28,8769.400390625,9002.900390625,-233.5
2021-09-29,8879.400390625,8769.400390625,110.0
2021-09-30,8796.2998046875,8879.400390625,-83.1005859375
2021-10-01,8799.5,8796.2998046875,3.2001953125
2021-10-04,8791.7001953125,8799.5,-7.7998046875
2021-10-05,8927.400390625,8791.7001953125,135.7001953125
2021-10-06,8775.0,8927.400390625,-152.400390625
2021-10-07,8962.7998046875,8775.0,187.7998046875
2021-10-08,8955.0,8962.7998046875,-7.7998046875
2021-10-11,8899.0,8955.0,-56.0
2021-10-12,8935.900390625,8899.0,36.900390625
2021-10-13,8881.400390625,8935.900390625,-54.5
2021-10-14,8925.0,8881.400390625,43.599609375
2021-10-15,8997.0,8925.0,72.0
2021-10-18,8936.0,8997.0,-61.0
2021-10-19,8996.2998046875,8936.0,60.2998046875
2021-10-20,9017.900390625,8996.2998046875,21.6005859375
2021-10-21,8944.2998046875,9017.900390625,-73.6005859375
2021-10-22,8906.400390625,8944.2998046875,-37.8994140625
2021-10-25,8920.900390625,8906.400390625,14.5
2021-10-26,9001.599609375,8920.900390625,80.69921875
2021-10-27,8972.2998046875,9001.599609375,-29.2998046875
2021-10-28,9025.7998046875,8972.2998046875,53.5
2021-10-29,9057.7001953125,9025.7998046875,31.900390625
2021-11-01,9182.599609375,9057.7001953125,124.8994140625
2021-11-02,9105.7001953125,9182.599609375,-76.8994140625
2021-11-03,9030.7998046875,9105.7001953125,-74.900390625
2021-11-04,9039.400390625,9030.7998046875,8.6005859375
2021-11-05,9130.599609375,9039.400390625,91.19921875
2021-11-08,9070.7998046875,9130.599609375,-59.7998046875
2021-11-09,9074.900390625,9070.7998046875,4.1005859375
2021-11-10,9141.7998046875,9074.900390625,66.8994140625
2021-11-11,9092.2001953125,9141.7998046875,-49.599609375
2021-11-12,9080.7998046875,9092.2001953125,-11.400390625
2021-11-15,9095.7001953125,9080.7998046875,14.900390625
2021-11-16,9040.2001953125,9095.7001953125,-55.5
2021-11-17,8993.400390625,9040.2001953125,-46.7998046875
2021-11-18,8903.2001953125,8993.400390625,-90.2001953125
2021-11-19,8753.2001953125,8903.2001953125,-150.0
2021-11-22,8821.2998046875,8753.2001953125,68.099609375
2021-11-23,8815.099609375,8821.2998046875,-6.2001953125
2021-11-24,8792.0,8815.099609375,-23.099609375
2021-11-25,8840.900390625,8792.0,48.900390625
2021-11-26,8402.7001953125,8840.900390625,-438.2001953125
2021-11-29,8455.2001953125,8402.7001953125,52.5
2021-11-30,8305.099609375,8455.2001953125,-150.1005859375
2021-12-01,8452.599609375,8305.099609375,147.5
2021-12-02,8300.7998046875,8452.599609375,-151.7998046875
2021-12-03,8241.7001953125,8300.7998046875,-59.099609375
2021-12-06,8439.7001953125,8241.7001953125,198.0
2021-12-07,8559.5,8439.7001953125,119.7998046875
2021-12-08,8478.400390625,8559.5,-81.099609375
2021-12-09,8399.599609375,8478.400390625,-78.80078125
2021-12-10,8360.2001953125,8399.599609375,-39.3994140625
2021-12-13,8322.7001953125,8360.2001953125,-37.5
2021-12-14,8378.5,8322.7001953125,55.7998046875
2021-12-15,8275.0,8378.5,-103.5
2021-12-16,8380.0,8275.0,105.0
2021-12-17,8311.599609375,8380.0,-68.400390625
2021-12-20,8242.400390625,8311.599609375,-69.19921875
2021-12-21,8387.5,8242.400390625,145.099609375
2021-12-22,8459.099609375,8387.5,71.599609375
2021-12-23,8563.7001953125,8459.099609375,104.6005859375
2021-12-27,8622.099609375,8563.7001953125,58.3994140625
2021-12-28,8688.900390625,8622.099609375,66.80078125
2021-12-29,8673.7001953125,8688.900390625,-15.2001953125
2021-12-30,8713.7998046875,8673.7001953125,40.099609375
2022-01-03,8761.2001953125,8713.7998046875,47.400390625
2022-01-04,8795.7998046875,8761.2001953125,34.599609375
2022-01-05,8790.7998046875,8795.7998046875,-5.0
2022-01-06,8789.900390625,8790.7998046875,-0.8994140625
2022-01-07,8751.7998046875,8789.900390625,-38.1005859375
2022-01-10,8706.900390625,8751.7998046875,-44.8994140625
2022-01-11,8755.900390625,8706.900390625,49.0
2022-01-12,8770.2998046875,8755.900390625,14.3994140625
2022-01-13,8816.900390625,8770.2998046875,46.6005859375
2022-01-14,8806.599609375,8816.900390625,-10.30078125
2022-01-17,8838.7001953125,8806.599609375,32.1005859375
2022-01-18,8781.599609375,8838.7001953125,-57.1005859375
2022-01-19,8774.900390625,8781.599609375,-6.69921875
2022-01-20,8814.599609375,8774.900390625,39.69921875
2022-01-21,8694.7001953125,8814.599609375,-119.8994140625
2022-01-24,8417.7998046875,8694.7001953125,-276.900390625
2022-01-25,8479.5,8417.7998046875,61.7001953125
2022-01-26,8620.2001953125,8479.5,140.7001953125
2022-01-27,8706.0,8620.2001953125,85.7998046875
2022-01-28,8609.7998046875,8706.0,-96.2001953125
2022-01-31,8612.7998046875,8609.7998046875,3.0
2022-02-01,8726.7001953125,8612.7998046875,113.900390625
2022-02-02,8713.2001953125,8726.7001953125,-13.5
2022-02-03,8689.400390625,8713.2001953125,-23.7998046875
2022-02-04,8589.2998046875,8689.400390625,-100.1005859375
2022-02-07,8558.400390625,8589.2998046875,-30.8994140625
2022-02-08,8674.599609375,8558.400390625,116.19921875
2022-02-09,8846.400390625,8674.599609375,171.80078125
2022-02-10,8886.2001953125,8846.400390625,39.7998046875
2022-02-11,8798.099609375,8886.2001953125,-88.1005859375
2022-02-14,8573.7998046875,8798.099609375,-224.2998046875
2022-02-15,8718.0,8573.7998046875,144.2001953125
2022-02-16,8737.2001953125,8718.0,19.2001953125
2022-02-17,8671.099609375,8737.2001953125,-66.1005859375
2022-02-18,8590.0,8671.099609375,-81.099609375
2022-02-21,8488.900390625,8590.0,-101.099609375
2022-02-22,8493.2001953125,8488.900390625,4.2998046875
2022-02-23,8440.099609375,8493.2001953125,-53.1005859375
2022-02-24,8198.5,8440.099609375,-241.599609375
2022-02-25,8486.599609375,8198.5,288.099609375
2022-02-28,8479.2001953125,8486.599609375,-7.3994140625
2022-03-01,8188.2001953125,8479.2001953125,-291.0
2022-03-02,8321.0,8188.2001953125,132.7998046875
2022-03-03,8011.39990234375,8321.0,-309.60009765625
2022-03-04,7720.89990234375,8011.39990234375,-290.5
2022-03-07,7644.60009765625,7720.89990234375,-76.2998046875
2022-03-08,7783.39990234375,7644.60009765625,138.7998046875
2022-03-09,8163.10009765625,7783.39990234375,379.7001953125
2022-03-10,8069.2998046875,8163.10009765625,-93.80029296875
2022-03-11,8142.10009765625,8069.2998046875,72.80029296875
2022-03-14,8234.400390625,8142.10009765625,92.30029296875
2022-03-15,8236.099609375,8234.400390625,1.69921875
2022-03-16,8380.400390625,8236.099609375,144.30078125
2022-03-17,8412.0,8380.400390625,31.599609375
2022-03-18,8417.599609375,8412.0,5.599609375
2022-03-21,8389.2001953125,8417.599609375,-28.3994140625
2022-03-22,8487.2001953125,8389.2001953125,98.0
2022-03-23,8328.400390625,8487.2001953125,-158.7998046875
2022-03-24,8305.099609375,8328.400390625,-23.30078125
2022-03-25,8330.599609375,8305.099609375,25.5
2022-03-28,8365.599609375,8330.599609375,35.0
2022-03-29,8614.599609375,8365.599609375,249.0
2022-03-30,8550.599609375,8614.599609375,-64.0
2022-03-31,8445.099609375,8550.599609375,-105.5
2022-04-01,8503.7001953125,8445.099609375,58.6005859375
2022-04-04,8520.7998046875,8503.7001953125,17.099609375
2022-04-05,8623.2998046875,8520.7998046875,102.5
2022-04-06,8482.099609375,8623.2998046875,-141.2001953125
2022-04-07,8467.400390625,8482.099609375,-14.69921875
2022-04-08,8606.400390625,8467.400390625,139.0
2022-04-11,8585.0,8606.400390625,-21.400390625
2022-04-12,8578.0,8585.0,-7.0
2022-04-13,8617.7998046875,8578.0,39.7998046875
2022-04-14,8699.0,8617.7998046875,81.2001953125
2022-04-19,8694.0,8699.0,-5.0
2022-04-20,8769.5,8694.0,75.5
2022-04-21,8814.599609375,8769.5,45.099609375
2022-04-22,8652.2998046875,8814.599609375,-162.2998046875
2022-04-25,8574.599609375,8652.2998046875,-77.7001953125
2022-04-26,8439.2998046875,8574.599609375,-135.2998046875
2022-04-27,8477.7001953125,8439.2998046875,38.400390625
2022-04-28,8512.2001953125,8477.7001953125,34.5
2022-04-29,8584.2001953125,8512.2001953125,72.0
2022-05-02,8436.0,8584.2001953125,-148.2001953125
2022-05-03,8590.2001953125,8436.0,154.2001953125
2022-05-04,8500.5,8590.2001953125,-89.7001953125
2022-05-05,8434.7001953125,8500.5,-65.7998046875
2022-05-06,8322.0,8434.7001953125,-112.7001953125
2022-05-09,8139.2001953125,8322.0,-182.7998046875
2022-05-10,8139.2001953125,8139.2001953125,0.0
2022-05-11,8312.599609375,8139.2001953125,173.3994140625
2022-05-12,8200.400390625,8312.599609375,-112.19921875
2022-05-13,8338.099609375,8200.400390625,137.69921875
2022-05-16,8353.7001953125,8338.099609375,15.6005859375
2022-05-17,8475.7001953125,8353.7001953125,122.0
2022-05-18,8476.400390625,8475.7001953125,0.7001953125
2022-05-19,8406.0,8476.400390625,-70.400390625
2022-05-20,8484.5,8406.0,78.5
2022-05-23,8625.7998046875,8484.5,141.2998046875
2022-05-24,8631.2001953125,8625.7998046875,5.400390625
2022-05-25,8760.2001953125,8631.2001953125,129.0
2022-05-26,8888.7998046875,8760.2001953125,128.599609375
2022-05-27,8933.599609375,8888.7998046875,44.7998046875
2022-05-30,8930.7998046875,8933.599609375,-2.7998046875
2022-05-31,8851.5,8930.7998046875,-79.2998046875
2022-06-01,8747.2001953125,8851.5,-104.2998046875
2022-06-02,8744.099609375,8747.2001953125,-3.1005859375
2022-06-03,8724.7998046875,8744.099609375,-19.2998046875
2022-06-06,8836.2998046875,8724.7998046875,111.5
2022-06-07,8841.599609375,8836.2998046875,5.2998046875
2022-06-08,8842.7001953125,8841.599609375,1.1005859375
2022-06-09,8711.2001953125,8842.7001953125,-131.5
2022-06-10,8390.599609375,8711.2001953125,-320.6005859375
2022-06-13,8183.2998046875,8390.599609375,-207.2998046875
2022-06-14,8066.39990234375,8183.2998046875,-116.89990234375
2022-06-15,8174.7001953125,8066.39990234375,108.30029296875
2022-06-16,8078.10009765625,8174.7001953125,-96.60009765625
2022-06-17,8145.89990234375,8078.10009765625,67.7998046875
2022-06-20,8286.0,8145.89990234375,140.10009765625
2022-06-21,8235.599609375,8286.0,-50.400390625
2022-06-22,8145.39990234375,8235.599609375,-90.19970703125
2022-06-23,8106.39990234375,8145.39990234375,-39.0
2022-06-24,8244.099609375,8106.39990234375,137.69970703125
2022-06-27,8242.599609375,8244.099609375,-1.5
2022-06-28,8317.5,8242.599609375,74.900390625
2022-06-29,8188.0,8317.5,-129.5
2022-06-30,8098.7001953125,8188.0,-89.2998046875
2022-07-01,8176.10009765625,8098.7001953125,77.39990234375
2022-07-04,8161.7998046875,8176.10009765625,-14.30029296875
2022-07-05,7959.39990234375,8161.7998046875,-202.39990234375
2022-07-06,7948.60009765625,7959.39990234375,-10.7998046875
2022-07-07,8122.5,7948.60009765625,173.89990234375
2022-07-08,8100.2998046875,8122.5,-22.2001953125
2022-07-11,8065.2001953125,8100.2998046875,-35.099609375
2022-07-12,8014.7998046875,8065.2001953125,-50.400390625
2022-07-13,7944.89990234375,8014.7998046875,-69.89990234375
2022-07-14,7804.2998046875,7944.89990234375,-140.60009765625
2022-07-15,7945.89990234375,7804.2998046875,141.60009765625
2022-07-18,7963.10009765625,7945.89990234375,17.2001953125
2022-07-19,8125.10009765625,7963.10009765625,162.0
2022-07-20,8028.89990234375,8125.10009765625,-96.2001953125
2022-07-21,8012.7001953125,8028.89990234375,-16.19970703125
2022-07-22,8051.60009765625,8012.7001953125,38.89990234375
2022-07-25,8085.60009765625,8051.60009765625,34.0
2022-07-26,8069.60009765625,8085.60009765625,-16.0
2022-07-27,8124.39990234375,8069.60009765625,54.7998046875
2022-07-28,8084.89990234375,8124.39990234375,-39.5
2022-07-29,8156.2001953125,8084.89990234375,71.30029296875
2022-08-01,8085.10009765625,8156.2001953125,-71.10009765625
2022-08-02,8096.89990234375,8085.10009765625,11.7998046875
2022-08-03,8142.10009765625,8096.89990234375,45.2001953125
2022-08-04,8161.10009765625,8142.10009765625,19.0
2022-08-05,8168.0,8161.10009765625,6.89990234375
2022-08-08,8272.5,8168.0,104.5
2022-08-09,8311.900390625,8272.5,39.400390625
2022-08-10,8352.7998046875,8311.900390625,40.8994140625
2022-08-11,8380.0,8352.7998046875,27.2001953125
2022-08-12,8400.400390625,8380.0,20.400390625
2022-08-15,8427.0,8400.400390625,26.599609375
2022-08-16,8511.900390625,8427.0,84.900390625
2022-08-17,8434.7998046875,8511.900390625,-77.1005859375
2022-08-18,8430.2998046875,8434.7998046875,-4.5
2022-08-19,8338.099609375,8430.2998046875,-92.2001953125
2022-08-22,8284.7998046875,8338.099609375,-53.2998046875
2022-08-23,8226.2998046875,8284.7998046875,-58.5
2022-08-24,8199.400390625,8226.2998046875,-26.8994140625
2022-08-25,8187.5,8199.400390625,-11.900390625
2022-08-26,8063.89990234375,8187.5,-123.60009765625
2022-08-29,7989.60009765625,8063.89990234375,-74.2998046875
2022-08-30,7979.7998046875,7989.60009765625,-9.80029296875
2022-08-31,7886.10009765625,7979.7998046875,-93.69970703125
2022-09-01,7806.0,7886.10009765625,-80.10009765625
2022-09-02,7932.2001953125,7806.0,126.2001953125
2022-09-05,7862.7001953125,7932.2001953125,-69.5
2022-09-06,7842.2001953125,7862.7001953125,-20.5
2022-09-07,7855.89990234375,7842.2001953125,13.69970703125
2022-09-08,7916.7998046875,7855.89990234375,60.89990234375
2022-09-09,8033.10009765625,7916.7998046875,116.30029296875
2022-09-12,8194.2998046875,8033.10009765625,161.19970703125
2022-09-13,8064.0,8194.2998046875,-130.2998046875
2022-09-14,8055.60009765625,8064.0,-8.39990234375
2022-09-15,8085.5,8055.60009765625,29.89990234375
2022-09-16,7984.7001953125,8085.5,-100.7998046875
2022-09-19,7993.2001953125,7984.7001953125,8.5
2022-09-20,7873.10009765625,7993.2001953125,-120.10009765625
2022-09-21,7872.2001953125,7873.10009765625,-0.89990234375
2022-09-22,7774.7001953125,7872.2001953125,-97.5
2022-09-23,7583.5,7774.7001953125,-191.2001953125
2022-09-26,7508.5,7583.5,-75.0
2022-09-27,7445.7001953125,7508.5,-62.7998046875
2022-09-28,7442.2001953125,7445.7001953125,-3.5
2022-09-29,7300.10009765625,7442.2001953125,-142.10009765625
2022-09-30,7366.7998046875,7300.10009765625,66.69970703125
2022-10-03,7462.0,7366.7998046875,95.2001953125
2022-10-04,7696.60009765625,7462.0,234.60009765625
2022-10-05,7579.89990234375,7696.60009765625,-116.7001953125
2022-10-06,7511.10009765625,7579.89990234375,-68.7998046875
2022-10-07,7436.89990234375,7511.10009765625,-74.2001953125
2022-10-10,7413.5,7436.89990234375,-23.39990234375
2022-10-11,7355.89990234375,7413.5,-57.60009765625
2022-10-12,7261.10009765625,7355.89990234375,-94.7998046875
2022-10-13,7348.7998046875,7261.10009765625,87.69970703125
2022-10-14,7382.5,7348.7998046875,33.7001953125
2022-10-17,7557.10009765625,7382.5,174.60009765625
2022-10-18,7611.2998046875,7557.10009765625,54.19970703125
2022-10-19,7583.60009765625,7611.2998046875,-27.69970703125
2022-10-20,7644.39990234375,7583.60009765625,60.7998046875
2022-10-21,7545.60009765625,7644.39990234375,-98.7998046875
2022-10-24,7680.5,7545.60009765625,134.89990234375
2022-10-25,7794.89990234375,7680.5,114.39990234375
2022-10-26,7870.60009765625,7794.89990234375,75.7001953125
2022-10-27,7921.10009765625,7870.60009765625,50.5
2022-10-28,7916.5,7921.10009765625,-4.60009765625
2022-10-31,7956.5,7916.5,40.0
2022-11-01,7999.0,7956.5,42.5
2022-11-02,7968.60009765625,7999.0,-30.39990234375
2022-11-03,7868.89990234375,7968.60009765625,-99.7001953125
2022-11-04,7942.7001953125,7868.89990234375,73.80029296875
2022-11-07,7962.2998046875,7942.7001953125,19.599609375
2022-11-08,7998.89990234375,7962.2998046875,36.60009765625
2022-11-09,8040.39990234375,7998.89990234375,41.5
2022-11-10,8133.2001953125,8040.39990234375,92.80029296875
2022-11-11,8133.2001953125,8133.2001953125,0.0
2022-11-14,8166.5,8133.2001953125,33.2998046875
2022-11-15,8188.39990234375,8166.5,21.89990234375
2022-11-16,8101.39990234375,8188.39990234375,-87.0
2022-11-17,8040.7001953125,8101.39990234375,-60.69970703125
2022-11-18,8127.7998046875,8040.7001953125,87.099609375
2022-11-21,8188.39990234375,8127.7998046875,60.60009765625
2022-11-22,8325.0,8188.39990234375,136.60009765625
2022-11-23,8331.2001953125,8325.0,6.2001953125
2022-11-24,8388.099609375,8331.2001953125,56.8994140625
2022-11-25,8416.599609375,8388.099609375,28.5
2022-11-28,8323.2001953125,8416.599609375,-93.3994140625
2022-11-29,8322.099609375,8323.2001953125,-1.1005859375
2022-11-30,8363.2001953125,8322.099609375,41.1005859375
2022-12-01,8407.900390625,8363.2001953125,44.7001953125
2022-12-02,8382.599609375,8407.900390625,-25.30078125
2022-12-05,8370.099609375,8382.599609375,-12.5
2022-12-06,8331.900390625,8370.099609375,-38.19921875
2022-12-07,8290.5,8331.900390625,-41.400390625
2022-12-08,8225.2001953125,8290.5,-65.2998046875
2022-12-09,8289.2001953125,8225.2001953125,64.0
2022-12-12,8258.900390625,8289.2001953125,-30.2998046875
2022-12-13,8327.7001953125,8258.900390625,68.7998046875
2022-12-14,8360.599609375,8327.7001953125,32.8994140625
2022-12-15,8218.7998046875,8360.599609375,-141.7998046875
2022-12-16,8112.5,8218.7998046875,-106.2998046875
2022-12-19,8136.7998046875,8112.5,24.2998046875
2022-12-20,8185.2001953125,8136.7998046875,48.400390625
2022-12-21,8302.2998046875,8185.2001953125,117.099609375
2022-12-22,8272.099609375,8302.2998046875,-30.2001953125
2022-12-23,8269.099609375,8272.099609375,-3.0
2022-12-27,8270.099609375,8269.099609375,1.0
2022-12-28,8258.5,8270.099609375,-11.599609375
2022-12-29,8318.2998046875,8258.5,59.7998046875
2022-12-30,8229.099609375,8318.2998046875,-89.2001953125
2023-01-02,8369.7001953125,8229.099609375,140.6005859375
2023-01-03,8397.400390625,8369.7001953125,27.7001953125
2023-01-04,8559.7998046875,8397.400390625,162.3994140625
2023-01-05,8607.599609375,8559.7998046875,47.7998046875
2023-01-06,8701.099609375,8607.599609375,93.5
2023-01-09,8694.900390625,8701.099609375,-6.19921875
2023-01-10,8712.7001953125,8694.900390625,17.7998046875
2023-01-11,8726.2998046875,8712.7001953125,13.599609375
2023-01-12,8828.099609375,8726.2998046875,101.7998046875
2023-01-13,8881.7001953125,8828.099609375,53.6005859375
2023-01-16,8871.099609375,8881.7001953125,-10.6005859375
2023-01-17,8890.400390625,8871.099609375,19.30078125
2023-01-18,8933.2998046875,8890.400390625,42.8994140625
2023-01-19,8793.099609375,8933.2998046875,-140.2001953125
2023-01-20,8918.2001953125,8793.099609375,125.1005859375
2023-01-23,8944.099609375,8918.2001953125,25.8994140625
2023-01-24,8967.099609375,8944.099609375,23.0
2023-01-25,8957.5,8967.099609375,-9.599609375
2023-01-26,9035.599609375,8957.5,78.099609375
2023-01-27,9060.2001953125,9035.599609375,24.6005859375
2023-01-30,9049.2998046875,9060.2001953125,-10.900390625
2023-01-31,9034.0,9049.2998046875,-15.2998046875
2023-02-01,9098.099609375,9034.0,64.099609375
2023-02-02,9229.7001953125,9098.099609375,131.6005859375
2023-02-03,9225.599609375,9229.7001953125,-4.1005859375
2023-02-06,9159.2001953125,9225.599609375,-66.3994140625
2023-02-07,9172.400390625,9159.2001953125,13.2001953125
2023-02-08,9227.2998046875,9172.400390625,54.8994140625
2023-02-09,9243.5,9227.2998046875,16.2001953125
2023-02-10,9117.400390625,9243.5,-126.099609375
2023-02-13,9210.2998046875,9117.400390625,92.8994140625
2023-02-14,9263.2001953125,9210.2998046875,52.900390625
2023-02-15,9294.7998046875,9263.2001953125,31.599609375
2023-02-16,9327.2998046875,9294.7998046875,32.5
2023-02-17,9333.0,9327.2998046875,5.7001953125
2023-02-20,9281.2998046875,9333.0,-51.7001953125
2023-02-21,9252.099609375,9281.2998046875,-29.2001953125
2023-02-22,9172.7001953125,9252.099609375,-79.3994140625
2023-02-23,9231.599609375,9172.7001953125,58.8994140625
2023-02-24,9201.5,9231.599609375,-30.099609375
2023-02-27,9314.2998046875,9201.5,112.7998046875
2023-02-28,9394.599609375,9314.2998046875,80.2998046875
2023-03-01,9322.900390625,9394.599609375,-71.69921875
2023-03-02,9327.2998046875,9322.900390625,4.3994140625
2023-03-03,9464.2001953125,9327.2998046875,136.900390625
2023-03-06,9511.0,9464.2001953125,46.7998046875
2023-03-07,9411.099609375,9511.0,-99.900390625
2023-03-08,9466.099609375,9411.099609375,55.0
2023-03-09,9423.2001953125,9466.099609375,-42.8994140625
2023-03-10,9285.0,9423.2001953125,-138.2001953125
2023-03-13,8958.900390625,9285.0,-326.099609375
2023-03-14,9159.0,8958.900390625,200.099609375
2023-03-15,8759.099609375,9159.0,-399.900390625
2023-03-16,8890.2001953125,8759.099609375,131.1005859375
2023-03-17,8719.2998046875,8890.2001953125,-170.900390625
2023-03-20,8833.099609375,8719.2998046875,113.7998046875
2023-03-21,9049.400390625,8833.099609375,216.30078125
2023-03-22,9009.2998046875,9049.400390625,-40.1005859375
2023-03-23,8970.0,9009.2998046875,-39.2998046875
2023-03-24,8792.5,8970.0,-177.5
2023-03-27,8906.099609375,8792.5,113.599609375
2023-03-28,8944.2998046875,8906.099609375,38.2001953125
2023-03-29,9070.7001953125,8944.2998046875,126.400390625
2023-03-30,9207.099609375,9070.7001953125,136.3994140625
2023-03-31,9232.5,9207.099609375,25.400390625
2023-04-03,9157.400390625,9232.5,-75.099609375
2023-04-04,9183.2001953125,9157.400390625,25.7998046875
2023-04-05,9254.599609375,9183.2001953125,71.3994140625
2023-04-06,9312.2998046875,9254.599609375,57.7001953125
2023-04-11,9237.7001953125,9312.2998046875,-74.599609375
2023-04-12,9278.7001953125,9237.7001953125,41.0
2023-04-13,9310.0,9278.7001953125,31.2998046875
2023-04-14,9362.900390625,9310.0,52.900390625
2023-04-17,9378.5,9362.900390625,15.599609375
2023-04-18,9421.900390625,9378.5,43.400390625
2023-04-19,9494.7998046875,9421.900390625,72.8994140625
2023-04-20,9450.900390625,9494.7998046875,-43.8994140625
2023-04-21,9415.599609375,9450.900390625,-35.30078125
2023-04-24,9406.400390625,9415.599609375,-9.19921875
2023-04-25,9290.2998046875,9406.400390625,-116.1005859375
2023-04-26,9293.7001953125,9290.2998046875,3.400390625
2023-04-27,9314.599609375,9293.7001953125,20.8994140625
2023-04-28,9241.0,9314.599609375,-73.599609375
2023-05-02,9082.0,9241.0,-159.0
2023-05-03,9076.7001953125,9082.0,-5.2998046875
2023-05-04,9043.599609375,9076.7001953125,-33.1005859375
2023-05-05,9147.2998046875,9043.599609375,103.7001953125
2023-05-08,9211.2998046875,9147.2998046875,64.0
2023-05-09,9183.2001953125,9211.2998046875,-28.099609375
2023-05-10,9167.7001953125,9183.2001953125,-15.5
2023-05-11,9182.7998046875,9167.7001953125,15.099609375
2023-05-12,9234.099609375,9182.7998046875,51.2998046875
2023-05-15,9201.5,9234.099609375,-32.599609375
2023-05-16,9191.400390625,9201.5,-10.099609375
2023-05-17,9211.599609375,9191.400390625,20.19921875
2023-05-18,9213.099609375,9211.599609375,1.5
2023-05-19,9251.5,9213.099609375,38.400390625
2023-05-22,9305.0,9251.5,53.5
2023-05-23,9267.0,9305.0,-38.0
2023-05-24,9163.5,9267.0,-103.5
2023-05-25,9116.099609375,9163.5,-47.400390625
2023-05-26,9191.099609375,9116.099609375,75.0
2023-05-29,9180.099609375,9191.099609375,-11.0
2023-05-30,9167.5,9180.099609375,-12.599609375
2023-05-31,9050.2001953125,9167.5,-117.2998046875
2023-06-01,9167.5,9050.2001953125,117.2998046875
2023-06-02,9317.2998046875,9167.5,149.7998046875
2023-06-05,9289.099609375,9317.2998046875,-28.2001953125
2023-06-06,9310.7998046875,9289.099609375,21.7001953125
2023-06-07,9359.7998046875,9310.7998046875,49.0
2023-06-08,9338.2998046875,9359.7998046875,-21.5
2023-06-09,9309.7001953125,9338.2998046875,-28.599609375
2023-06-12,9344.400390625,9309.7001953125,34.7001953125
2023-06-13,9333.7001953125,9344.400390625,-10.7001953125
2023-06-14,9432.7998046875,9333.7001953125,99.099609375
2023-06-15,9430.7998046875,9432.7998046875,-2.0
2023-06-16,9495.0,9430.7998046875,64.2001953125
2023-06-19,9431.900390625,9495.0,-63.099609375
2023-06-20,9439.7998046875,9431.900390625,7.8994140625
2023-06-21,9436.400390625,9439.7998046875,-3.3994140625
2023-06-22,9364.7001953125,9436.400390625,-71.7001953125
2023-06-23,9265.7998046875,9364.7001953125,-98.900390625
2023-06-26,9274.0,9265.7998046875,8.2001953125
2023-06-27,9393.0,9274.0,119.0
2023-06-28,9481.2998046875,9393.0,88.2998046875
2023-06-29,9510.599609375,9481.2998046875,29.2998046875
2023-06-30,9593.0,9510.599609375,82.400390625
2023-07-03,9644.7998046875,9593.0,51.7998046875
2023-07-04,9588.400390625,9644.7998046875,-56.3994140625
2023-07-05,9486.2998046875,9588.400390625,-102.1005859375
2023-07-06,9285.0,9486.2998046875,-201.2998046875
2023-07-07,9248.7998046875,9285.0,-36.2001953125
2023-07-10,9252.900390625,9248.7998046875,4.1005859375
2023-07-11,9331.099609375,9252.900390625,78.19921875
2023-07-12,9453.7001953125,9331.099609375,122.6005859375
2023-07-13,9478.7001953125,9453.7001953125,25.0
2023-07-14,9438.2998046875,9478.7001953125,-40.400390625
2023-07-17,9438.0,9438.2998046875,-0.2998046875
2023-07-18,9455.7001953125,9438.0,17.7001953125
2023-07-19,9451.7998046875,9455.7001953125,-3.900390625
2023-07-20,9519.599609375,9451.7998046875,67.7998046875
2023-07-21,9571.5,9519.599609375,51.900390625
2023-07-24,9543.5,9571.5,-28.0
2023-07-25,9519.2001953125,9543.5,-24.2998046875
2023-07-26,9600.5,9519.2001953125,81.2998046875
2023-07-27,9694.7001953125,9600.5,94.2001953125
2023-07-28,9685.099609375,9694.7001953125,-9.6005859375
2023-07-31,9641.5,9685.099609375,-43.599609375
2023-08-01,9502.900390625,9641.5,-138.599609375
2023-08-02,9328.7001953125,9502.900390625,-174.2001953125
2023-08-03,9307.099609375,9328.7001953125,-21.6005859375
2023-08-04,9368.400390625,9307.099609375,61.30078125
2023-08-07,9358.599609375,9368.400390625,-9.80078125
2023-08-08,9301.7998046875,9358.599609375,-56.7998046875
2023-08-09,9354.400390625,9301.7998046875,52.6005859375
2023-08-10,9502.2001953125,9354.400390625,147.7998046875
2023-08-11,9434.2998046875,9502.2001953125,-67.900390625
2023-08-14,9429.599609375,9434.2998046875,-4.7001953125
2023-08-15,9347.5,9429.599609375,-82.099609375
2023-08-16,9350.5,9347.5,3.0
2023-08-17,9278.0,9350.5,-72.5
2023-08-18,9267.7001953125,9278.0,-10.2998046875
2023-08-21,9262.7998046875,9267.7001953125,-4.900390625
2023-08-22,9314.0,9262.7998046875,51.2001953125
2023-08-23,9315.599609375,9314.0,1.599609375
2023-08-24,9324.7001953125,9315.599609375,9.1005859375
2023-08-25,9338.900390625,9324.7001953125,14.2001953125
2023-08-28,9490.099609375,9338.900390625,151.19921875
2023-08-29,9581.2001953125,9490.099609375,91.1005859375
2023-08-30,9551.099609375,9581.2001953125,-30.1005859375
2023-08-31,9505.900390625,9551.099609375,-45.19921875
2023-09-01,9449.599609375,9505.900390625,-56.30078125
2023-09-04,9416.2998046875,9449.599609375,-33.2998046875
2023-09-05,9392.0,9416.2998046875,-24.2998046875
2023-09-06,9314.400390625,9392.0,-77.599609375
2023-09-07,9310.0,9314.400390625,-4.400390625
2023-09-08,9364.599609375,9310.0,54.599609375
2023-09-11,9435.2001953125,9364.599609375,70.6005859375
2023-09-12,9455.400390625,9435.2001953125,20.2001953125
2023-09-13,9424.099609375,9455.400390625,-31.30078125
2023-09-14,9549.0,9424.099609375,124.900390625
2023-09-15,9549.7001953125,9549.0,0.7001953125
2023-09-18,9482.099609375,9549.7001953125,-67.6005859375
2023-09-19,9527.2001953125,9482.099609375,45.1005859375
2023-09-20,9645.7998046875,9527.2001953125,118.599609375
2023-09-21,9548.900390625,9645.7998046875,-96.8994140625
2023-09-22,9502.0,9548.900390625,-46.900390625
2023-09-25,9386.0,9502.0,-116.0
2023-09-26,9366.900390625,9386.0,-19.099609375
2023-09-27,9331.900390625,9366.900390625,-35.0
2023-09-28,9426.7998046875,9331.900390625,94.8994140625
2023-09-29,9428.0,9426.7998046875,1.2001953125
2023-10-02,9319.0,9428.0,-109.0
2023-10-03,9165.5,9319.0,-153.5
2023-10-04,9102.900390625,9165.5,-62.599609375
2023-10-05,9157.7001953125,9102.900390625,54.7998046875
2023-10-06,9235.7998046875,9157.7001953125,78.099609375
2023-10-09,9151.2998046875,9235.7998046875,-84.5
2023-10-10,9352.099609375,9151.2998046875,200.7998046875
2023-10-11,9360.400390625,9352.099609375,8.30078125
2023-10-12,9336.0,9360.400390625,-24.400390625
2023-10-13,9232.900390625,9336.0,-103.099609375
2023-10-16,9287.099609375,9232.900390625,54.19921875
2023-10-17,9298.5,9287.099609375,11.400390625
2023-10-18,9212.7001953125,9298.5,-85.7998046875
2023-10-19,9146.7998046875,9212.7001953125,-65.900390625
2023-10-20,9029.099609375,9146.7998046875,-117.7001953125
2023-10-23,8995.5,9029.099609375,-33.599609375
2023-10-24,8975.7998046875,8995.5,-19.7001953125
2023-10-25,8984.7998046875,8975.7998046875,9.0
2023-10-26,8962.7998046875,8984.7998046875,-22.0
2023-10-27,8918.2998046875,8962.7998046875,-44.5
2023-10-30,9013.900390625,8918.2998046875,95.6005859375
2023-10-31,9017.2998046875,9013.900390625,3.3994140625
2023-11-01,9075.0,9017.2998046875,57.7001953125
2023-11-02,9260.400390625,9075.0,185.400390625
2023-11-03,9293.900390625,9260.400390625,33.5
2023-11-06,9241.5,9293.900390625,-52.400390625
2023-11-07,9235.900390625,9241.5,-5.599609375
2023-11-08,9283.7998046875,9235.900390625,47.8994140625
2023-11-09,9405.2001953125,9283.7998046875,121.400390625
2023-11-10,9371.7001953125,9405.2001953125,-33.5
2023-11-13,9461.7001953125,9371.7001953125,90.0
2023-11-14,9623.2998046875,9461.7001953125,161.599609375
2023-11-15,9640.7001953125,9623.2998046875,17.400390625
2023-11-16,9667.400390625,9640.7001953125,26.7001953125
2023-11-17,9761.400390625,9667.400390625,94.0
2023-11-20,9839.0,9761.400390625,77.599609375
2023-11-21,9827.5,9839.0,-11.5
2023-11-22,9887.400390625,9827.5,59.900390625
2023-11-23,9905.5,9887.400390625,18.099609375
2023-11-24,9939.0,9905.5,33.5
2023-11-27,9936.099609375,9939.0,-2.900390625
2023-11-28,10003.400390625,9936.099609375,67.30078125
2023-11-29,10062.599609375,10003.400390625,59.19921875
2023-11-30,10058.2001953125,10062.599609375,-4.3994140625
2023-12-01,10140.7998046875,10058.2001953125,82.599609375
2023-12-04,10178.2998046875,10140.7998046875,37.5
2023-12-05,10238.400390625,10178.2998046875,60.1005859375
2023-12-06,10258.099609375,10238.400390625,19.69921875
2023-12-07,10146.0,10258.099609375,-112.099609375
2023-12-08,10223.400390625,10146.0,77.400390625
2023-12-11,10198.0,10223.400390625,-25.400390625
2023-12-12,10118.7001953125,10198.0,-79.2998046875
2023-12-13,10096.099609375,10118.7001953125,-22.6005859375
2023-12-14,10171.7001953125,10096.099609375,75.6005859375
2023-12-15,10095.599609375,10171.7001953125,-76.1005859375
2023-12-18,10054.900390625,10095.599609375,-40.69921875
2023-12-19,10106.7001953125,10054.900390625,51.7998046875
2023-12-20,10101.0,10106.7001953125,-5.7001953125
2023-12-21,10104.2998046875,10101.0,3.2998046875
2023-12-22,10111.900390625,10104.2998046875,7.6005859375
2023-12-27,10121.7998046875,10111.900390625,9.8994140625
2023-12-28,10086.2001953125,10121.7998046875,-35.599609375
2023-12-29,10102.099609375,10086.2001953125,15.8994140625
2024-01-02,10182.099609375,10102.099609375,80.0
2024-01-03,10053.400390625,10182.099609375,-128.69921875
2024-01-04,10182.400390625,10053.400390625,129.0
2024-01-05,10164.5,10182.400390625,-17.900390625
2024-01-08,10209.0,10164.5,44.5
2024-01-09,10060.2998046875,10209.0,-148.7001953125
2024-01-10,10067.099609375,10060.2998046875,6.7998046875
2024-01-11,10004.900390625,10067.099609375,-62.19921875
2024-01-12,10094.7998046875,10004.900390625,89.8994140625
2024-01-15,10076.900390625,10094.7998046875,-17.8994140625
2024-01-16,9994.099609375,10076.900390625,-82.80078125
2024-01-17,9867.7998046875,9994.099609375,-126.2998046875
2024-01-18,9880.2998046875,9867.7998046875,12.5
2024-01-19,9858.2998046875,9880.2998046875,-22.0
2024-01-22,9968.099609375,9858.2998046875,109.7998046875
2024-01-23,9859.2001953125,9968.099609375,-108.8994140625
2024-01-24,9974.0,9859.2001953125,114.7998046875
2024-01-25,9916.599609375,9974.0,-57.400390625
2024-01-26,9936.599609375,9916.599609375,20.0
2024-01-29,9890.2998046875,9936.599609375,-46.2998046875
2024-01-30,10039.2998046875,9890.2998046875,149.0
2024-01-31,10077.7001953125,10039.2998046875,38.400390625
2024-02-01,10014.0,10077.7001953125,-63.7001953125
2024-02-02,10062.5,10014.0,48.5
2024-02-05,9941.2998046875,10062.5,-121.2001953125
2024-02-06,10003.0,9941.2998046875,61.7001953125
2024-02-07,9920.2001953125,10003.0,-82.7998046875
2024-02-08,9905.400390625,9920.2001953125,-14.7998046875
2024-02-09,9896.599609375,9905.400390625,-8.80078125
2024-02-12,9984.7001953125,9896.599609375,88.1005859375
2024-02-13,9925.400390625,9984.7001953125,-59.2998046875
2024-02-14,9916.599609375,9925.400390625,-8.80078125
2024-02-15,9927.2998046875,9916.599609375,10.7001953125
2024-02-16,9886.400390625,9927.2998046875,-40.8994140625
2024-02-19,9944.7998046875,9886.400390625,58.3994140625
2024-02-20,10038.2001953125,9944.7998046875,93.400390625
2024-02-21,10107.2001953125,10038.2001953125,69.0
2024-02-22,10138.900390625,10107.2001953125,31.7001953125
2024-02-23,10130.599609375,10138.900390625,-8.30078125
2024-02-26,10138.400390625,10130.599609375,7.80078125
2024-02-27,10113.7998046875,10138.400390625,-24.6005859375
2024-02-28,10068.599609375,10113.7998046875,-45.2001953125
2024-02-29,10001.2998046875,10068.599609375,-67.2998046875
2024-03-01,10064.7001953125,10001.2998046875,63.400390625
2024-03-04,10069.7998046875,10064.7001953125,5.099609375
2024-03-05,10117.099609375,10069.7998046875,47.2998046875
2024-03-06,10197.2001953125,10117.099609375,80.1005859375
2024-03-07,10319.599609375,10197.2001953125,122.3994140625
2024-03-08,10305.7001953125,10319.599609375,-13.8994140625
2024-03-11,10325.7001953125,10305.7001953125,20.0
2024-03-12,10388.900390625,10325.7001953125,63.2001953125
2024-03-13,10560.5,10388.900390625,171.599609375
2024-03-14,10490.5,10560.5,-70.0
2024-03-15,10597.900390625,10490.5,107.400390625
2024-03-18,10596.7001953125,10597.900390625,-1.2001953125
2024-03-19,10701.400390625,10596.7001953125,104.7001953125
2024-03-20,10752.5,10701.400390625,51.099609375
2024-03-21,10867.5,10752.5,115.0
2024-03-22,10943.2001953125,10867.5,75.7001953125
2024-03-25,10952.2001953125,10943.2001953125,9.0
2024-03-26,10991.5,10952.2001953125,39.2998046875
2024-03-27,11111.2998046875,10991.5,119.7998046875
2024-03-28,11074.599609375,11111.2998046875,-36.7001953125
2024-04-02,10975.599609375,11074.599609375,-99.0
2024-04-03,11032.2998046875,10975.599609375,56.7001953125
2024-04-04,11090.900390625,11032.2998046875,58.6005859375
2024-04-05,10916.0,11090.900390625,-174.900390625
2024-04-08,10911.7998046875,10916.0,-4.2001953125
2024-04-09,10816.0,10911.7998046875,-95.7998046875
2024-04-10,10775.0,10816.0,-41.0
2024-04-11,10649.7998046875,10775.0,-125.2001953125
2024-04-12,10686.0,10649.7998046875,36.2001953125
2024-04-15,10687.2001953125,10686.0,1.2001953125
2024-04-16,10526.900390625,10687.2001953125,-160.2998046875
2024-04-17,10633.900390625,10526.900390625,107.0
2024-04-18,10765.0,10633.900390625,131.099609375
2024-04-19,10729.5,10765.0,-35.5
2024-04-22,10890.2001953125,10729.5,160.7001953125
2024-04-23,11075.400390625,10890.2001953125,185.2001953125
2024-04-24,11027.7998046875,11075.400390625,-47.6005859375
2024-04-25,10983.7001953125,11027.7998046875,-44.099609375
2024-04-26,11154.599609375,10983.7001953125,170.8994140625
2024-04-29,11100.7998046875,11154.599609375,-53.7998046875
2024-04-30,10854.400390625,11100.7998046875,-246.3994140625
2024-05-02,10872.0,10854.400390625,17.599609375
2024-05-03,10854.7001953125,10872.0,-17.2998046875
2024-05-06,10917.5,10854.7001953125,62.7998046875
2024-05-07,11080.900390625,10917.5,163.400390625
2024-05-08,11153.0,11080.900390625,72.099609375
2024-05-09,11050.099609375,11153.0,-102.900390625
2024-05-10,11105.5,11050.099609375,55.400390625
2024-05-13,11152.0,11105.5,46.5
2024-05-14,11239.2998046875,11152.0,87.2998046875
2024-05-15,11362.7998046875,11239.2998046875,123.5
2024-05-16,11299.2998046875,11362.7998046875,-63.5
2024-05-17,11327.7001953125,11299.2998046875,28.400390625
2024-05-20,11339.5,11327.7001953125,11.7998046875
2024-05-21,11334.900390625,11339.5,-4.599609375
2024-05-22,11329.0,11334.900390625,-5.900390625
2024-05-23,11311.099609375,11329.0,-17.900390625
2024-05-24,11246.0,11311.099609375,-65.099609375
2024-05-27,11325.5,11246.0,79.5
2024-05-28,11276.0,11325.5,-49.5
2024-05-29,11145.099609375,11276.0,-130.900390625
2024-05-30,11338.2001953125,11145.099609375,193.1005859375
2024-05-31,11322.0,11338.2001953125,-16.2001953125
2024-06-03,11397.2001953125,11322.0,75.2001953125
2024-06-04,11286.400390625,11397.2001953125,-110.7998046875
2024-06-05,11353.099609375,11286.400390625,66.69921875
2024-06-06,11444.0,11353.099609375,90.900390625
2024-06-07,11404.900390625,11444.0,-39.099609375
2024-06-10,11357.2001953125,11404.900390625,-47.7001953125
2024-06-11,11175.5,11357.2001953125,-181.7001953125
2024-06-12,11245.400390625,11175.5,69.900390625
2024-06-13,11066.099609375,11245.400390625,-179.30078125
2024-06-14,10992.2998046875,11066.099609375,-73.7998046875
2024-06-17,10959.5,10992.2998046875,-32.7998046875
2024-06-18,11067.7001953125,10959.5,108.2001953125
2024-06-19,11056.400390625,11067.7001953125,-11.2998046875
2024-06-20,11160.5,11056.400390625,104.099609375
2024-06-21,11032.2998046875,11160.5,-128.2001953125
2024-06-24,11172.099609375,11032.2998046875,139.7998046875
2024-06-25,11118.900390625,11172.099609375,-53.19921875
2024-06-26,11030.5,11118.900390625,-88.400390625
2024-06-27,10951.5,11030.5,-79.0
2024-06-28,10943.7001953125,10951.5,-7.7998046875
2024-07-01,11057.0,10943.7001953125,113.2998046875
2024-07-02,10912.7998046875,11057.0,-144.2001953125
2024-07-03,11056.7998046875,10912.7998046875,144.0
2024-07-04,11066.2998046875,11056.7998046875,9.5
2024-07-05,11023.5,11066.2998046875,-42.7998046875
2024-07-08,11022.099609375,11023.5,-1.400390625
2024-07-09,10898.7998046875,11022.099609375,-123.2998046875
2024-07-10,11071.599609375,10898.7998046875,172.7998046875
2024-07-11,11170.0,11071.599609375,98.400390625
2024-07-12,11250.599609375,11170.0,80.599609375
2024-07-15,11143.0,11250.599609375,-107.599609375
2024-07-16,11090.5,11143.0,-52.5
2024-07-17,11105.2001953125,11090.5,14.7001953125
2024-07-18,11147.5,11105.2001953125,42.2998046875
2024-07-19,11087.5,11147.5,-60.0
2024-07-22,11143.7998046875,11087.5,56.2998046875
2024-07-23,11212.7001953125,11143.7998046875,68.900390625
2024-07-24,11210.099609375,11212.7001953125,-2.6005859375
2024-07-25,11145.599609375,11210.099609375,-64.5
2024-07-26,11165.900390625,11145.599609375,20.30078125
2024-07-29,11117.7998046875,11165.900390625,-48.1005859375
2024-07-30,11202.599609375,11117.7998046875,84.7998046875
2024-07-31,11065.0,11202.599609375,-137.599609375
2024-08-01,10854.2998046875,11065.0,-210.7001953125
2024-08-02,10672.900390625,10854.2998046875,-181.3994140625
2024-08-05,10423.400390625,10672.900390625,-249.5
2024-08-06,10390.5,10423.400390625,-32.900390625
2024-08-07,10599.0,10390.5,208.5
2024-08-08,10558.0,10599.0,-41.0
2024-08-09,10638.5,10558.0,80.5
2024-08-12,10646.2001953125,10638.5,7.7001953125
2024-08-13,10723.7998046875,10646.2001953125,77.599609375
2024-08-14,10753.0,10723.7998046875,29.2001953125
2024-08-15,10885.599609375,10753.0,132.599609375
2024-08-16,10949.7001953125,10885.599609375,64.1005859375
2024-08-19,11102.5,10949.7001953125,152.7998046875
2024-08-20,11087.7998046875,11102.5,-14.7001953125
2024-08-21,11114.900390625,11087.7998046875,27.1005859375
2024-08-22,11156.2998046875,11114.900390625,41.3994140625
2024-08-23,11278.099609375,11156.2998046875,121.7998046875
2024-08-26,11265.5,11278.099609375,-12.599609375
2024-08-27,11326.900390625,11265.5,61.400390625
2024-08-28,11332.0,11326.900390625,5.099609375
2024-08-29,11358.599609375,11332.0,26.599609375
2024-08-30,11401.900390625,11358.599609375,43.30078125
2024-09-02,11395.2998046875,11401.900390625,-6.6005859375
2024-09-03,11279.2001953125,11395.2998046875,-116.099609375
2024-09-04,11213.900390625,11279.2001953125,-65.2998046875
2024-09-05,11273.5,11213.900390625,59.599609375
2024-09-06,11173.0,11273.5,-100.5
2024-09-09,11272.7998046875,11173.0,99.7998046875
2024-09-10,11203.5,11272.7998046875,-69.2998046875
2024-09-11,11278.900390625,11203.5,75.400390625
2024-09-12,11400.2001953125,11278.900390625,121.2998046875
2024-09-13,11540.2001953125,11400.2001953125,140.0
2024-09-16,11581.0,11540.2001953125,40.7998046875
2024-09-17,11703.400390625,11581.0,122.400390625
2024-09-18,11684.7001953125,11703.400390625,-18.7001953125
2024-09-19,11778.099609375,11684.7001953125,93.3994140625
2024-09-20,11753.2998046875,11778.099609375,-24.7998046875
2024-09-23,11797.900390625,11753.2998046875,44.6005859375
2024-09-24,11837.0,11797.900390625,39.099609375
2024-09-25,11792.599609375,11837.0,-44.400390625
2024-09-26,11953.2001953125,11792.599609375,160.6005859375
2024-09-27,11967.900390625,11953.2001953125,14.7001953125
2024-09-30,11877.2998046875,11967.900390625,-90.6005859375
2024-10-01,11673.5,11877.2998046875,-203.7998046875
2024-10-02,11609.7998046875,11673.5,-63.7001953125
2024-10-03,11618.0,11609.7998046875,8.2001953125
2024-10-04,11659.2001953125,11618.0,41.2001953125
2024-10-07,11717.5,11659.2001953125,58.2998046875
2024-10-08,11734.7001953125,11717.5,17.2001953125
2024-10-09,11741.5,11734.7001953125,6.7998046875
2024-10-10,11656.7001953125,11741.5,-84.7998046875
2024-10-11,11720.0,11656.7001953125,63.2998046875
2024-10-14,11850.900390625,11720.0,130.900390625
2024-10-15,11930.2001953125,11850.900390625,79.2998046875
2024-10-16,11996.7001953125,11930.2001953125,66.5
2024-10-17,11904.5,11996.7001953125,-92.2001953125
2024-10-18,11925.2001953125,11904.5,20.7001953125
2024-10-21,11841.099609375,11925.2001953125,-84.1005859375
2024-10-22,11832.7001953125,11841.099609375,-8.3994140625
2024-10-23,11865.2001953125,11832.7001953125,32.5
2024-10-24,11839.7998046875,11865.2001953125,-25.400390625
2024-10-25,11812.5,11839.7998046875,-27.2998046875
2024-10-28,11904.0,11812.5,91.5
2024-10-29,11795.2998046875,11904.0,-108.7001953125
2024-10-30,11715.0,11795.2998046875,-80.2998046875
2024-10-31,11672.599609375,11715.0,-42.400390625
2024-11-01,11843.0,11672.599609375,170.400390625
2024-11-04,11805.099609375,11843.0,-37.900390625
2024-11-05,11839.2001953125,11805.099609375,34.1005859375
2024-11-06,11495.2998046875,11839.2001953125,-343.900390625
2024-11-07,11570.099609375,11495.2998046875,74.7998046875
2024-11-08,11551.599609375,11570.099609375,-18.5
2024-11-11,11597.2998046875,11551.599609375,45.7001953125
2024-11-12,11382.599609375,11597.2998046875,-214.7001953125
2024-11-13,11377.099609375,11382.599609375,-5.5
2024-11-14,11524.2998046875,11377.099609375,147.2001953125
2024-11-15,11635.900390625,11524.2998046875,111.6005859375
2024-11-18,11674.7998046875,11635.900390625,38.8994140625
2024-11-19,11588.400390625,11674.7998046875,-86.3994140625
2024-11-20,11589.5,11588.400390625,1.099609375
2024-11-21,11611.7001953125,11589.5,22.2001953125
2024-11-22,11656.599609375,11611.7001953125,44.8994140625
2024-11-25,11711.7998046875,11656.599609375,55.2001953125
2024-11-26,11617.900390625,11711.7998046875,-93.8994140625
2024-11-27,11579.5,11617.900390625,-38.400390625
2024-11-28,11610.7998046875,11579.5,31.2998046875
2024-11-29,11641.2998046875,11610.7998046875,30.5
2024-12-02,11735.2998046875,11641.2998046875,94.0
2024-12-03,11873.599609375,11735.2998046875,138.2998046875
2024-12-04,11931.599609375,11873.599609375,58.0
2024-12-05,12118.7001953125,11931.599609375,187.1005859375
2024-12-06,12072.0,12118.7001953125,-46.7001953125
2024-12-09,12011.5,12072.0,-60.5
2024-12-10,11965.5,12011.5,-46.0
2024-12-11,11789.2998046875,11965.5,-176.2001953125
2024-12-12,11764.7998046875,11789.2998046875,-24.5
2024-12-13,11752.099609375,11764.7998046875,-12.7001953125
2024-12-16,11778.599609375,11752.099609375,26.5
2024-12-17,11588.099609375,11778.599609375,-190.5
2024-12-18,11617.900390625,11588.099609375,29.80078125
2024-12-19,11439.900390625,11617.900390625,-178.0
2024-12-20,11467.2998046875,11439.900390625,27.3994140625
2024-12-23,11435.7001953125,11467.2998046875,-31.599609375
2024-12-24,11473.900390625,11435.7001953125,38.2001953125
2024-12-27,11531.599609375,11473.900390625,57.69921875
2024-12-30,11536.7998046875,11531.599609375,5.2001953125
2024-12-31,11595.0,11536.7998046875,58.2001953125
2025-01-02,11676.900390625,11595.0,81.900390625
2025-01-03,11651.599609375,11676.900390625,-25.30078125
2025-01-06,11808.2001953125,11651.599609375,156.6005859375
2025-01-07,11811.900390625,11808.2001953125,3.7001953125
2025-01-08,11798.099609375,11811.900390625,-13.80078125
2025-01-09,11899.2998046875,11798.099609375,101.2001953125
2025-01-10,11720.900390625,11899.2998046875,-178.3994140625
2025-01-13,11688.2001953125,11720.900390625,-32.7001953125
2025-01-14,11752.099609375,11688.2001953125,63.8994140625
2025-01-15,11898.5,11752.099609375,146.400390625
2025-01-16,11840.599609375,11898.5,-57.900390625
2025-01-17,11916.2998046875,11840.599609375,75.7001953125
2025-01-20,11943.599609375,11916.2998046875,27.2998046875
2025-01-21,11927.400390625,11943.599609375,-16.19921875
2025-01-22,11882.7001953125,11927.400390625,-44.7001953125
2025-01-23,11991.5,11882.7001953125,108.7998046875
2025-01-24,11982.599609375,11991.5,-8.900390625
2025-01-27,11997.099609375,11982.599609375,14.5
2025-01-28,12154.2001953125,11997.099609375,157.1005859375
2025-01-29,12286.5,12154.2001953125,132.2998046875
2025-01-30,12419.599609375,12286.5,133.099609375
2025-01-31,12368.900390625,12419.599609375,-50.69921875
2025-02-03,12205.7998046875,12368.900390625,-163.1005859375
2025-02-04,12372.7998046875,12205.7998046875,167.0
2025-02-05,12536.7001953125,12372.7998046875,163.900390625
2025-02-06,12731.0,12536.7001953125,194.2998046875
2025-02-07,12688.900390625,12731.0,-42.099609375
2025-02-10,12708.7998046875,12688.900390625,19.8994140625
2025-02-11,12774.7998046875,12708.7998046875,66.0
2025-02-12,12911.5,12774.7998046875,136.7001953125
2025-02-13,12936.2998046875,12911.5,24.7998046875
2025-02-14,12956.0,12936.2998046875,19.7001953125
2025-02-17,13016.900390625,12956.0,60.900390625
2025-02-18,13143.900390625,13016.900390625,127.0
2025-02-19,12929.400390625,13143.900390625,-214.5
2025-02-20,12967.099609375,12929.400390625,37.69921875
2025-02-21,12952.0,12967.099609375,-15.099609375
2025-02-24,13012.900390625,12952.0,60.900390625
2025-02-25,13116.7998046875,13012.900390625,103.8994140625
2025-02-26,13332.0,13116.7998046875,215.2001953125
2025-02-27,13270.599609375,13332.0,-61.400390625
2025-02-28,13347.2998046875,13270.599609375,76.7001953125
2025-03-03,13373.099609375,13347.2998046875,25.7998046875
2025-03-04,13031.7001953125,13373.099609375,-341.3994140625
2025-03-05,13214.0,13031.7001953125,182.2998046875
2025-03-06,13234.2001953125,13214.0,20.2001953125
2025-03-07,13257.099609375,13234.2001953125,22.8994140625
2025-03-10,13082.7001953125,13257.099609375,-174.3994140625
2025-03-11,12877.2998046875,13082.7001953125,-205.400390625
2025-03-12,12804.0,12877.2998046875,-73.2998046875
2025-03-13,12821.2998046875,12804.0,17.2998046875
2025-03-14,13005.2001953125,12821.2998046875,183.900390625
2025-03-17,13147.2001953125,13005.2001953125,142.0
2025-03-18,13354.7001953125,13147.2001953125,207.5
2025-03-19,13408.099609375,13354.7001953125,53.3994140625
2025-03-20,13306.2998046875,13408.099609375,-101.7998046875
2025-03-21,13350.2001953125,13306.2998046875,43.900390625
2025-03-24,13323.2998046875,13350.2001953125,-26.900390625
2025-03-25,13484.2998046875,13323.2998046875,161.0
2025-03-26,13432.2001953125,13484.2998046875,-52.099609375
2025-03-27,13422.599609375,13432.2001953125,-9.6005859375
2025-03-28,13309.2998046875,13422.599609375,-113.2998046875
2025-03-31,13135.400390625,13309.2998046875,-173.8994140625
2025-04-01,13297.0,13135.400390625,161.599609375
2025-04-02,13350.2001953125,13297.0,53.2001953125
2025-04-03,13191.2001953125,13350.2001953125,-159.0
2025-04-04,12422.0,13191.2001953125,-769.2001953125
2025-04-07,11785.7998046875,12422.0,-636.2001953125
2025-04-08,12065.599609375,11785.7998046875,279.7998046875
2025-04-09,11797.599609375,12065.599609375,-268.0
2025-04-10,12307.599609375,11797.599609375,510.0
2025-04-11,12286.0,12307.599609375,-21.599609375
2025-04-14,12609.7998046875,12286.0,323.7998046875
2025-04-15,12879.2998046875,12609.7998046875,269.5
2025-04-16,12942.099609375,12879.2998046875,62.7998046875
2025-04-17,12918.0,12942.099609375,-24.099609375
2025-04-22,13010.599609375,12918.0,92.599609375
2025-04-23,13208.2998046875,13010.599609375,197.7001953125
2025-04-24,13179.7001953125,13208.2998046875,-28.599609375
2025-04-25,13355.2998046875,13179.7001953125,175.599609375
2025-04-28,13456.099609375,13355.2998046875,100.7998046875
2025-04-29,13366.900390625,13456.099609375,-89.19921875
2025-04-30,13287.7998046875,13366.900390625,-79.1005859375
2025-05-02,13446.7001953125,13287.7998046875,158.900390625
2025-05-05,13518.0,13446.7001953125,71.2998046875
2025-05-06,13530.2001953125,13518.0,12.2001953125
2025-05-07,13480.400390625,13530.2001953125,-49.7998046875
2025-05-08,13488.900390625,13480.400390625,8.5
2025-05-09,13554.099609375,13488.900390625,65.19921875
2025-05-12,13655.2998046875,13554.099609375,101.2001953125
2025-05-13,13769.099609375,13655.2998046875,113.7998046875
2025-05-14,13840.2001953125,13769.099609375,71.1005859375
2025-05-15,13930.2001953125,13840.2001953125,90.0
2025-05-16,14064.5,13930.2001953125,134.2998046875
2025-05-19,14099.0,14064.5,34.5
2025-05-20,14323.400390625,14099.0,224.400390625
2025-05-21,14307.599609375,14323.400390625,-15.80078125
2025-05-22,14272.5,14307.599609375,-35.099609375
2025-05-23,14104.099609375,14272.5,-168.400390625
2025-05-26,14221.599609375,14104.099609375,117.5
2025-05-27,14239.900390625,14221.599609375,18.30078125
2025-05-28,14100.599609375,14239.900390625,-139.30078125
2025-05-29,14116.599609375,14100.599609375,16.0
2025-05-30,14152.2001953125,14116.599609375,35.6005859375
2025-06-02,14202.7998046875,14152.2001953125,50.599609375
2025-06-03,14128.400390625,14202.7998046875,-74.3994140625
2025-06-04,14101.2998046875,14128.400390625,-27.1005859375
2025-06-05,14203.7001953125,14101.2998046875,102.400390625
2025-06-06,14247.599609375,14203.7001953125,43.8994140625
2025-06-09,14251.2998046875,14247.599609375,3.7001953125
2025-06-10,14221.099609375,14251.2998046875,-30.2001953125
2025-06-11,14134.099609375,14221.099609375,-87.0
2025-06-12,14088.900390625,14134.099609375,-45.19921875
2025-06-13,13910.599609375,14088.900390625,-178.30078125
2025-06-16,14110.7998046875,13910.599609375,200.2001953125
2025-06-17,13911.7001953125,14110.7998046875,-199.099609375
2025-06-18,13923.2001953125,13911.7001953125,11.5
2025-06-19,13744.900390625,13923.2001953125,-178.2998046875
2025-06-20,13850.2998046875,13744.900390625,105.3994140625
2025-06-23,13839.400390625,13850.2998046875,-10.8994140625
2025-06-24,14035.099609375,13839.400390625,195.69921875
2025-06-25,13811.7998046875,14035.099609375,-223.2998046875
2025-06-26,13815.5,13811.7998046875,3.7001953125
2025-06-27,13969.0,13815.5,153.5
2025-06-30,13991.900390625,13969.0,22.900390625
2025-07-01,13987.400390625,13991.900390625,-4.5
2025-07-02,14044.599609375,13987.400390625,57.19921875
2025-07-03,14182.900390625,14044.599609375,138.30078125
2025-07-04,13973.0,14182.900390625,-209.900390625
2025-07-07,14074.7998046875,13973.0,101.7998046875
2025-07-08,14079.5,14074.7998046875,4.7001953125
2025-07-09,14254.400390625,14079.5,174.900390625
2025-07-10,14141.599609375,14254.400390625,-112.80078125
2025-07-11,14009.2001953125,14141.599609375,-132.3994140625
2025-07-14,14036.0,14009.2001953125,26.7998046875
2025-07-15,13874.7001953125,14036.0,-161.2998046875
2025-07-16,13885.7001953125,13874.7001953125,11.0
2025-07-17,13994.5,13885.7001953125,108.7998046875
2025-07-18,13989.0,13994.5,-5.5
2025-07-21,14031.5,13989.0,42.5
2025-07-22,14041.5,14031.5,10.0
2025-07-23,14067.900390625,14041.5,26.400390625
2025-07-24,14256.5,14067.900390625,188.599609375
2025-07-25,14237.2998046875,14256.5,-19.2001953125
2025-07-28,14220.2001953125,14237.2998046875,-17.099609375
2025-07-29,14347.7001953125,14220.2001953125,127.5
2025-07-30,14380.599609375,14347.7001953125,32.8994140625
2025-07-31,14397.0,14380.599609375,16.400390625
2025-08-01,14126.7001953125,14397.0,-270.2998046875
2025-08-04,14386.099609375,14126.7001953125,259.3994140625
2025-08-05,14407.5,14386.099609375,21.400390625
2025-08-06,14536.599609375,14407.5,129.099609375
2025-08-07,14690.900390625,14536.599609375,154.30078125
2025-08-08,14824.900390625,14690.900390625,134.0
2025-08-11,14855.900390625,14824.900390625,31.0
2025-08-12,14859.0,14855.900390625,3.099609375
2025-08-13,15019.900390625,14859.0,160.900390625
2025-08-14,15206.400390625,15019.900390625,186.5
2025-08-15,15277.2001953125,15206.400390625,70.7998046875
2025-08-18,15251.7001953125,15277.2001953125,-25.5
2025-08-19,15303.7998046875,15251.7001953125,52.099609375
2025-08-20,15292.099609375,15303.7998046875,-11.7001953125
2025-08-21,15303.7998046875,15292.099609375,11.7001953125
2025-08-22,15396.7998046875,15303.7998046875,93.0
2025-08-25,15265.5,15396.7998046875,-131.2998046875
2025-08-26,15119.2998046875,15265.5,-146.2001953125
2025-08-27,15020.900390625,15119.2998046875,-98.3994140625
2025-08-28,15071.400390625,15020.900390625,50.5
2025-08-29,14935.7998046875,15071.400390625,-135.6005859375
2025-09-01,14939.400390625,14935.7998046875,3.6005859375
2025-09-02,14704.2001953125,14939.400390625,-235.2001953125
2025-09-03,14789.400390625,14704.2001953125,85.2001953125
2025-09-04,14918.2998046875,14789.400390625,128.8994140625
2025-09-05,14850.900390625,14918.2998046875,-67.3994140625
2025-09-08,15002.2001953125,14850.900390625,151.2998046875
2025-09-09,15023.900390625,15002.2001953125,21.7001953125
2025-09-10,15217.5,15023.900390625,193.599609375
2025-09-11,15321.2998046875,15217.5,103.7998046875
2025-09-12,15308.2001953125,15321.2998046875,-13.099609375
2025-09-15,15395.099609375,15308.2001953125,86.8994140625
2025-09-16,15163.2998046875,15395.099609375,-231.7998046875
2025-09-17,15127.2001953125,15163.2998046875,-36.099609375
2025-09-18,15175.400390625,15127.2001953125,48.2001953125
2025-09-19,15260.7001953125,15175.400390625,85.2998046875
2025-09-22,15082.5,15260.7001953125,-178.2001953125
2025-09-23,15158.2001953125,15082.5,75.7001953125
2025-09-24,15194.599609375,15158.2001953125,36.3994140625
2025-09-25,15153.7001953125,15194.599609375,-40.8994140625
2025-09-26,15350.400390625,15153.7001953125,196.7001953125
2025-09-29,15316.2998046875,15350.400390625,-34.1005859375
2025-09-30,15475.0,15316.2998046875,158.7001953125
2025-10-01,15538.7998046875,15475.0,63.7998046875
2025-10-02,15496.2001953125,15538.7998046875,-42.599609375
2025-10-03,15585.099609375,15496.2001953125,88.8994140625
2025-10-06,15556.7001953125,15585.099609375,-28.3994140625
2025-10-07,15527.0,15556.7001953125,-29.7001953125
2025-10-08,15678.2998046875,15527.0,151.2998046875
2025-10-09,15584.7998046875,15678.2998046875,-93.5
2025-10-10,15476.5,15584.7998046875,-108.2998046875
2025-10-13,15541.599609375,15476.5,65.099609375
2025-10-14,15586.400390625,15541.599609375,44.80078125
2025-10-15,15570.2998046875,15586.400390625,-16.1005859375
2025-10-16,15645.7998046875,15570.2998046875,75.5
2025-10-17,15601.099609375,15645.7998046875,-44.7001953125
2025-10-20,15828.2998046875,15601.099609375,227.2001953125
2025-10-21,15767.099609375,15828.2998046875,-61.2001953125
2025-10-22,15781.599609375,15767.099609375,14.5
2025-10-23,15792.2001953125,15781.599609375,10.6005859375
2025-10-24,15861.5,15792.2001953125,69.2998046875
2025-10-27,16000.2001953125,15861.5,138.7001953125
2025-10-28,16087.0,16000.2001953125,86.7998046875
2025-10-29,16150.099609375,16087.0,63.099609375
2025-10-30,16040.2998046875,16150.099609375,-109.7998046875
2025-10-31,16032.599609375,16040.2998046875,-7.7001953125
2025-11-03,16037.0,16032.599609375,4.400390625
2025-11-04,16036.400390625,16037.0,-0.599609375
2025-11-05,16098.400390625,16036.400390625,62.0
2025-11-06,16118.0,16098.400390625,19.599609375
2025-11-07,15901.400390625,16118.0,-216.599609375
2025-11-10,16182.5,15901.400390625,281.099609375
2025-11-11,16388.80078125,16182.5,206.30078125
2025-11-12,16615.80078125,16388.80078125,227.0
2025-11-13,16577.400390625,16615.80078125,-38.400390625
2025-11-14,16345.900390625,16577.400390625,-231.5
2025-11-17,16172.599609375,16345.900390625,-173.30078125
2025-11-18,15827.0,16172.599609375,-345.599609375
2025-11-19,15889.2998046875,15827.0,62.2998046875
2025-11-20,15988.900390625,15889.2998046875,99.6005859375
2025-11-21,15821.900390625,15988.900390625,-167.0
2025-11-24,15967.7998046875,15821.900390625,145.8994140625
2025-11-25,16140.900390625,15967.7998046875,173.1005859375
2025-11-26,16361.099609375,16140.900390625,220.19921875
2025-11-27,16361.7998046875,16361.099609375,0.7001953125
2025-11-28,16371.599609375,16361.7998046875,9.7998046875
2025-12-01,16389.0,16371.599609375,17.400390625
2025-12-02,16473.099609375,16389.0,84.099609375
2025-12-03,16585.69921875,16473.099609375,112.599609375
2025-12-04,16746.599609375,16585.69921875,160.900390625
2025-12-05,16688.5,16746.599609375,-58.099609375
2025-12-08,16712.19921875,16688.5,23.69921875
2025-12-09,16734.5,16712.19921875,22.30078125
2025-12-10,16762.5,16734.5,28.0
2025-12-11,16883.0,16762.5,120.5
2025-12-12,16854.400390625,16883.0,-28.599609375
2025-12-15,17041.400390625,16854.400390625,187.0
2025-12-16,16921.900390625,17041.400390625,-119.5
2025-12-17,16938.19921875,16921.900390625,16.298828125
2025-12-18,17132.599609375,16938.19921875,194.400390625
2025-12-19,17169.80078125,17132.599609375,37.201171875
2025-12-22,17158.0,17169.80078125,-11.80078125
2025-12-23,17182.80078125,17158.0,24.80078125
2025-12-24,17172.900390625,17182.80078125,-9.900390625
2025-12-29,17195.80078125,17172.900390625,22.900390625
2025-12-30,17354.900390625,17195.80078125,159.099609375
2025-12-31,17307.80078125,17354.900390625,-47.099609375
2026-01-02,17492.400390625,17307.80078125,184.599609375
2026-01-05,17614.400390625,17492.400390625,122.0
2026-01-06,17647.099609375,17614.400390625,32.69921875
2026-01-07,17596.400390625,17647.099609375,-50.69921875
2026-01-08,17654.69921875,17596.400390625,58.298828125
2026-01-09,17649.0,17654.69921875,-5.69921875
2026-01-12,17673.80078125,17649.0,24.80078125
2026-01-13,17687.099609375,17673.80078125,13.298828125
2026-01-14,17695.69921875,17687.099609375,8.599609375
2026-01-15,17642.69921875,17695.69921875,-53.0
2026-01-16,17710.900390625,17642.69921875,68.201171875
2026-01-19,17665.30078125,17710.900390625,-45.599609375
2026-01-20,17429.099609375,17665.30078125,-236.201171875
2026-01-21,17439.5,17429.099609375,10.400390625
2026-01-22,17663.400390625,17439.5,223.900390625
2026-01-23,17544.400390625,17663.400390625,-119.0
2026-01-26,17680.5,17544.400390625,136.099609375
2026-01-27,17804.099609375,17680.5,123.599609375
2026-01-28,17607.599609375,17804.099609375,-196.5
2026-01-29,17589.69921875,17607.599609375,-17.900390625
2026-01-30,17880.900390625,17589.69921875,291.201171875
2026-02-02,18115.19921875,17880.900390625,234.298828125
2026-02-03,18119.19921875,18115.19921875,4.0
2026-02-04,18102.5,18119.19921875,-16.69921875
2026-02-05,17746.30078125,18102.5,-356.19921875
2026-02-06,17943.30078125,17746.30078125,197.0
2026-02-09,18195.099609375,17943.30078125,251.798828125
2026-02-10,18122.099609375,18195.099609375,-73.0
2026-02-11,18044.5,18122.099609375,-77.599609375
2026-02-12,17896.900390625,18044.5,-147.599609375
2026-02-13,17672.400390625,17896.900390625,-224.5
2026-02-16,17848.0,17672.400390625,175.599609375
2026-02-17,17955.400390625,17848.0,107.400390625
2026-02-18,18197.900390625,17955.400390625,242.5
2026-02-19,18017.5,18197.900390625,-180.400390625
2026-02-20,18186.0,18017.5,168.5
2026-02-23,18288.69921875,18186.0,102.69921875
2026-02-24,18189.5,18288.69921875,-99.19921875
2026-02-25,18461.0,18189.5,271.5
2026-02-26,18496.599609375,18461.0,35.599609375
2026-02-27,18360.80078125,18496.599609375,-135.798828125
2026-03-02,17878.900390625,18360.80078125,-481.900390625
2026-03-03,17062.400390625,17878.900390625,-816.5
2026-03-04,17487.0,17062.400390625,424.599609375
2026-03-05,17245.19921875,17487.0,-241.80078125
2026-03-06,17074.400390625,17245.19921875,-170.798828125
2026-03-09,16928.19921875,17074.400390625,-146.201171875
2026-03-10,17445.0,16928.19921875,516.80078125
2026-03-11,17351.900390625,17445.0,-93.099609375
2026-03-12,17139.900390625,17351.900390625,-212.0
2026-03-13,17059.30078125,17139.900390625,-80.599609375
2026-03-16,17089.400390625,17059.30078125,30.099609375
2026-03-17,17248.69921875,17089.400390625,159.298828125
2026-03-18,17299.099609375,17248.69921875,50.400390625
2026-03-19,16905.900390625,17299.099609375,-393.19921875
2026-03-20,16714.0,16905.900390625,-191.900390625
2026-03-23,16888.19921875,16714.0,174.19921875
